order_id,order_date,customer_id,age,gender,country,city,signup_date,customer_segment,acquisition_channel,product_category,quantity,unit_price,discount_pct,shipping_cost,payment_method,device_type,delivery_days,order_status,review_rating,gross_amount,discount_amount,total_amount,net_revenue,customer_tenure_days,age_group,order_value_tier,order_month,order_weekday,is_returned,has_review
ORD100305,2024-04-25,C1122,36,Male,Cambodia,Phnom Penh,2024-03-21,VIP,Referral,Beauty,1,37.4,5.0,9.99,Credit Card,Desktop,7.0,Returned,3.0,37.4,1.87,45.52,0.0,35,35-44,Low (<$50),2024-04,Thursday,1,1
ORD101283,2024-12-14,C1328,21,Male,Cambodia,Sihanoukville,2023-12-11,New,Organic Search,Home & Kitchen,2,74.12,0.0,0.0,E-Wallet,Desktop,4.0,Delivered,3.0,148.24,0.0,148.24,148.24,369,18-24,Medium ($50-150),2024-12,Saturday,0,1
ORD100368,2024-05-11,C1045,36,Female,Indonesia,Surabaya,2023-04-22,Regular,Organic Search,Electronics,1,312.1,15.0,0.0,Cash on Delivery,Mobile,,Cancelled,,312.1,46.82,265.28,0.0,385,35-44,High ($150-400),2024-05,Saturday,0,0
ORD100479,2024-06-08,C1187,21,Male,Cambodia,Battambang,2024-06-07,Regular,Paid Ads,Books,2,8.91,15.0,9.99,Bank Transfer,Mobile,8.0,Delivered,4.0,17.82,2.67,25.14,25.14,1,18-24,Low (<$50),2024-06,Saturday,0,1
ORD101537,2025-02-19,C1302,44,Female,Thailand,Bangkok,2023-02-20,Regular,Referral,Fashion,1,96.68,15.0,2.99,Cash on Delivery,Mobile,7.0,Delivered,4.0,96.68,14.5,85.17,85.17,730,35-44,Medium ($50-150),2025-02,Wednesday,0,1
ORD101674,2025-04-02,C1835,24,Female,Cambodia,Phnom Penh,2023-04-13,New,Referral,Electronics,1,103.25,10.0,2.99,E-Wallet,Desktop,,Cancelled,,103.25,10.32,95.92,0.0,720,18-24,Medium ($50-150),2025-04,Wednesday,0,0
ORD100519,2024-06-18,C1747,40,Female,Vietnam,Ho Chi Minh City,2022-10-30,New,Organic Search,Home & Kitchen,1,134.52,15.0,0.0,E-Wallet,Mobile,7.0,Delivered,,134.52,20.18,114.34,114.34,597,35-44,Medium ($50-150),2024-06,Tuesday,0,0
ORD101982,2025-06-25,C1686,43,Male,Cambodia,Sihanoukville,2023-10-18,Regular,Email,Sports,4,47.68,0.0,0.0,Credit Card,Mobile,11.0,Delivered,4.0,190.72,0.0,190.72,190.72,616,35-44,High ($150-400),2025-06,Wednesday,0,1
ORD101873,2025-05-31,C1056,31,Male,Cambodia,Sihanoukville,2022-09-29,New,Social Media,Electronics,2,149.88,0.0,0.0,Cash on Delivery,Mobile,1.0,Returned,3.0,299.76,0.0,299.76,0.0,975,25-34,High ($150-400),2025-05,Saturday,1,1
ORD100100,2024-02-10,C1404,40,Female,Cambodia,Siem Reap,2023-08-18,VIP,Referral,Fashion,1,59.88,20.0,2.99,Cash on Delivery,Mobile,6.0,Delivered,2.0,59.88,11.98,50.89,50.89,176,35-44,Medium ($50-150),2024-02,Saturday,0,1
ORD101261,2024-12-11,C1639,40,Female,Malaysia,Penang,2022-07-10,VIP,Email,Fashion,3,69.19,5.0,0.0,Credit Card,Mobile,3.0,Delivered,,207.57,10.38,197.19,197.19,885,35-44,High ($150-400),2024-12,Wednesday,0,0
ORD100111,2024-02-14,C1514,43,Male,Singapore,Singapore,2022-09-29,New,Organic Search,Home & Kitchen,4,59.07,0.0,0.0,Bank Transfer,Mobile,,Cancelled,,236.28,0.0,236.28,0.0,503,35-44,High ($150-400),2024-02,Wednesday,0,0
ORD101822,2025-05-17,C1736,43,Female,Vietnam,Ho Chi Minh City,2024-05-22,VIP,Email,Electronics,1,19.89,10.0,6.99,E-Wallet,Mobile,11.0,Returned,1.0,19.89,1.99,24.89,0.0,360,35-44,Low (<$50),2025-05,Saturday,1,1
ORD100070,2024-01-29,C1312,53,Female,Thailand,Chiang Mai,2023-05-19,Regular,Organic Search,Beauty,1,40.33,0.0,6.99,E-Wallet,Mobile,6.0,Delivered,4.0,40.33,0.0,47.32,47.32,255,45-54,Low (<$50),2024-01,Monday,0,1
ORD101107,2024-11-12,C1319,21,Female,Vietnam,Da Nang,2023-11-08,Regular,Referral,Electronics,2,130.29,10.0,0.0,E-Wallet,Desktop,4.0,Returned,2.0,260.58,26.06,234.52,0.0,370,18-24,High ($150-400),2024-11,Tuesday,1,1
ORD101007,2024-10-22,C1684,29,Male,Cambodia,Siem Reap,2024-02-23,Regular,Paid Ads,Home & Kitchen,2,46.66,0.0,2.99,Credit Card,Desktop,7.0,Delivered,,93.32,0.0,96.31,96.31,242,25-34,Medium ($50-150),2024-10,Tuesday,0,0
ORD100530,2024-06-20,C1787,32,Female,Vietnam,Ho Chi Minh City,2023-07-20,Regular,Email,Fashion,2,103.27,0.0,0.0,Credit Card,Desktop,4.0,Returned,,206.54,0.0,206.54,0.0,336,25-34,High ($150-400),2024-06,Thursday,1,0
ORD100982,2024-10-16,C1623,27,Male,Singapore,Singapore,2022-04-30,VIP,Email,Electronics,2,3.0,5.0,2.99,Bank Transfer,Mobile,,Cancelled,,6.0,0.3,8.69,0.0,900,25-34,Low (<$50),2024-10,Wednesday,0,0
ORD100361,2024-05-10,C1223,22,Female,Cambodia,Phnom Penh,2023-02-26,New,Referral,Fashion,2,20.16,0.0,2.99,Credit Card,Desktop,,Cancelled,,40.32,0.0,43.31,0.0,439,18-24,Low (<$50),2024-05,Friday,0,0
ORD100707,2024-08-08,C1487,39,Female,Singapore,Singapore,2024-01-18,New,Social Media,Fashion,1,10.04,0.0,9.99,Credit Card,Mobile,2.0,Delivered,5.0,10.04,0.0,20.03,20.03,203,35-44,Low (<$50),2024-08,Thursday,0,1
ORD100056,2024-01-23,C1457,25,Female,Vietnam,Da Nang,2022-06-26,Regular,Organic Search,Books,3,16.33,0.0,4.99,Bank Transfer,Mobile,,Cancelled,,48.99,0.0,53.98,0.0,576,25-34,Medium ($50-150),2024-01,Tuesday,0,0
ORD100818,2024-09-02,C1832,22,Female,Vietnam,Ho Chi Minh City,2024-04-19,VIP,Social Media,Sports,1,45.82,5.0,2.99,Cash on Delivery,Mobile,4.0,Delivered,5.0,45.82,2.29,46.52,46.52,136,18-24,Low (<$50),2024-09,Monday,0,1
ORD101073,2024-11-06,C1555,31,Female,Vietnam,Da Nang,2022-12-22,Regular,Email,Home & Kitchen,1,8.35,0.0,6.99,Credit Card,Mobile,10.0,Delivered,2.0,8.35,0.0,15.34,15.34,685,25-34,Low (<$50),2024-11,Wednesday,0,1
ORD100281,2024-04-20,C1051,41,Male,Cambodia,Battambang,2022-06-01,Regular,Organic Search,Electronics,2,158.12,5.0,0.0,E-Wallet,Mobile,8.0,Delivered,4.0,316.24,15.81,300.43,300.43,689,35-44,High ($150-400),2024-04,Saturday,0,1
ORD101259,2024-12-11,C1693,18,Female,Cambodia,Sihanoukville,2023-09-11,VIP,Paid Ads,Home & Kitchen,1,91.43,15.0,2.99,Cash on Delivery,Desktop,4.0,Delivered,4.0,91.43,13.71,80.71,80.71,457,18-24,Medium ($50-150),2024-12,Wednesday,0,1
ORD101473,2025-01-25,C1651,32,Male,Philippines,Cebu,2024-05-14,New,Organic Search,Fashion,1,3.0,10.0,9.99,Bank Transfer,Desktop,10.0,Delivered,4.0,3.0,0.3,12.69,12.69,256,25-34,Low (<$50),2025-01,Saturday,0,1
ORD101120,2024-11-14,C1247,54,Male,Vietnam,Hanoi,2024-02-14,VIP,Organic Search,Fashion,1,79.24,0.0,4.99,Credit Card,Mobile,2.0,Delivered,4.0,79.24,0.0,84.23,84.23,274,45-54,Medium ($50-150),2024-11,Thursday,0,1
ORD101316,2024-12-18,C1669,18,Female,Cambodia,Battambang,2023-02-03,VIP,Email,Home & Kitchen,3,73.21,10.0,0.0,PayPal,Desktop,2.0,Delivered,,219.63,21.96,197.67,197.67,684,18-24,High ($150-400),2024-12,Wednesday,0,0
ORD100618,2024-07-15,C1486,25,Male,Cambodia,Siem Reap,2022-05-17,Regular,Organic Search,Beauty,3,38.05,30.0,9.99,Cash on Delivery,Desktop,6.0,Delivered,4.0,114.15,34.24,89.9,89.9,790,25-34,Medium ($50-150),2024-07,Monday,0,1
ORD101860,2025-05-28,C1595,29,Female,Thailand,Bangkok,2024-06-03,VIP,Social Media,Fashion,3,4.42,20.0,4.99,Cash on Delivery,Mobile,5.0,Delivered,3.0,13.26,2.65,15.6,15.6,359,25-34,Low (<$50),2025-05,Wednesday,0,1
ORD101566,2025-02-28,C1579,38,Male,Singapore,Singapore,2022-07-20,Regular,Referral,Sports,2,78.76,0.0,0.0,Bank Transfer,Mobile,11.0,Delivered,,157.52,0.0,157.52,157.52,954,35-44,High ($150-400),2025-02,Friday,0,0
ORD100211,2024-03-29,C1324,54,Female,Philippines,Manila,2023-07-24,VIP,Organic Search,Electronics,1,355.86,5.0,0.0,E-Wallet,Mobile,,Cancelled,,355.86,17.79,338.07,0.0,249,45-54,High ($150-400),2024-03,Friday,0,0
ORD101298,2024-12-16,C1445,18,Female,Cambodia,Sihanoukville,2024-04-21,New,Social Media,Fashion,1,49.31,0.0,2.99,E-Wallet,Mobile,,Cancelled,,49.31,0.0,52.3,0.0,239,18-24,Medium ($50-150),2024-12,Monday,0,0
ORD101861,2025-05-28,C1427,53,Female,Malaysia,Penang,2024-06-22,New,Paid Ads,Beauty,1,47.15,10.0,2.99,E-Wallet,Mobile,3.0,Delivered,5.0,47.15,4.72,45.42,45.42,340,45-54,Low (<$50),2025-05,Wednesday,0,1
ORD101652,2025-03-26,C1721,46,Female,Thailand,Phuket,2022-01-12,Regular,Organic Search,Beauty,1,57.79,30.0,9.99,Bank Transfer,Tablet,11.0,Delivered,3.0,57.79,17.34,50.44,50.44,1169,45-54,Medium ($50-150),2025-03,Wednesday,0,1
ORD101953,2025-06-17,C1399,26,Female,Vietnam,Hanoi,2024-08-25,VIP,Organic Search,Sports,3,3.0,10.0,6.99,Credit Card,Mobile,5.0,Delivered,,9.0,0.9,15.09,15.09,296,25-34,Low (<$50),2025-06,Tuesday,0,0
ORD100124,2024-02-21,C1703,33,Female,Cambodia,Siem Reap,2023-06-05,New,Organic Search,Sports,3,81.97,0.0,0.0,E-Wallet,Mobile,3.0,Delivered,,245.91,0.0,245.91,245.91,261,25-34,High ($150-400),2024-02,Wednesday,0,0
ORD100422,2024-05-25,C1348,18,Female,Philippines,Davao,2023-10-18,Regular,Paid Ads,Home & Kitchen,4,83.17,15.0,0.0,Credit Card,Mobile,8.0,Delivered,4.0,332.68,49.9,282.78,282.78,220,18-24,High ($150-400),2024-05,Saturday,0,1
ORD101587,2025-03-06,C1680,43,Female,Thailand,Chiang Mai,2024-03-11,New,Social Media,Sports,2,25.27,0.0,9.99,Bank Transfer,Desktop,4.0,Delivered,3.0,50.54,0.0,60.53,60.53,360,35-44,Medium ($50-150),2025-03,Thursday,0,1
ORD101089,2024-11-07,C1534,18,Male,Cambodia,Battambang,2023-11-27,Regular,Social Media,Fashion,1,8.07,0.0,6.99,Cash on Delivery,Tablet,7.0,Delivered,3.0,8.07,0.0,15.06,15.06,346,18-24,Low (<$50),2024-11,Thursday,0,1
ORD101144,2024-11-18,C1707,34,Male,Philippines,Cebu,2023-11-04,Regular,Organic Search,Books,1,15.22,0.0,6.99,Credit Card,Tablet,5.0,Delivered,2.0,15.22,0.0,22.21,22.21,380,25-34,Low (<$50),2024-11,Monday,0,1
ORD100561,2024-06-30,C1608,18,Female,Cambodia,Phnom Penh,2022-08-05,Regular,Email,Fashion,1,90.27,15.0,6.99,E-Wallet,Mobile,2.0,Returned,2.0,90.27,13.54,83.72,0.0,695,18-24,Medium ($50-150),2024-06,Sunday,1,1
ORD100865,2024-09-13,C1087,34,Female,Vietnam,Da Nang,2024-04-28,Regular,Social Media,Electronics,1,187.01,5.0,0.0,Credit Card,Mobile,6.0,Delivered,,187.01,9.35,177.66,177.66,138,25-34,High ($150-400),2024-09,Friday,0,0
ORD100464,2024-06-05,C1195,24,Male,Cambodia,Phnom Penh,2024-05-28,New,Organic Search,Home & Kitchen,1,115.91,20.0,2.99,Bank Transfer,Desktop,9.0,Delivered,,115.91,23.18,95.72,95.72,8,18-24,Medium ($50-150),2024-06,Wednesday,0,0
ORD100029,2024-01-14,C1492,31,Female,Thailand,Phuket,2024-01-02,New,Referral,Electronics,1,212.09,0.0,0.0,Bank Transfer,Tablet,1.0,Delivered,,212.09,0.0,212.09,212.09,12,25-34,High ($150-400),2024-01,Sunday,0,0
ORD101972,2025-06-22,C1444,30,Male,Cambodia,Phnom Penh,2023-02-18,VIP,Email,Fashion,1,3.0,10.0,6.99,E-Wallet,Tablet,1.0,Delivered,,3.0,0.3,9.69,9.69,855,25-34,Low (<$50),2025-06,Sunday,0,0
ORD100471,2024-06-07,C1065,43,Female,Thailand,Bangkok,2022-06-21,VIP,Email,Electronics,3,113.45,15.0,0.0,Credit Card,Desktop,9.0,Delivered,,340.35,51.05,289.3,289.3,717,35-44,High ($150-400),2024-06,Friday,0,0
ORD100942,2024-10-04,C1398,40,Male,Vietnam,Hanoi,2024-03-25,Regular,Email,Electronics,3,203.95,10.0,0.0,Credit Card,Mobile,2.0,Delivered,4.0,611.85,61.18,550.67,550.67,193,35-44,Premium (>$400),2024-10,Friday,0,1
ORD100602,2024-07-11,C1314,43,Female,Malaysia,Kuala Lumpur,2024-07-10,VIP,Social Media,Home & Kitchen,2,65.31,0.0,0.0,Bank Transfer,Desktop,2.0,Delivered,4.0,130.62,0.0,130.62,130.62,1,35-44,Medium ($50-150),2024-07,Thursday,0,1
ORD100746,2024-08-18,C1269,34,Male,Thailand,Chiang Mai,2023-08-12,Regular,Social Media,Home & Kitchen,1,90.37,0.0,2.99,E-Wallet,Mobile,3.0,Delivered,4.0,90.37,0.0,93.36,93.36,372,25-34,Medium ($50-150),2024-08,Sunday,0,1
ORD100350,2024-05-07,C1777,38,Male,Vietnam,Da Nang,2023-10-24,Regular,Social Media,Fashion,4,20.0,20.0,9.99,E-Wallet,Mobile,2.0,Returned,3.0,80.0,16.0,73.99,0.0,196,35-44,Medium ($50-150),2024-05,Tuesday,1,1
ORD100196,2024-03-24,C1684,29,Male,Cambodia,Siem Reap,2024-02-23,Regular,Paid Ads,Sports,2,27.87,0.0,4.99,Cash on Delivery,Desktop,6.0,Delivered,,55.74,0.0,60.73,60.73,30,25-34,Medium ($50-150),2024-03,Sunday,0,0
ORD101449,2025-01-17,C1699,32,Male,Indonesia,Jakarta,2024-07-27,Regular,Organic Search,Sports,3,20.65,0.0,6.99,Cash on Delivery,Mobile,4.0,Delivered,5.0,61.95,0.0,68.94,68.94,174,25-34,Medium ($50-150),2025-01,Friday,0,1
ORD100394,2024-05-18,C1366,26,Female,Thailand,Bangkok,2022-05-17,Regular,Social Media,Home & Kitchen,1,155.8,10.0,0.0,Credit Card,Desktop,1.0,Returned,2.0,155.8,15.58,140.22,0.0,732,25-34,Medium ($50-150),2024-05,Saturday,1,1
ORD101420,2025-01-06,C1328,21,Male,Cambodia,Sihanoukville,2023-12-11,New,Organic Search,Home & Kitchen,5,64.12,0.0,0.0,E-Wallet,Mobile,11.0,Delivered,2.0,320.6,0.0,320.6,320.6,392,18-24,High ($150-400),2025-01,Monday,0,1
ORD100485,2024-06-09,C1638,40,Female,Cambodia,Sihanoukville,2023-04-20,VIP,Social Media,Fashion,2,37.11,0.0,6.99,E-Wallet,Mobile,8.0,Delivered,,74.22,0.0,81.21,81.21,416,35-44,Medium ($50-150),2024-06,Sunday,0,0
ORD101317,2024-12-18,C1021,27,Female,Cambodia,Battambang,2023-08-06,Regular,Organic Search,Toys,1,7.49,0.0,2.99,E-Wallet,Mobile,4.0,Delivered,5.0,7.49,0.0,10.48,10.48,500,25-34,Low (<$50),2024-12,Wednesday,0,1
ORD101809,2025-05-13,C1774,34,Female,Malaysia,Penang,2023-12-05,VIP,Organic Search,Books,1,25.84,5.0,4.99,E-Wallet,Desktop,2.0,Delivered,4.0,25.84,1.29,29.54,29.54,525,25-34,Low (<$50),2025-05,Tuesday,0,1
ORD101824,2025-05-17,C1460,37,Female,Vietnam,Da Nang,2024-04-06,Regular,Email,Fashion,2,39.99,0.0,4.99,Cash on Delivery,Desktop,5.0,Delivered,3.0,79.98,0.0,84.97,84.97,406,35-44,Medium ($50-150),2025-05,Saturday,0,1
ORD101057,2024-11-03,C1639,40,Female,Malaysia,Penang,2022-07-10,VIP,Email,Fashion,2,41.64,0.0,4.99,Bank Transfer,Mobile,4.0,Returned,3.0,83.28,0.0,88.27,0.0,847,35-44,Medium ($50-150),2024-11,Sunday,1,1
ORD100637,2024-07-21,C1754,54,Female,Malaysia,Penang,2022-11-07,Regular,Organic Search,Electronics,1,351.7,15.0,0.0,Bank Transfer,Tablet,10.0,Delivered,3.0,351.7,52.76,298.94,298.94,622,45-54,High ($150-400),2024-07,Sunday,0,1
ORD100538,2024-06-23,C1186,34,Male,Cambodia,Battambang,2023-06-09,Regular,Referral,Fashion,1,83.84,0.0,9.99,E-Wallet,Mobile,2.0,Delivered,3.0,83.84,0.0,93.83,93.83,380,25-34,Medium ($50-150),2024-06,Sunday,0,1
ORD100745,2024-08-18,C1346,27,Male,Cambodia,Siem Reap,2022-10-03,Regular,Paid Ads,Fashion,1,39.84,0.0,6.99,Cash on Delivery,Mobile,4.0,Delivered,4.0,39.84,0.0,46.83,46.83,685,25-34,Low (<$50),2024-08,Sunday,0,1
ORD100576,2024-07-04,C1477,21,Female,Philippines,Cebu,2022-09-30,VIP,Social Media,Fashion,5,22.58,0.0,2.99,E-Wallet,Tablet,7.0,Returned,3.0,112.9,0.0,115.89,0.0,643,18-24,Medium ($50-150),2024-07,Thursday,1,1
ORD100994,2024-10-19,C1366,26,Female,Thailand,Bangkok,2022-05-17,Regular,Social Media,Sports,1,108.31,10.0,4.99,Credit Card,Desktop,8.0,Returned,2.0,108.31,10.83,102.47,0.0,886,25-34,Medium ($50-150),2024-10,Saturday,1,1
ORD100065,2024-01-26,C1566,32,Male,Malaysia,Kuala Lumpur,2023-01-29,VIP,Organic Search,Fashion,1,76.43,15.0,6.99,Credit Card,Desktop,2.0,Delivered,5.0,76.43,11.46,71.96,71.96,362,25-34,Medium ($50-150),2024-01,Friday,0,1
ORD101565,2025-02-27,C1664,33,Male,Philippines,Manila,2023-12-26,VIP,Social Media,Beauty,3,12.51,5.0,9.99,E-Wallet,Tablet,1.0,Delivered,5.0,37.53,1.88,45.64,45.64,429,25-34,Low (<$50),2025-02,Thursday,0,1
ORD101981,2025-06-24,C1316,35,Female,Vietnam,Hanoi,2023-05-23,VIP,Paid Ads,Fashion,3,51.27,10.0,0.0,Credit Card,Desktop,2.0,Delivered,,153.81,15.38,138.43,138.43,763,35-44,Medium ($50-150),2025-06,Tuesday,0,0
ORD100999,2024-10-20,C1678,38,Female,Vietnam,Ho Chi Minh City,2023-06-16,VIP,Organic Search,Electronics,1,475.53,20.0,0.0,Credit Card,Desktop,2.0,Delivered,5.0,475.53,95.11,380.42,380.42,492,35-44,High ($150-400),2024-10,Sunday,0,1
ORD100582,2024-07-06,C1734,37,Male,Cambodia,Phnom Penh,2022-11-14,New,Organic Search,Electronics,1,374.73,10.0,0.0,Cash on Delivery,Mobile,,Cancelled,,374.73,37.47,337.26,0.0,600,35-44,High ($150-400),2024-07,Saturday,0,0
ORD100704,2024-08-07,C1576,49,Male,Cambodia,Sihanoukville,2022-09-26,New,Email,Home & Kitchen,3,42.83,0.0,0.0,E-Wallet,Mobile,10.0,Delivered,,128.49,0.0,128.49,128.49,681,45-54,Medium ($50-150),2024-08,Wednesday,0,0
ORD101210,2024-11-30,C1208,24,Female,Vietnam,Da Nang,2022-12-13,Regular,Organic Search,Fashion,2,61.93,25.0,0.0,Credit Card,Desktop,,Cancelled,,123.86,30.96,92.9,0.0,718,18-24,Medium ($50-150),2024-11,Saturday,0,0
ORD101599,2025-03-08,C1614,25,Male,Cambodia,Battambang,2023-01-23,VIP,Social Media,Home & Kitchen,3,141.36,10.0,0.0,Credit Card,Mobile,11.0,Delivered,,424.08,42.41,381.67,381.67,775,25-34,High ($150-400),2025-03,Saturday,0,0
ORD101102,2024-11-10,C1213,29,Male,Cambodia,Siem Reap,2022-09-20,Regular,Email,Beauty,2,29.54,0.0,6.99,PayPal,Tablet,11.0,Returned,,59.08,0.0,66.07,0.0,782,25-34,Medium ($50-150),2024-11,Sunday,1,0
ORD100921,2024-09-26,C1140,39,Female,Vietnam,Hanoi,2022-05-23,Regular,Paid Ads,Home & Kitchen,2,63.89,0.0,0.0,E-Wallet,Mobile,2.0,Delivered,3.0,127.78,0.0,127.78,127.78,857,35-44,Medium ($50-150),2024-09,Thursday,0,1
ORD100414,2024-05-23,C1047,36,Male,Philippines,Davao,2022-06-28,VIP,Organic Search,Home & Kitchen,1,78.26,15.0,4.99,Credit Card,Tablet,9.0,Delivered,4.0,78.26,11.74,71.51,71.51,695,35-44,Medium ($50-150),2024-05,Thursday,0,1
ORD100450,2024-06-01,C1760,48,Male,Singapore,Singapore,2022-11-29,New,Paid Ads,Electronics,3,145.2,5.0,0.0,Cash on Delivery,Mobile,2.0,Delivered,3.0,435.6,21.78,413.82,413.82,550,45-54,Premium (>$400),2024-06,Saturday,0,1
ORD100889,2024-09-19,C1571,33,Female,Singapore,Singapore,2024-09-18,Regular,Organic Search,Home & Kitchen,3,3.0,0.0,2.99,E-Wallet,Tablet,6.0,Delivered,,9.0,0.0,11.99,11.99,1,25-34,Low (<$50),2024-09,Thursday,0,0
ORD100128,2024-02-23,C1023,32,Male,Singapore,Singapore,2023-04-22,VIP,Email,Fashion,3,77.92,0.0,0.0,Bank Transfer,Mobile,2.0,Delivered,4.0,233.76,0.0,233.76,233.76,307,25-34,High ($150-400),2024-02,Friday,0,1
ORD101820,2025-05-16,C1735,36,Female,Thailand,Bangkok,2023-11-20,VIP,Social Media,Sports,1,127.18,15.0,0.0,Credit Card,Desktop,6.0,Delivered,4.0,127.18,19.08,108.1,108.1,543,35-44,Medium ($50-150),2025-05,Friday,0,1
ORD100554,2024-06-30,C1302,44,Female,Thailand,Bangkok,2023-02-20,Regular,Referral,Beauty,1,36.06,0.0,9.99,Cash on Delivery,Desktop,8.0,Delivered,4.0,36.06,0.0,46.05,46.05,496,35-44,Low (<$50),2024-06,Sunday,0,1
ORD100944,2024-10-04,C1225,37,Male,Vietnam,Ho Chi Minh City,2022-02-27,Regular,Social Media,Electronics,1,286.85,0.0,0.0,Credit Card,Desktop,2.0,Delivered,4.0,286.85,0.0,286.85,286.85,950,35-44,High ($150-400),2024-10,Friday,0,1
ORD100298,2024-04-22,C1729,22,Female,Cambodia,Phnom Penh,2023-07-28,New,Social Media,Toys,1,12.1,20.0,2.99,Credit Card,Mobile,3.0,Delivered,4.0,12.1,2.42,12.67,12.67,269,18-24,Low (<$50),2024-04,Monday,0,1
ORD100231,2024-04-03,C1013,46,Female,Cambodia,Siem Reap,2022-03-15,New,Referral,Fashion,2,68.59,10.0,0.0,Bank Transfer,Tablet,2.0,Delivered,,137.18,13.72,123.46,123.46,750,45-54,Medium ($50-150),2024-04,Wednesday,0,0
ORD101146,2024-11-19,C1021,27,Female,Cambodia,Battambang,2023-08-06,Regular,Organic Search,Fashion,2,14.96,0.0,6.99,E-Wallet,Mobile,9.0,Delivered,4.0,29.92,0.0,36.91,36.91,471,25-34,Low (<$50),2024-11,Tuesday,0,1
ORD101027,2024-10-29,C1506,61,Male,Philippines,Cebu,2022-01-24,VIP,Paid Ads,Electronics,1,196.18,25.0,0.0,PayPal,Mobile,6.0,Delivered,4.0,196.18,49.04,147.14,147.14,1009,55+,Medium ($50-150),2024-10,Tuesday,0,1
ORD100861,2024-09-12,C1330,51,Male,Vietnam,Ho Chi Minh City,2023-10-07,New,Email,Electronics,1,398.05,10.0,0.0,Credit Card,Desktop,2.0,Delivered,5.0,398.05,39.8,358.25,358.25,341,45-54,High ($150-400),2024-09,Thursday,0,1
ORD101425,2025-01-08,C1484,33,Female,Cambodia,Sihanoukville,2023-10-18,Regular,Social Media,Toys,1,29.66,0.0,9.99,Credit Card,Desktop,6.0,Delivered,5.0,29.66,0.0,39.65,39.65,448,25-34,Low (<$50),2025-01,Wednesday,0,1
ORD100307,2024-04-25,C1331,41,Male,Philippines,Davao,2022-09-17,New,Email,Fashion,1,42.57,0.0,6.99,Credit Card,Tablet,3.0,Delivered,4.0,42.57,0.0,49.56,49.56,586,35-44,Low (<$50),2024-04,Thursday,0,1
ORD101078,2024-11-07,C1602,48,Female,Thailand,Phuket,2024-05-29,VIP,Organic Search,Beauty,2,64.38,5.0,0.0,Bank Transfer,Mobile,10.0,Delivered,4.0,128.76,6.44,122.32,122.32,162,45-54,Medium ($50-150),2024-11,Thursday,0,1
ORD100210,2024-03-28,C1716,34,Female,Vietnam,Ho Chi Minh City,2022-09-01,VIP,Paid Ads,Fashion,1,20.0,20.0,4.99,Credit Card,Mobile,9.0,Delivered,,20.0,4.0,20.99,20.99,574,25-34,Low (<$50),2024-03,Thursday,0,0
ORD100344,2024-05-05,C1170,27,Male,Thailand,Chiang Mai,2023-04-17,New,Social Media,Fashion,1,67.28,0.0,4.99,Credit Card,Desktop,7.0,Delivered,,67.28,0.0,72.27,72.27,384,25-34,Medium ($50-150),2024-05,Sunday,0,0
ORD101336,2024-12-22,C1166,44,Female,Vietnam,Ho Chi Minh City,2024-05-06,VIP,Social Media,Books,1,3.28,5.0,2.99,Bank Transfer,Mobile,8.0,Delivered,4.0,3.28,0.16,6.11,6.11,230,35-44,Low (<$50),2024-12,Sunday,0,1
ORD101100,2024-11-10,C1342,35,Female,Thailand,Phuket,2023-03-07,VIP,Referral,Beauty,3,69.22,30.0,0.0,E-Wallet,Tablet,10.0,Delivered,,207.66,62.3,145.36,145.36,614,35-44,Medium ($50-150),2024-11,Sunday,0,0
ORD100914,2024-09-25,C1189,52,Male,Cambodia,Phnom Penh,2023-04-24,Regular,Email,Electronics,4,311.85,5.0,0.0,Credit Card,Mobile,3.0,Delivered,,1247.4,62.37,1185.03,1185.03,520,45-54,Premium (>$400),2024-09,Wednesday,0,0
ORD101208,2024-11-29,C1723,18,Male,Indonesia,Surabaya,2022-01-20,VIP,Social Media,Books,2,17.9,10.0,9.99,Cash on Delivery,Mobile,8.0,Delivered,4.0,35.8,3.58,42.21,42.21,1044,18-24,Low (<$50),2024-11,Friday,0,1
ORD100433,2024-05-28,C1685,29,Female,Cambodia,Sihanoukville,2024-03-11,New,Referral,Electronics,2,100.88,10.0,0.0,Credit Card,Mobile,9.0,Delivered,2.0,201.76,20.18,181.58,181.58,78,25-34,High ($150-400),2024-05,Tuesday,0,1
ORD100069,2024-01-28,C1389,18,Female,Cambodia,Siem Reap,2023-07-21,New,Organic Search,Home & Kitchen,1,85.32,5.0,2.99,PayPal,Mobile,11.0,Returned,,85.32,4.27,84.04,0.0,191,18-24,Medium ($50-150),2024-01,Sunday,1,0
ORD101125,2024-11-15,C1097,23,Female,Cambodia,Sihanoukville,2023-10-26,Regular,Social Media,Electronics,1,192.28,0.0,0.0,Credit Card,Mobile,8.0,Delivered,3.0,192.28,0.0,192.28,192.28,386,18-24,High ($150-400),2024-11,Friday,0,1
ORD100931,2024-09-30,C1146,34,Female,Cambodia,Phnom Penh,2022-03-19,VIP,Paid Ads,Electronics,1,165.04,30.0,0.0,Cash on Delivery,Desktop,4.0,Delivered,5.0,165.04,49.51,115.53,115.53,926,25-34,Medium ($50-150),2024-09,Monday,0,1
ORD101177,2024-11-25,C1164,43,Female,Cambodia,Sihanoukville,2023-03-30,VIP,Social Media,Electronics,2,100.53,5.0,0.0,E-Wallet,Desktop,6.0,Delivered,4.0,201.06,10.05,191.01,191.01,606,35-44,High ($150-400),2024-11,Monday,0,1
ORD100973,2024-10-15,C1789,32,Male,Singapore,Singapore,2022-12-05,VIP,Paid Ads,Books,1,28.68,5.0,2.99,Credit Card,Desktop,2.0,Delivered,,28.68,1.43,30.24,30.24,680,25-34,Low (<$50),2024-10,Tuesday,0,0
ORD100233,2024-04-05,C1569,36,Female,Cambodia,Siem Reap,2022-11-19,VIP,Organic Search,Electronics,1,187.08,10.0,0.0,Cash on Delivery,Mobile,,Cancelled,,187.08,18.71,168.37,0.0,503,35-44,High ($150-400),2024-04,Friday,0,0
ORD100275,2024-04-18,C1079,31,Female,Thailand,Bangkok,2023-07-26,Regular,Social Media,Sports,1,20.71,5.0,9.99,E-Wallet,Mobile,7.0,Delivered,,20.71,1.04,29.66,29.66,267,25-34,Low (<$50),2024-04,Thursday,0,0
ORD101641,2025-03-24,C1614,25,Male,Cambodia,Battambang,2023-01-23,VIP,Social Media,Electronics,2,206.4,0.0,0.0,Cash on Delivery,Mobile,6.0,Delivered,4.0,412.8,0.0,412.8,412.8,791,25-34,Premium (>$400),2025-03,Monday,0,1
ORD100572,2024-07-03,C1493,39,Female,Vietnam,Ho Chi Minh City,2022-03-16,VIP,Organic Search,Fashion,2,47.41,5.0,4.99,PayPal,Mobile,5.0,Delivered,4.0,94.82,4.74,95.07,95.07,840,35-44,Medium ($50-150),2024-07,Wednesday,0,1
ORD100099,2024-02-10,C1384,18,Male,Cambodia,Battambang,2023-04-25,VIP,Organic Search,Books,3,27.26,0.0,4.99,Cash on Delivery,Mobile,4.0,Delivered,4.0,81.78,0.0,86.77,86.77,291,18-24,Medium ($50-150),2024-02,Saturday,0,1
ORD101489,2025-01-30,C1003,44,Male,Malaysia,Johor Bahru,2024-06-13,Regular,Email,Books,1,18.1,0.0,9.99,E-Wallet,Mobile,4.0,Delivered,,18.1,0.0,28.09,28.09,231,35-44,Low (<$50),2025-01,Thursday,0,0
ORD100630,2024-07-19,C1477,21,Female,Philippines,Cebu,2022-09-30,VIP,Social Media,Home & Kitchen,2,19.03,10.0,6.99,Bank Transfer,Mobile,1.0,Delivered,4.0,38.06,3.81,41.24,41.24,658,18-24,Low (<$50),2024-07,Friday,0,1
ORD100743,2024-08-17,C1310,47,Female,Cambodia,Phnom Penh,2023-05-17,VIP,Email,Beauty,1,35.3,15.0,6.99,Cash on Delivery,Desktop,5.0,Delivered,2.0,35.3,5.3,36.99,36.99,458,45-54,Low (<$50),2024-08,Saturday,0,1
ORD101113,2024-11-13,C1763,41,Female,Cambodia,Siem Reap,2023-07-08,Regular,Email,Toys,2,25.7,15.0,6.99,Credit Card,Mobile,1.0,Delivered,,51.4,7.71,50.68,50.68,494,35-44,Medium ($50-150),2024-11,Wednesday,0,0
ORD100247,2024-04-10,C1624,39,Male,Malaysia,Kuala Lumpur,2023-10-30,VIP,Organic Search,Fashion,3,64.55,20.0,0.0,E-Wallet,Desktop,8.0,Delivered,3.0,193.65,38.73,154.92,154.92,163,35-44,High ($150-400),2024-04,Wednesday,0,1
ORD100316,2024-04-29,C1523,32,Female,Philippines,Davao,2023-02-03,VIP,Email,Electronics,2,278.86,20.0,0.0,E-Wallet,Mobile,11.0,Delivered,3.0,557.72,111.54,446.18,446.18,451,25-34,Premium (>$400),2024-04,Monday,0,1
ORD100692,2024-08-04,C1388,37,Female,Singapore,Singapore,2024-01-29,New,Email,Sports,5,30.7,10.0,0.0,E-Wallet,Tablet,5.0,Delivered,3.0,153.5,15.35,138.15,138.15,188,35-44,Medium ($50-150),2024-08,Sunday,0,1
ORD101384,2024-12-29,C1534,18,Male,Cambodia,Battambang,2023-11-27,Regular,Social Media,Books,1,11.56,15.0,6.99,Cash on Delivery,Mobile,8.0,Delivered,4.0,11.56,1.73,16.82,16.82,398,18-24,Low (<$50),2024-12,Sunday,0,1
ORD101858,2025-05-27,C1556,26,Male,Singapore,Singapore,2022-12-07,VIP,Email,Books,1,31.72,20.0,9.99,E-Wallet,Desktop,1.0,Delivered,,31.72,6.34,35.37,35.37,902,25-34,Low (<$50),2025-05,Tuesday,0,0
ORD101285,2024-12-14,C1475,30,Female,Vietnam,Hanoi,2023-11-22,VIP,Paid Ads,Home & Kitchen,1,118.06,15.0,2.99,Bank Transfer,Mobile,3.0,Returned,3.0,118.06,17.71,103.34,0.0,388,25-34,Medium ($50-150),2024-12,Saturday,1,1
ORD101966,2025-06-20,C1510,18,Female,Thailand,Phuket,2023-05-21,New,Social Media,Fashion,3,53.4,0.0,0.0,Bank Transfer,Mobile,5.0,Delivered,,160.2,0.0,160.2,160.2,761,18-24,High ($150-400),2025-06,Friday,0,0
ORD101776,2025-05-05,C1104,24,Female,Singapore,Singapore,2022-04-18,Regular,Social Media,Beauty,1,3.0,10.0,6.99,E-Wallet,Mobile,1.0,Delivered,,3.0,0.3,9.69,9.69,1113,18-24,Low (<$50),2025-05,Monday,0,0
ORD101976,2025-06-23,C1478,34,Male,Cambodia,Siem Reap,2023-01-30,VIP,Paid Ads,Toys,1,45.74,5.0,2.99,E-Wallet,Desktop,8.0,Delivered,,45.74,2.29,46.44,46.44,875,25-34,Low (<$50),2025-06,Monday,0,0
ORD100535,2024-06-21,C1659,34,Female,Thailand,Chiang Mai,2023-10-08,VIP,Social Media,Home & Kitchen,2,61.02,5.0,0.0,PayPal,Mobile,4.0,Delivered,3.0,122.04,6.1,115.94,115.94,257,25-34,Medium ($50-150),2024-06,Friday,0,1
ORD100220,2024-03-31,C1831,51,Male,Cambodia,Battambang,2023-01-08,New,Organic Search,Beauty,5,40.25,0.0,0.0,Credit Card,Mobile,,Cancelled,,201.25,0.0,201.25,0.0,448,45-54,High ($150-400),2024-03,Sunday,0,0
ORD100965,2024-10-11,C1574,36,Male,Philippines,Manila,2023-03-19,Regular,Organic Search,Fashion,5,38.29,0.0,0.0,Credit Card,Mobile,3.0,Delivered,4.0,191.45,0.0,191.45,191.45,572,35-44,High ($150-400),2024-10,Friday,0,1
ORD100979,2024-10-16,C1022,47,Male,Malaysia,Johor Bahru,2022-05-17,VIP,Social Media,Toys,2,3.0,0.0,9.99,PayPal,Mobile,,Cancelled,,6.0,0.0,15.99,0.0,883,45-54,Low (<$50),2024-10,Wednesday,0,0
ORD101053,2024-11-03,C1693,18,Female,Cambodia,Sihanoukville,2023-09-11,VIP,Paid Ads,Fashion,2,20.42,0.0,9.99,PayPal,Desktop,6.0,Delivered,3.0,40.84,0.0,50.83,50.83,419,18-24,Medium ($50-150),2024-11,Sunday,0,1
ORD100941,2024-10-04,C1585,56,Female,Cambodia,Battambang,2023-09-15,Regular,Organic Search,Home & Kitchen,1,40.16,0.0,2.99,Bank Transfer,Mobile,5.0,Delivered,4.0,40.16,0.0,43.15,43.15,385,55+,Low (<$50),2024-10,Friday,0,1
ORD101453,2025-01-18,C1231,28,Male,Cambodia,Phnom Penh,2022-07-06,New,Social Media,Sports,1,3.0,5.0,4.99,Credit Card,Desktop,5.0,Delivered,3.0,3.0,0.15,7.84,7.84,927,25-34,Low (<$50),2025-01,Saturday,0,1
ORD101890,2025-06-02,C1243,18,Female,Indonesia,Jakarta,2022-09-08,Regular,Email,Fashion,2,8.43,0.0,2.99,E-Wallet,Mobile,4.0,Delivered,3.0,16.86,0.0,19.85,19.85,998,18-24,Low (<$50),2025-06,Monday,0,1
ORD101486,2025-01-29,C1612,18,Male,Cambodia,Sihanoukville,2023-04-11,New,Paid Ads,Home & Kitchen,1,107.58,0.0,9.99,E-Wallet,Mobile,,Cancelled,,107.58,0.0,117.57,0.0,659,18-24,Medium ($50-150),2025-01,Wednesday,0,0
ORD100832,2024-09-05,C1401,36,Male,Vietnam,Da Nang,2022-03-21,VIP,Social Media,Electronics,1,233.54,0.0,0.0,PayPal,Mobile,8.0,Delivered,,233.54,0.0,233.54,233.54,899,35-44,High ($150-400),2024-09,Thursday,0,0
ORD101917,2025-06-09,C1707,40,Male,Philippines,Manila,2023-11-04,Regular,Organic Search,Fashion,1,60.42,15.0,4.99,Credit Card,Desktop,8.0,Delivered,3.0,60.42,9.06,56.35,56.35,583,35-44,Medium ($50-150),2025-06,Monday,0,1
ORD101908,2025-06-07,C1720,33,Male,Vietnam,Hanoi,2022-01-10,Regular,Paid Ads,Home & Kitchen,4,82.88,10.0,0.0,Bank Transfer,Desktop,2.0,Returned,3.0,331.52,33.15,298.37,0.0,1244,25-34,High ($150-400),2025-06,Saturday,1,1
ORD101364,2024-12-27,C1002,42,Male,Thailand,Phuket,2024-05-07,Regular,Email,Fashion,2,66.96,20.0,0.0,Cash on Delivery,Mobile,11.0,Returned,,133.92,26.78,107.14,0.0,234,35-44,Medium ($50-150),2024-12,Friday,1,0
ORD101875,2025-05-31,C1658,34,Female,Thailand,Chiang Mai,2023-09-24,VIP,Email,Home & Kitchen,1,89.65,15.0,6.99,Cash on Delivery,Desktop,3.0,Delivered,4.0,89.65,13.45,83.19,83.19,615,25-34,Medium ($50-150),2025-05,Saturday,0,1
ORD100678,2024-08-01,C1109,18,Male,Vietnam,Hanoi,2022-10-16,Regular,Social Media,Home & Kitchen,1,8.59,0.0,2.99,E-Wallet,Mobile,1.0,Delivered,4.0,8.59,0.0,11.58,11.58,655,18-24,Low (<$50),2024-08,Thursday,0,1
ORD101639,2025-03-23,C1226,62,Male,Cambodia,Siem Reap,2023-05-22,Regular,Organic Search,Books,2,5.69,5.0,4.99,Bank Transfer,Mobile,9.0,Delivered,,11.38,0.57,15.8,15.8,671,55+,Low (<$50),2025-03,Sunday,0,0
ORD100306,2024-04-25,C1167,38,Female,Vietnam,Hanoi,2024-02-13,VIP,Organic Search,Sports,1,102.87,0.0,2.99,E-Wallet,Mobile,1.0,Delivered,4.0,102.87,0.0,105.86,105.86,72,35-44,Medium ($50-150),2024-04,Thursday,0,1
ORD100367,2024-05-11,C1324,54,Female,Philippines,Manila,2023-07-24,VIP,Organic Search,Fashion,1,36.16,5.0,2.99,Credit Card,Mobile,5.0,Delivered,4.0,36.16,1.81,37.34,37.34,292,45-54,Low (<$50),2024-05,Saturday,0,1
ORD100782,2024-08-24,C1475,30,Female,Vietnam,Hanoi,2023-11-22,VIP,Paid Ads,Home & Kitchen,2,3.0,20.0,2.99,Credit Card,Mobile,2.0,Delivered,,6.0,1.2,7.79,7.79,276,25-34,Low (<$50),2024-08,Saturday,0,0
ORD101988,2025-06-26,C1246,22,Female,Malaysia,Johor Bahru,2023-08-29,Regular,Referral,Home & Kitchen,1,108.93,15.0,4.99,Bank Transfer,Mobile,5.0,Delivered,,108.93,16.34,97.58,97.58,667,18-24,Medium ($50-150),2025-06,Thursday,0,0
ORD101447,2025-01-16,C1699,32,Male,Indonesia,Jakarta,2024-07-27,Regular,Organic Search,Beauty,1,19.8,5.0,9.99,E-Wallet,Mobile,3.0,Delivered,,19.8,0.99,28.8,28.8,173,25-34,Low (<$50),2025-01,Thursday,0,0
ORD101040,2024-11-01,C1415,36,Female,Thailand,Bangkok,2023-01-23,VIP,Organic Search,Fashion,2,61.92,35.0,0.0,Credit Card,Mobile,6.0,Returned,3.0,123.84,43.34,80.5,0.0,648,35-44,Medium ($50-150),2024-11,Friday,1,1
ORD100988,2024-10-17,C1402,43,Female,Cambodia,Phnom Penh,2023-02-13,Regular,Social Media,Beauty,1,51.49,0.0,6.99,Credit Card,Desktop,2.0,Delivered,4.0,51.49,0.0,58.48,58.48,612,35-44,Medium ($50-150),2024-10,Thursday,0,1
ORD100670,2024-07-31,C1149,36,Male,Indonesia,Jakarta,2023-12-18,VIP,Social Media,Books,1,27.77,10.0,4.99,Cash on Delivery,Mobile,3.0,Delivered,5.0,27.77,2.78,29.98,29.98,226,35-44,Low (<$50),2024-07,Wednesday,0,1
ORD101998,2025-06-30,C1584,42,Female,Singapore,Singapore,2023-05-22,VIP,Organic Search,Sports,1,58.72,10.0,6.99,Credit Card,Desktop,,Cancelled,,58.72,5.87,59.84,0.0,770,35-44,Medium ($50-150),2025-06,Monday,0,0
ORD100411,2024-05-23,C1736,43,Female,Vietnam,Ho Chi Minh City,2024-05-22,VIP,Email,Sports,4,97.59,20.0,0.0,E-Wallet,Mobile,9.0,Delivered,,390.36,78.07,312.29,312.29,1,35-44,High ($150-400),2024-05,Thursday,0,0
ORD100962,2024-10-10,C1095,34,Female,Thailand,Phuket,2023-11-13,Regular,Organic Search,Sports,1,142.1,0.0,0.0,E-Wallet,Desktop,4.0,Delivered,4.0,142.1,0.0,142.1,142.1,332,25-34,Medium ($50-150),2024-10,Thursday,0,1
ORD100771,2024-08-22,C1342,35,Female,Thailand,Phuket,2023-03-07,VIP,Referral,Home & Kitchen,4,98.45,0.0,0.0,Credit Card,Desktop,9.0,Delivered,4.0,393.8,0.0,393.8,393.8,534,35-44,High ($150-400),2024-08,Thursday,0,1
ORD100680,2024-08-02,C1221,37,Female,Malaysia,Johor Bahru,2024-04-30,Regular,Social Media,Beauty,1,36.53,5.0,6.99,Credit Card,Mobile,3.0,Delivered,,36.53,1.83,41.69,41.69,94,35-44,Low (<$50),2024-08,Friday,0,0
ORD101874,2025-05-31,C1053,34,Female,Cambodia,Battambang,2023-09-16,VIP,Paid Ads,Fashion,1,41.81,0.0,9.99,Credit Card,Desktop,4.0,Delivered,,41.81,0.0,51.8,51.8,623,25-34,Medium ($50-150),2025-05,Saturday,0,0
ORD101353,2024-12-25,C1565,42,Female,Cambodia,Phnom Penh,2024-04-22,New,Referral,Electronics,1,89.88,0.0,9.99,Cash on Delivery,Desktop,1.0,Returned,4.0,89.88,0.0,99.87,0.0,247,35-44,Medium ($50-150),2024-12,Wednesday,1,1
ORD101770,2025-05-04,C1444,30,Male,Cambodia,Phnom Penh,2023-02-18,VIP,Email,Beauty,2,31.32,0.0,4.99,PayPal,Mobile,,Cancelled,,62.64,0.0,67.63,0.0,806,25-34,Medium ($50-150),2025-05,Sunday,0,0
ORD101784,2025-05-07,C1549,41,Female,Indonesia,Surabaya,2023-08-22,Regular,Email,Home & Kitchen,1,73.42,0.0,6.99,PayPal,Desktop,11.0,Delivered,3.0,73.42,0.0,80.41,80.41,624,35-44,Medium ($50-150),2025-05,Wednesday,0,1
ORD100495,2024-06-11,C1530,30,Male,Thailand,Chiang Mai,2023-03-10,VIP,Social Media,Electronics,1,171.91,0.0,0.0,Cash on Delivery,Desktop,8.0,Delivered,,171.91,0.0,171.91,171.91,459,25-34,High ($150-400),2024-06,Tuesday,0,0
ORD101173,2024-11-24,C1327,33,Male,Singapore,Singapore,2023-07-03,Regular,Organic Search,Home & Kitchen,3,107.72,10.0,0.0,E-Wallet,Mobile,5.0,Delivered,4.0,323.16,32.32,290.84,290.84,510,25-34,High ($150-400),2024-11,Sunday,0,1
ORD101546,2025-02-22,C1279,37,Male,Singapore,Singapore,2022-08-14,Regular,Organic Search,Electronics,1,157.44,0.0,0.0,Credit Card,Mobile,11.0,Returned,,157.44,0.0,157.44,0.0,923,35-44,High ($150-400),2025-02,Saturday,1,0
ORD100993,2024-10-19,C1576,49,Male,Cambodia,Sihanoukville,2022-09-26,New,Email,Electronics,2,109.48,0.0,0.0,Credit Card,Mobile,7.0,Delivered,,218.96,0.0,218.96,218.96,754,45-54,High ($150-400),2024-10,Saturday,0,0
ORD100115,2024-02-16,C1047,36,Male,Philippines,Davao,2022-06-28,VIP,Organic Search,Sports,2,48.49,5.0,6.99,E-Wallet,Desktop,1.0,Delivered,4.0,96.98,4.85,99.12,99.12,598,35-44,Medium ($50-150),2024-02,Friday,0,1
ORD101621,2025-03-17,C1207,21,Female,Indonesia,Jakarta,2022-03-15,New,Organic Search,Electronics,2,252.75,5.0,0.0,Cash on Delivery,Mobile,11.0,Delivered,3.0,505.5,25.28,480.22,480.22,1098,18-24,Premium (>$400),2025-03,Monday,0,1
ORD101905,2025-06-06,C1374,40,Male,Thailand,Bangkok,2022-10-02,VIP,Social Media,Books,1,9.12,10.0,9.99,PayPal,Desktop,2.0,Delivered,4.0,9.12,0.91,18.2,18.2,978,35-44,Low (<$50),2025-06,Friday,0,1
ORD101249,2024-12-09,C1245,20,Male,Cambodia,Sihanoukville,2022-03-01,Regular,Organic Search,Beauty,4,25.8,5.0,4.99,Bank Transfer,Mobile,10.0,Delivered,,103.2,5.16,103.03,103.03,1014,18-24,Medium ($50-150),2024-12,Monday,0,0
ORD101703,2025-04-11,C1278,47,Female,Cambodia,Battambang,2022-03-13,VIP,Social Media,Home & Kitchen,1,37.16,10.0,6.99,Bank Transfer,Desktop,9.0,Returned,2.0,37.16,3.72,40.43,0.0,1125,45-54,Low (<$50),2025-04,Friday,1,1
ORD100997,2024-10-19,C1254,31,Female,Singapore,Singapore,2022-12-10,VIP,Organic Search,Books,4,28.68,10.0,9.99,Credit Card,Mobile,6.0,Returned,3.0,114.72,11.47,113.24,0.0,679,25-34,Medium ($50-150),2024-10,Saturday,1,1
ORD101161,2024-11-22,C1033,25,Male,Vietnam,Hanoi,2024-01-24,VIP,Organic Search,Electronics,3,148.32,15.0,0.0,Bank Transfer,Mobile,10.0,Delivered,4.0,444.96,66.74,378.22,378.22,303,25-34,High ($150-400),2024-11,Friday,0,1
ORD101301,2024-12-16,C1687,50,Male,Vietnam,Hanoi,2023-10-20,VIP,Email,Electronics,1,110.23,0.0,6.99,Bank Transfer,Mobile,11.0,Delivered,2.0,110.23,0.0,117.22,117.22,423,45-54,Medium ($50-150),2024-12,Monday,0,1
ORD101950,2025-06-16,C1451,38,Male,Thailand,Bangkok,2022-04-10,VIP,Organic Search,Sports,2,35.91,0.0,9.99,Credit Card,Mobile,10.0,Delivered,,71.82,0.0,81.81,81.81,1163,35-44,Medium ($50-150),2025-06,Monday,0,0
ORD100480,2024-06-08,C1561,38,Female,Malaysia,Kuala Lumpur,2024-04-10,Regular,Paid Ads,Fashion,2,18.41,15.0,9.99,E-Wallet,Tablet,5.0,Delivered,4.0,36.82,5.52,41.29,41.29,59,35-44,Low (<$50),2024-06,Saturday,0,1
ORD100351,2024-05-07,C1614,25,Male,Cambodia,Battambang,2023-01-23,VIP,Social Media,Beauty,2,24.59,20.0,9.99,Cash on Delivery,Mobile,5.0,Delivered,,49.18,9.84,49.33,49.33,470,25-34,Low (<$50),2024-05,Tuesday,0,0
ORD100808,2024-08-31,C1736,43,Female,Vietnam,Ho Chi Minh City,2024-05-22,VIP,Email,Toys,1,32.24,5.0,4.99,Cash on Delivery,Mobile,9.0,Delivered,,32.24,1.61,35.62,35.62,101,35-44,Low (<$50),2024-08,Saturday,0,0
ORD100420,2024-05-25,C1034,41,Female,Singapore,Singapore,2023-10-01,Regular,Organic Search,Beauty,1,23.52,0.0,9.99,Credit Card,Mobile,4.0,Returned,3.0,23.52,0.0,33.51,0.0,237,35-44,Low (<$50),2024-05,Saturday,1,1
ORD101286,2024-12-14,C1128,27,Female,Cambodia,Sihanoukville,2022-10-01,Regular,Referral,Electronics,2,206.15,0.0,0.0,E-Wallet,Desktop,2.0,Delivered,5.0,412.3,0.0,412.3,412.3,805,25-34,Premium (>$400),2024-12,Saturday,0,1
ORD100759,2024-08-20,C1007,31,Male,Malaysia,Penang,2022-04-16,VIP,Paid Ads,Home & Kitchen,3,11.3,0.0,4.99,Cash on Delivery,Mobile,5.0,Delivered,4.0,33.9,0.0,38.89,38.89,857,25-34,Low (<$50),2024-08,Tuesday,0,1
ORD100679,2024-08-01,C1721,46,Female,Thailand,Phuket,2022-01-12,Regular,Organic Search,Beauty,2,3.0,0.0,6.99,E-Wallet,Mobile,7.0,Delivered,2.0,6.0,0.0,12.99,12.99,932,45-54,Low (<$50),2024-08,Thursday,0,1
ORD100120,2024-02-18,C1267,38,Male,Cambodia,Siem Reap,2022-10-20,Regular,Social Media,Home & Kitchen,1,69.77,0.0,6.99,Bank Transfer,Desktop,7.0,Delivered,4.0,69.77,0.0,76.76,76.76,486,35-44,Medium ($50-150),2024-02,Sunday,0,1
ORD101376,2024-12-28,C1587,25,Female,Singapore,Singapore,2023-12-15,VIP,Organic Search,Home & Kitchen,2,78.77,5.0,0.0,Credit Card,Mobile,9.0,Returned,4.0,157.54,7.88,149.66,0.0,379,25-34,Medium ($50-150),2024-12,Saturday,1,1
ORD100579,2024-07-04,C1248,66,Male,Vietnam,Da Nang,2023-02-15,Regular,Email,Fashion,2,90.89,10.0,0.0,E-Wallet,Mobile,2.0,Delivered,4.0,181.78,18.18,163.6,163.6,505,55+,High ($150-400),2024-07,Thursday,0,1
ORD101767,2025-05-03,C1304,33,Female,Cambodia,Battambang,2024-09-16,Regular,Social Media,Sports,2,95.15,5.0,0.0,Credit Card,Desktop,7.0,Delivered,3.0,190.3,9.52,180.78,180.78,229,25-34,High ($150-400),2025-05,Saturday,0,1
ORD100786,2024-08-25,C1235,27,Female,Philippines,Manila,2024-08-24,VIP,Social Media,Books,1,9.72,10.0,9.99,Bank Transfer,Mobile,8.0,Delivered,,9.72,0.97,18.74,18.74,1,25-34,Low (<$50),2024-08,Sunday,0,0
ORD100251,2024-04-11,C1561,38,Female,Malaysia,Kuala Lumpur,2024-04-10,Regular,Paid Ads,Electronics,2,194.95,0.0,0.0,Cash on Delivery,Mobile,5.0,Delivered,4.0,389.9,0.0,389.9,389.9,1,35-44,High ($150-400),2024-04,Thursday,0,1
ORD100135,2024-02-26,C1141,23,Male,Singapore,Singapore,2022-02-08,New,Paid Ads,Electronics,2,251.1,5.0,0.0,E-Wallet,Desktop,8.0,Delivered,,502.2,25.11,477.09,477.09,748,18-24,Premium (>$400),2024-02,Monday,0,0
ORD100342,2024-05-05,C1349,50,Female,Cambodia,Siem Reap,2023-07-06,VIP,Organic Search,Home & Kitchen,1,118.73,0.0,2.99,E-Wallet,Tablet,8.0,Returned,3.0,118.73,0.0,121.72,0.0,304,45-54,Medium ($50-150),2024-05,Sunday,1,1
ORD101176,2024-11-24,C1163,25,Male,Malaysia,Johor Bahru,2022-10-08,VIP,Referral,Toys,2,10.94,15.0,4.99,Bank Transfer,Mobile,6.0,Delivered,,21.88,3.28,23.59,23.59,778,25-34,Low (<$50),2024-11,Sunday,0,0
ORD101626,2025-03-18,C1713,34,Male,Singapore,Singapore,2022-03-06,Regular,Referral,Toys,1,34.86,20.0,4.99,Cash on Delivery,Mobile,3.0,Returned,2.0,34.86,6.97,32.88,0.0,1108,25-34,Low (<$50),2025-03,Tuesday,1,1
ORD100838,2024-09-06,C1776,22,Male,Cambodia,Sihanoukville,2022-12-22,Regular,Referral,Home & Kitchen,1,199.31,15.0,0.0,Bank Transfer,Mobile,5.0,Delivered,4.0,199.31,29.9,169.41,169.41,624,18-24,High ($150-400),2024-09,Friday,0,1
ORD101216,2024-12-02,C1809,36,Male,Vietnam,Da Nang,2022-07-22,VIP,Organic Search,Books,5,16.68,0.0,2.99,Cash on Delivery,Mobile,5.0,Delivered,4.0,83.4,0.0,86.39,86.39,864,35-44,Medium ($50-150),2024-12,Monday,0,1
ORD100752,2024-08-19,C1451,38,Male,Thailand,Bangkok,2022-04-10,VIP,Organic Search,Toys,1,63.87,0.0,2.99,E-Wallet,Desktop,10.0,Delivered,4.0,63.87,0.0,66.86,66.86,862,35-44,Medium ($50-150),2024-08,Monday,0,1
ORD100299,2024-04-23,C1117,34,Male,Vietnam,Hanoi,2023-03-14,Regular,Social Media,Electronics,2,410.94,10.0,0.0,Credit Card,Desktop,4.0,Delivered,3.0,821.88,82.19,739.69,739.69,406,25-34,Premium (>$400),2024-04,Tuesday,0,1
ORD101968,2025-06-21,C1479,63,Male,Vietnam,Ho Chi Minh City,2022-01-07,VIP,Organic Search,Books,2,18.96,5.0,9.99,E-Wallet,Mobile,7.0,Delivered,3.0,37.92,1.9,46.01,46.01,1261,55+,Low (<$50),2025-06,Saturday,0,1
ORD100109,2024-02-13,C1723,18,Male,Indonesia,Surabaya,2022-01-20,VIP,Social Media,Electronics,1,319.92,15.0,0.0,E-Wallet,Mobile,6.0,Returned,4.0,319.92,47.99,271.93,0.0,754,18-24,High ($150-400),2024-02,Tuesday,1,1
ORD100593,2024-07-10,C1109,18,Male,Vietnam,Hanoi,2022-10-16,Regular,Social Media,Home & Kitchen,3,107.73,0.0,0.0,PayPal,Mobile,9.0,Delivered,4.0,323.19,0.0,323.19,323.19,633,18-24,High ($150-400),2024-07,Wednesday,0,1
ORD100212,2024-03-29,C1447,30,Male,Cambodia,Phnom Penh,2024-02-23,New,Organic Search,Fashion,3,62.3,30.0,0.0,Credit Card,Mobile,5.0,Delivered,4.0,186.9,56.07,130.83,130.83,35,25-34,Medium ($50-150),2024-03,Friday,0,1
ORD101427,2025-01-08,C1687,50,Male,Vietnam,Hanoi,2023-10-20,VIP,Email,Electronics,1,254.61,10.0,0.0,PayPal,Mobile,10.0,Delivered,4.0,254.61,25.46,229.15,229.15,446,45-54,High ($150-400),2025-01,Wednesday,0,1
ORD101560,2025-02-26,C1534,18,Male,Cambodia,Battambang,2023-11-27,Regular,Social Media,Fashion,1,111.55,0.0,6.99,E-Wallet,Mobile,10.0,Delivered,3.0,111.55,0.0,118.54,118.54,457,18-24,Medium ($50-150),2025-02,Wednesday,0,1
ORD100596,2024-07-11,C1018,44,Female,Philippines,Davao,2022-11-20,New,Social Media,Electronics,1,248.5,10.0,0.0,Credit Card,Mobile,2.0,Delivered,,248.5,24.85,223.65,223.65,599,35-44,High ($150-400),2024-07,Thursday,0,0
ORD101463,2025-01-20,C1372,43,Female,Singapore,Singapore,2022-01-17,Regular,Paid Ads,Books,2,20.26,10.0,4.99,E-Wallet,Tablet,10.0,Delivered,2.0,40.52,4.05,41.46,41.46,1099,35-44,Low (<$50),2025-01,Monday,0,1
ORD101471,2025-01-24,C1314,43,Female,Malaysia,Kuala Lumpur,2024-07-10,VIP,Social Media,Beauty,4,33.14,15.0,0.0,Credit Card,Mobile,10.0,Returned,3.0,132.56,19.88,112.68,0.0,198,35-44,Medium ($50-150),2025-01,Friday,1,1
ORD100239,2024-04-06,C1614,25,Male,Cambodia,Battambang,2023-01-23,VIP,Social Media,Fashion,1,118.8,0.0,6.99,Cash on Delivery,Mobile,6.0,Delivered,3.0,118.8,0.0,125.79,125.79,439,25-34,Medium ($50-150),2024-04,Saturday,0,1
ORD100705,2024-08-08,C1370,34,Female,Singapore,Singapore,2023-05-07,Regular,Social Media,Beauty,1,32.71,0.0,2.99,E-Wallet,Desktop,1.0,Delivered,4.0,32.71,0.0,35.7,35.7,459,25-34,Low (<$50),2024-08,Thursday,0,1
ORD100888,2024-09-19,C1791,20,Female,Malaysia,Johor Bahru,2023-06-05,VIP,Paid Ads,Books,2,23.67,15.0,4.99,Cash on Delivery,Mobile,8.0,Delivered,4.0,47.34,7.1,45.23,45.23,472,18-24,Low (<$50),2024-09,Thursday,0,1
ORD101456,2025-01-18,C1310,47,Female,Cambodia,Phnom Penh,2023-05-17,VIP,Email,Fashion,4,69.87,15.0,0.0,PayPal,Mobile,2.0,Delivered,3.0,279.48,41.92,237.56,237.56,612,45-54,High ($150-400),2025-01,Saturday,0,1
ORD101190,2024-11-26,C1768,20,Male,Vietnam,Ho Chi Minh City,2022-04-14,Regular,Social Media,Electronics,1,190.44,5.0,0.0,Credit Card,Desktop,5.0,Delivered,3.0,190.44,9.52,180.92,180.92,957,18-24,High ($150-400),2024-11,Tuesday,0,1
ORD101681,2025-04-04,C1809,36,Male,Vietnam,Da Nang,2022-07-22,VIP,Organic Search,Home & Kitchen,1,104.44,20.0,4.99,Bank Transfer,Desktop,5.0,Delivered,4.0,104.44,20.89,88.54,88.54,987,35-44,Medium ($50-150),2025-04,Friday,0,1
ORD100620,2024-07-15,C1167,38,Female,Vietnam,Hanoi,2024-02-13,VIP,Organic Search,Toys,2,3.0,25.0,9.99,E-Wallet,Desktop,7.0,Delivered,3.0,6.0,1.5,14.49,14.49,153,35-44,Low (<$50),2024-07,Monday,0,1
ORD100254,2024-04-12,C1804,48,Male,Cambodia,Siem Reap,2023-10-13,VIP,Social Media,Electronics,2,186.53,5.0,0.0,E-Wallet,Mobile,9.0,Delivered,4.0,373.06,18.65,354.41,354.41,182,45-54,High ($150-400),2024-04,Friday,0,1
ORD100383,2024-05-14,C1631,62,Female,Cambodia,Phnom Penh,2023-10-21,VIP,Paid Ads,Electronics,1,207.55,0.0,0.0,Credit Card,Mobile,9.0,Delivered,,207.55,0.0,207.55,207.55,206,55+,High ($150-400),2024-05,Tuesday,0,0
ORD101840,2025-05-23,C1729,22,Female,Cambodia,Phnom Penh,2023-07-28,New,Social Media,Electronics,2,97.35,0.0,0.0,E-Wallet,Mobile,,Cancelled,,194.7,0.0,194.7,0.0,665,18-24,High ($150-400),2025-05,Friday,0,0
ORD101734,2025-04-23,C1765,18,Male,Cambodia,Battambang,2022-07-22,Regular,Social Media,Fashion,2,102.75,0.0,0.0,Bank Transfer,Desktop,8.0,Delivered,,205.5,0.0,205.5,205.5,1006,18-24,High ($150-400),2025-04,Wednesday,0,0
ORD100881,2024-09-18,C1347,40,Female,Cambodia,Battambang,2024-02-11,Regular,Social Media,Electronics,2,199.16,10.0,0.0,Cash on Delivery,Desktop,6.0,Delivered,5.0,398.32,39.83,358.49,358.49,220,35-44,High ($150-400),2024-09,Wednesday,0,1
ORD100321,2024-04-30,C1312,53,Female,Thailand,Chiang Mai,2023-05-19,Regular,Organic Search,Electronics,1,158.75,0.0,0.0,Bank Transfer,Desktop,2.0,Delivered,,158.75,0.0,158.75,158.75,347,45-54,High ($150-400),2024-04,Tuesday,0,0
ORD100792,2024-08-27,C1625,28,Male,Thailand,Bangkok,2023-08-10,Regular,Paid Ads,Beauty,1,44.18,0.0,4.99,Credit Card,Desktop,,Cancelled,,44.18,0.0,49.17,0.0,383,25-34,Low (<$50),2024-08,Tuesday,0,0
ORD101323,2024-12-19,C1797,46,Male,Vietnam,Hanoi,2024-07-27,Regular,Paid Ads,Fashion,1,40.88,0.0,2.99,Bank Transfer,Desktop,,Cancelled,,40.88,0.0,43.87,0.0,145,45-54,Low (<$50),2024-12,Thursday,0,0
ORD101290,2024-12-15,C1299,38,Male,Cambodia,Phnom Penh,2022-08-01,VIP,Paid Ads,Electronics,1,407.86,5.0,0.0,Credit Card,Desktop,3.0,Delivered,,407.86,20.39,387.47,387.47,867,35-44,High ($150-400),2024-12,Sunday,0,0
ORD100453,2024-06-02,C1793,38,Male,Cambodia,Phnom Penh,2022-09-19,Regular,Paid Ads,Electronics,1,38.0,0.0,2.99,E-Wallet,Desktop,,Cancelled,,38.0,0.0,40.99,0.0,622,35-44,Low (<$50),2024-06,Sunday,0,0
ORD101517,2025-02-12,C1137,43,Female,Singapore,Singapore,2022-02-06,VIP,Social Media,Beauty,2,51.75,25.0,9.99,Bank Transfer,Desktop,10.0,Delivered,,103.5,25.88,87.61,87.61,1102,35-44,Medium ($50-150),2025-02,Wednesday,0,0
ORD101421,2025-01-06,C1675,38,Male,Cambodia,Sihanoukville,2023-09-22,New,Social Media,Beauty,1,12.52,10.0,2.99,E-Wallet,Mobile,6.0,Returned,2.0,12.52,1.25,14.26,0.0,472,35-44,Low (<$50),2025-01,Monday,1,1
ORD101871,2025-05-31,C1584,42,Female,Singapore,Singapore,2023-05-22,VIP,Organic Search,Fashion,2,87.24,30.0,0.0,E-Wallet,Mobile,5.0,Delivered,4.0,174.48,52.34,122.14,122.14,740,35-44,Medium ($50-150),2025-05,Saturday,0,1
ORD100486,2024-06-09,C1482,35,Male,Vietnam,Ho Chi Minh City,2022-05-18,Regular,Organic Search,Beauty,1,8.27,10.0,4.99,Credit Card,Mobile,9.0,Delivered,3.0,8.27,0.83,12.43,12.43,753,35-44,Low (<$50),2024-06,Sunday,0,1
ORD100978,2024-10-15,C1621,34,Male,Cambodia,Battambang,2023-01-09,VIP,Organic Search,Books,3,13.97,5.0,9.99,E-Wallet,Mobile,4.0,Delivered,3.0,41.91,2.1,49.8,49.8,645,25-34,Low (<$50),2024-10,Tuesday,0,1
ORD100289,2024-04-21,C1805,46,Female,Cambodia,Sihanoukville,2024-04-20,VIP,Paid Ads,Fashion,3,122.19,5.0,0.0,E-Wallet,Mobile,6.0,Delivered,,366.57,18.33,348.24,348.24,1,45-54,High ($150-400),2024-04,Sunday,0,0
ORD100909,2024-09-24,C1181,36,Female,Cambodia,Siem Reap,2023-02-24,Regular,Organic Search,Home & Kitchen,1,48.38,0.0,2.99,Bank Transfer,Desktop,1.0,Delivered,,48.38,0.0,51.37,51.37,578,35-44,Medium ($50-150),2024-09,Tuesday,0,0
ORD101320,2024-12-19,C1395,36,Male,Indonesia,Jakarta,2022-11-13,Regular,Social Media,Fashion,1,76.96,25.0,6.99,Credit Card,Desktop,2.0,Delivered,4.0,76.96,19.24,64.71,64.71,767,35-44,Medium ($50-150),2024-12,Thursday,0,1
ORD100049,2024-01-21,C1457,25,Female,Vietnam,Da Nang,2022-06-26,Regular,Organic Search,Toys,1,32.59,10.0,9.99,E-Wallet,Mobile,10.0,Delivered,,32.59,3.26,39.32,39.32,574,25-34,Low (<$50),2024-01,Sunday,0,0
ORD100237,2024-04-06,C1213,29,Male,Cambodia,Siem Reap,2022-09-20,Regular,Email,Home & Kitchen,1,70.12,20.0,4.99,Cash on Delivery,Mobile,8.0,Delivered,4.0,70.12,14.02,61.09,61.09,564,25-34,Medium ($50-150),2024-04,Saturday,0,1
ORD100432,2024-05-28,C1784,34,Female,Vietnam,Hanoi,2023-04-17,VIP,Organic Search,Fashion,1,35.54,15.0,2.99,Cash on Delivery,Mobile,6.0,Delivered,5.0,35.54,5.33,33.2,33.2,407,25-34,Low (<$50),2024-05,Tuesday,0,1
ORD101393,2024-12-31,C1157,45,Female,Malaysia,Johor Bahru,2024-02-14,Regular,Referral,Fashion,1,29.75,10.0,6.99,Cash on Delivery,Mobile,4.0,Delivered,4.0,29.75,2.98,33.76,33.76,321,45-54,Low (<$50),2024-12,Tuesday,0,1
ORD101928,2025-06-11,C1624,39,Male,Malaysia,Kuala Lumpur,2023-10-30,VIP,Organic Search,Beauty,2,23.24,0.0,6.99,Credit Card,Tablet,8.0,Delivered,3.0,46.48,0.0,53.47,53.47,590,35-44,Medium ($50-150),2025-06,Wednesday,0,1
ORD100674,2024-08-01,C1697,23,Female,Philippines,Manila,2023-09-19,VIP,Referral,Electronics,1,3.0,15.0,4.99,Credit Card,Desktop,2.0,Delivered,4.0,3.0,0.45,7.54,7.54,317,18-24,Low (<$50),2024-08,Thursday,0,1
ORD101134,2024-11-17,C1260,31,Female,Singapore,Singapore,2024-01-16,Regular,Email,Electronics,1,196.79,10.0,0.0,E-Wallet,Desktop,,Cancelled,,196.79,19.68,177.11,0.0,306,25-34,High ($150-400),2024-11,Sunday,0,0
ORD100984,2024-10-17,C1715,21,Male,Singapore,Singapore,2023-07-25,New,Email,Books,2,11.33,0.0,2.99,E-Wallet,Mobile,5.0,Delivered,4.0,22.66,0.0,25.65,25.65,450,18-24,Low (<$50),2024-10,Thursday,0,1
ORD100741,2024-08-16,C1736,43,Female,Vietnam,Ho Chi Minh City,2024-05-22,VIP,Email,Fashion,1,49.28,0.0,9.99,E-Wallet,Desktop,7.0,Delivered,5.0,49.28,0.0,59.27,59.27,86,35-44,Medium ($50-150),2024-08,Friday,0,1
ORD100173,2024-03-16,C1478,34,Male,Cambodia,Siem Reap,2023-01-30,VIP,Paid Ads,Books,4,31.85,15.0,0.0,E-Wallet,Mobile,10.0,Delivered,4.0,127.4,19.11,108.29,108.29,411,25-34,Medium ($50-150),2024-03,Saturday,0,1
ORD101234,2024-12-05,C1796,45,Female,Vietnam,Hanoi,2022-06-16,VIP,Organic Search,Beauty,2,22.18,0.0,9.99,Credit Card,Mobile,5.0,Returned,2.0,44.36,0.0,54.35,0.0,903,45-54,Medium ($50-150),2024-12,Thursday,1,1
ORD101491,2025-01-31,C1573,24,Male,Cambodia,Sihanoukville,2023-04-18,VIP,Paid Ads,Electronics,1,55.24,10.0,4.99,Bank Transfer,Tablet,9.0,Delivered,4.0,55.24,5.52,54.71,54.71,654,18-24,Medium ($50-150),2025-01,Friday,0,1
ORD101375,2024-12-28,C1557,23,Female,Malaysia,Kuala Lumpur,2023-12-03,Regular,Organic Search,Beauty,1,42.2,0.0,2.99,Bank Transfer,Mobile,1.0,Delivered,,42.2,0.0,45.19,45.19,391,18-24,Low (<$50),2024-12,Saturday,0,0
ORD101689,2025-04-07,C1636,32,Female,Cambodia,Siem Reap,2024-05-29,VIP,Organic Search,Electronics,1,177.43,5.0,0.0,Cash on Delivery,Mobile,9.0,Returned,,177.43,8.87,168.56,0.0,313,25-34,High ($150-400),2025-04,Monday,1,0
ORD101710,2025-04-15,C1054,29,Female,Indonesia,Jakarta,2022-11-22,Regular,Paid Ads,Toys,4,3.0,25.0,9.99,Credit Card,Mobile,1.0,Returned,3.0,12.0,3.0,18.99,0.0,875,25-34,Low (<$50),2025-04,Tuesday,1,1
ORD101731,2025-04-22,C1489,41,Female,Philippines,Manila,2022-02-04,New,Organic Search,Electronics,1,291.34,0.0,0.0,Credit Card,Mobile,4.0,Delivered,,291.34,0.0,291.34,291.34,1173,35-44,High ($150-400),2025-04,Tuesday,0,0
ORD101852,2025-05-26,C1675,38,Male,Cambodia,Sihanoukville,2023-09-22,New,Social Media,Home & Kitchen,1,101.09,5.0,6.99,E-Wallet,Mobile,5.0,Delivered,3.0,101.09,5.05,103.03,103.03,612,35-44,Medium ($50-150),2025-05,Monday,0,1
ORD100591,2024-07-10,C1611,37,Female,Cambodia,Sihanoukville,2022-08-08,Regular,Organic Search,Home & Kitchen,1,97.66,25.0,4.99,Credit Card,Mobile,11.0,Delivered,2.0,97.66,24.42,78.23,78.23,702,35-44,Medium ($50-150),2024-07,Wednesday,0,1
ORD100023,2024-01-12,C1693,18,Female,Cambodia,Sihanoukville,2023-09-11,VIP,Paid Ads,Electronics,2,264.32,0.0,0.0,E-Wallet,Mobile,1.0,Delivered,3.0,528.64,0.0,528.64,528.64,123,18-24,Premium (>$400),2024-01,Friday,0,1
ORD100381,2024-05-14,C1089,39,Female,Vietnam,Da Nang,2022-07-20,Regular,Organic Search,Toys,2,67.53,0.0,0.0,Credit Card,Mobile,5.0,Delivered,2.0,135.06,0.0,135.06,135.06,664,35-44,Medium ($50-150),2024-05,Tuesday,0,1
ORD101956,2025-06-18,C1736,43,Female,Vietnam,Ho Chi Minh City,2024-05-22,VIP,Email,Beauty,1,20.6,0.0,4.99,Cash on Delivery,Mobile,3.0,Delivered,,20.6,0.0,25.59,25.59,392,35-44,Low (<$50),2025-06,Wednesday,0,0
ORD100063,2024-01-26,C1545,32,Male,Malaysia,Penang,2022-11-18,Regular,Paid Ads,Fashion,1,22.09,20.0,9.99,Bank Transfer,Mobile,1.0,Delivered,4.0,22.09,4.42,27.66,27.66,434,25-34,Low (<$50),2024-01,Friday,0,1
ORD100806,2024-08-31,C1569,36,Female,Cambodia,Siem Reap,2022-11-19,VIP,Organic Search,Fashion,1,91.45,25.0,9.99,Cash on Delivery,Mobile,2.0,Delivered,5.0,91.45,22.86,78.58,78.58,651,35-44,Medium ($50-150),2024-08,Saturday,0,1
ORD100188,2024-03-21,C1124,43,Male,Cambodia,Siem Reap,2022-12-07,VIP,Organic Search,Sports,1,64.18,15.0,2.99,PayPal,Mobile,,Cancelled,,64.18,9.63,57.54,0.0,470,35-44,Medium ($50-150),2024-03,Thursday,0,0
ORD100727,2024-08-12,C1563,26,Male,Cambodia,Battambang,2022-04-19,Regular,Referral,Electronics,1,306.14,0.0,0.0,E-Wallet,Desktop,6.0,Delivered,,306.14,0.0,306.14,306.14,846,25-34,High ($150-400),2024-08,Monday,0,0
ORD101669,2025-04-01,C1261,31,Male,Thailand,Chiang Mai,2024-01-26,VIP,Email,Beauty,1,8.35,10.0,2.99,E-Wallet,Mobile,8.0,Delivered,,8.35,0.84,10.5,10.5,431,25-34,Low (<$50),2025-04,Tuesday,0,0
ORD101163,2024-11-22,C1065,43,Female,Thailand,Bangkok,2022-06-21,VIP,Email,Fashion,1,28.51,0.0,4.99,Credit Card,Tablet,5.0,Delivered,,28.51,0.0,33.5,33.5,885,35-44,Low (<$50),2024-11,Friday,0,0
ORD101009,2024-10-22,C1391,35,Male,Philippines,Davao,2022-06-07,New,Organic Search,Toys,3,57.66,0.0,0.0,Cash on Delivery,Mobile,6.0,Delivered,,172.98,0.0,172.98,172.98,868,35-44,High ($150-400),2024-10,Tuesday,0,0
ORD101802,2025-05-11,C1710,34,Female,Singapore,Singapore,2022-06-08,VIP,Social Media,Beauty,1,45.98,5.0,2.99,E-Wallet,Desktop,3.0,Delivered,3.0,45.98,2.3,46.67,46.67,1068,25-34,Low (<$50),2025-05,Sunday,0,1
ORD100256,2024-04-13,C1384,18,Male,Cambodia,Battambang,2023-04-25,VIP,Organic Search,Fashion,2,64.09,5.0,0.0,Credit Card,Desktop,3.0,Delivered,2.0,128.18,6.41,121.77,121.77,354,18-24,Medium ($50-150),2024-04,Saturday,0,1
ORD101105,2024-11-11,C1095,18,Female,Thailand,Phuket,2023-11-13,Regular,Organic Search,Fashion,1,45.55,0.0,2.99,E-Wallet,Mobile,8.0,Delivered,5.0,45.55,0.0,48.54,48.54,364,18-24,Low (<$50),2024-11,Monday,0,1
ORD100393,2024-05-17,C1557,23,Female,Malaysia,Kuala Lumpur,2023-12-03,Regular,Organic Search,Home & Kitchen,2,139.39,0.0,0.0,E-Wallet,Mobile,,Cancelled,,278.78,0.0,278.78,0.0,166,18-24,High ($150-400),2024-05,Friday,0,0
ORD101983,2025-06-25,C1028,39,Female,Cambodia,Battambang,2023-05-28,Regular,Email,Beauty,1,44.23,20.0,2.99,Credit Card,Mobile,5.0,Delivered,3.0,44.23,8.85,38.37,38.37,759,35-44,Low (<$50),2025-06,Wednesday,0,1
ORD100354,2024-05-08,C1002,42,Male,Thailand,Phuket,2024-05-07,Regular,Email,Books,1,22.51,20.0,9.99,E-Wallet,Mobile,10.0,Returned,3.0,22.51,4.5,28.0,0.0,1,35-44,Low (<$50),2024-05,Wednesday,1,1
ORD101706,2025-04-12,C1418,33,Female,Cambodia,Battambang,2023-03-05,Regular,Referral,Fashion,3,30.23,5.0,4.99,Credit Card,Mobile,11.0,Delivered,,90.69,4.53,91.15,91.15,769,25-34,Medium ($50-150),2025-04,Saturday,0,0
ORD101979,2025-06-24,C1716,18,Female,Vietnam,Ho Chi Minh City,2022-09-01,VIP,Paid Ads,Beauty,3,6.37,0.0,6.99,E-Wallet,Mobile,8.0,Delivered,4.0,19.11,0.0,26.1,26.1,1027,18-24,Low (<$50),2025-06,Tuesday,0,1
ORD101131,2024-11-16,C1310,47,Female,Cambodia,Phnom Penh,2023-05-17,VIP,Email,Electronics,4,153.62,5.0,0.0,Credit Card,Desktop,3.0,Delivered,4.0,614.48,30.72,583.76,583.76,549,45-54,Premium (>$400),2024-11,Saturday,0,1
ORD101747,2025-04-26,C1202,35,Male,Cambodia,Sihanoukville,2022-03-28,Regular,Social Media,Beauty,2,84.63,0.0,0.0,E-Wallet,Mobile,10.0,Delivered,3.0,169.26,0.0,169.26,169.26,1125,35-44,High ($150-400),2025-04,Saturday,0,1
ORD101328,2024-12-20,C1119,31,Male,Indonesia,Bandung,2022-04-15,VIP,Organic Search,Beauty,2,22.9,5.0,2.99,E-Wallet,Mobile,10.0,Delivered,3.0,45.8,2.29,46.5,46.5,980,25-34,Low (<$50),2024-12,Friday,0,1
ORD100352,2024-05-07,C1598,37,Male,Indonesia,Jakarta,2023-12-12,Regular,Paid Ads,Electronics,2,339.23,10.0,0.0,Credit Card,Desktop,7.0,Delivered,,678.46,67.85,610.61,610.61,147,35-44,Premium (>$400),2024-05,Tuesday,0,0
ORD101532,2025-02-16,C1316,35,Female,Vietnam,Hanoi,2023-05-23,VIP,Paid Ads,Beauty,1,40.18,5.0,9.99,E-Wallet,Desktop,2.0,Delivered,,40.18,2.01,48.16,48.16,635,35-44,Low (<$50),2025-02,Sunday,0,0
ORD101319,2024-12-19,C1149,36,Male,Indonesia,Jakarta,2023-12-18,VIP,Social Media,Beauty,1,3.0,5.0,9.99,Credit Card,Tablet,10.0,Returned,,3.0,0.15,12.84,0.0,367,35-44,Low (<$50),2024-12,Thursday,1,0
ORD100873,2024-09-15,C1827,33,Male,Vietnam,Ho Chi Minh City,2024-08-16,Regular,Organic Search,Sports,1,19.42,5.0,2.99,E-Wallet,Mobile,5.0,Delivered,,19.42,0.97,21.44,21.44,30,25-34,Low (<$50),2024-09,Sunday,0,0
ORD100270,2024-04-17,C1529,51,Female,Cambodia,Sihanoukville,2022-12-16,Regular,Social Media,Home & Kitchen,2,11.91,15.0,2.99,Credit Card,Mobile,10.0,Delivered,,23.82,3.57,23.24,23.24,488,45-54,Low (<$50),2024-04,Wednesday,0,0
ORD100324,2024-05-01,C1221,37,Female,Malaysia,Johor Bahru,2024-04-30,Regular,Social Media,Fashion,2,60.3,0.0,0.0,Credit Card,Mobile,1.0,Delivered,,120.6,0.0,120.6,120.6,1,35-44,Medium ($50-150),2024-05,Wednesday,0,0
ORD101010,2024-10-22,C1053,30,Female,Cambodia,Battambang,2023-09-16,VIP,Paid Ads,Fashion,2,64.17,5.0,0.0,Cash on Delivery,Desktop,3.0,Delivered,3.0,128.34,6.42,121.92,121.92,402,25-34,Medium ($50-150),2024-10,Tuesday,0,1
ORD101586,2025-03-05,C1756,24,Female,Vietnam,Ho Chi Minh City,2022-06-10,Regular,Paid Ads,Toys,1,59.41,10.0,6.99,Bank Transfer,Desktop,5.0,Delivered,3.0,59.41,5.94,60.46,60.46,999,18-24,Medium ($50-150),2025-03,Wednesday,0,1
ORD101204,2024-11-28,C1602,48,Female,Thailand,Phuket,2024-05-29,VIP,Organic Search,Electronics,1,191.35,20.0,0.0,Credit Card,Desktop,2.0,Delivered,3.0,191.35,38.27,153.08,153.08,183,45-54,High ($150-400),2024-11,Thursday,0,1
ORD100025,2024-01-13,C1711,42,Female,Cambodia,Siem Reap,2023-12-03,New,Organic Search,Electronics,1,35.77,10.0,2.99,Credit Card,Mobile,6.0,Delivered,4.0,35.77,3.58,35.18,35.18,41,35-44,Low (<$50),2024-01,Saturday,0,1
ORD101292,2024-12-15,C1478,34,Male,Cambodia,Siem Reap,2023-01-30,VIP,Paid Ads,Fashion,2,42.86,20.0,2.99,Credit Card,Mobile,10.0,Delivered,,85.72,17.14,71.57,71.57,685,25-34,Medium ($50-150),2024-12,Sunday,0,0
ORD100078,2024-02-02,C1074,36,Male,Thailand,Chiang Mai,2023-04-19,VIP,Email,Sports,2,77.14,5.0,0.0,E-Wallet,Desktop,3.0,Delivered,5.0,154.28,7.71,146.57,146.57,289,35-44,Medium ($50-150),2024-02,Friday,0,1
ORD101551,2025-02-23,C1809,36,Male,Vietnam,Da Nang,2022-07-22,VIP,Organic Search,Beauty,1,66.43,10.0,6.99,Bank Transfer,Desktop,8.0,Delivered,4.0,66.43,6.64,66.78,66.78,947,35-44,Medium ($50-150),2025-02,Sunday,0,1
ORD100032,2024-01-16,C1430,23,Male,Singapore,Singapore,2023-12-16,Regular,Organic Search,Fashion,1,50.18,5.0,6.99,Credit Card,Desktop,3.0,Delivered,,50.18,2.51,54.66,54.66,31,18-24,Medium ($50-150),2024-01,Tuesday,0,0
ORD101244,2024-12-08,C1560,33,Female,Singapore,Singapore,2024-04-25,Regular,Organic Search,Books,1,20.82,15.0,6.99,Bank Transfer,Mobile,7.0,Returned,1.0,20.82,3.12,24.69,0.0,227,25-34,Low (<$50),2024-12,Sunday,1,1
ORD100548,2024-06-28,C1834,34,Female,Indonesia,Jakarta,2024-05-29,VIP,Email,Home & Kitchen,1,120.82,15.0,0.0,Credit Card,Desktop,4.0,Delivered,5.0,120.82,18.12,102.7,102.7,30,25-34,Medium ($50-150),2024-06,Friday,0,1
ORD101728,2025-04-21,C1235,27,Female,Philippines,Manila,2024-08-24,VIP,Social Media,Fashion,3,49.28,10.0,0.0,E-Wallet,Mobile,8.0,Delivered,3.0,147.84,14.78,133.06,133.06,240,25-34,Medium ($50-150),2025-04,Monday,0,1
ORD100427,2024-05-26,C1693,18,Female,Cambodia,Sihanoukville,2023-09-11,VIP,Paid Ads,Home & Kitchen,1,61.44,25.0,2.99,E-Wallet,Mobile,3.0,Delivered,4.0,61.44,15.36,49.07,49.07,258,18-24,Low (<$50),2024-05,Sunday,0,1
ORD100163,2024-03-12,C1384,18,Male,Cambodia,Battambang,2023-04-25,VIP,Organic Search,Sports,2,38.7,15.0,9.99,Bank Transfer,Mobile,5.0,Delivered,4.0,77.4,11.61,75.78,75.78,322,18-24,Medium ($50-150),2024-03,Tuesday,0,1
ORD100203,2024-03-26,C1620,29,Male,Malaysia,Johor Bahru,2024-03-25,Regular,Social Media,Sports,1,90.21,0.0,6.99,E-Wallet,Desktop,11.0,Delivered,,90.21,0.0,97.2,97.2,1,25-34,Medium ($50-150),2024-03,Tuesday,0,0
ORD101995,2025-06-29,C1035,46,Female,Vietnam,Ho Chi Minh City,2024-07-10,VIP,Organic Search,Toys,1,48.37,0.0,9.99,E-Wallet,Mobile,5.0,Delivered,4.0,48.37,0.0,58.36,58.36,354,45-54,Medium ($50-150),2025-06,Sunday,0,1
ORD101255,2024-12-10,C1802,38,Male,Cambodia,Battambang,2024-02-14,Regular,Email,Books,2,24.27,30.0,4.99,Bank Transfer,Desktop,7.0,Returned,,48.54,14.56,38.97,0.0,300,35-44,Low (<$50),2024-12,Tuesday,1,0
ORD100297,2024-04-22,C1402,43,Female,Cambodia,Phnom Penh,2023-02-13,Regular,Social Media,Electronics,1,170.22,5.0,0.0,PayPal,Desktop,4.0,Delivered,,170.22,8.51,161.71,161.71,434,35-44,High ($150-400),2024-04,Monday,0,0
ORD101649,2025-03-25,C1137,43,Female,Singapore,Singapore,2022-02-06,VIP,Social Media,Toys,2,12.43,0.0,2.99,Credit Card,Mobile,10.0,Delivered,,24.86,0.0,27.85,27.85,1143,35-44,Low (<$50),2025-03,Tuesday,0,0
ORD100862,2024-09-12,C1058,24,Female,Vietnam,Da Nang,2023-10-11,New,Paid Ads,Fashion,1,36.76,5.0,2.99,Credit Card,Mobile,,Cancelled,,36.76,1.84,37.91,0.0,337,18-24,Low (<$50),2024-09,Thursday,0,0
ORD100552,2024-06-29,C1074,36,Male,Thailand,Chiang Mai,2023-04-19,VIP,Email,Fashion,4,55.01,25.0,0.0,Credit Card,Mobile,3.0,Delivered,,220.04,55.01,165.03,165.03,437,35-44,High ($150-400),2024-06,Saturday,0,0
ORD101823,2025-05-17,C1166,44,Female,Vietnam,Ho Chi Minh City,2024-05-06,VIP,Social Media,Electronics,1,3.0,25.0,2.99,E-Wallet,Mobile,4.0,Delivered,4.0,3.0,0.75,5.24,5.24,376,35-44,Low (<$50),2025-05,Saturday,0,1
ORD100963,2024-10-10,C1240,24,Male,Singapore,Singapore,2022-12-03,New,Social Media,Electronics,4,116.96,0.0,0.0,E-Wallet,Mobile,6.0,Delivered,3.0,467.84,0.0,467.84,467.84,677,18-24,Premium (>$400),2024-10,Thursday,0,1
ORD101605,2025-03-11,C1521,24,Female,Philippines,Davao,2023-08-23,Regular,Organic Search,Home & Kitchen,1,97.06,0.0,2.99,E-Wallet,Mobile,11.0,Delivered,3.0,97.06,0.0,100.05,100.05,566,18-24,Medium ($50-150),2025-03,Tuesday,0,1
ORD101402,2025-01-02,C1636,32,Female,Cambodia,Sihanoukville,2024-05-29,VIP,Organic Search,Fashion,1,116.23,5.0,6.99,E-Wallet,Mobile,2.0,Delivered,,116.23,5.81,117.41,117.41,218,25-34,Medium ($50-150),2025-01,Thursday,0,0
ORD100218,2024-03-31,C1048,41,Female,Thailand,Chiang Mai,2022-09-23,Regular,Social Media,Home & Kitchen,1,19.03,5.0,6.99,Cash on Delivery,Mobile,8.0,Delivered,3.0,19.03,0.95,25.07,25.07,555,35-44,Low (<$50),2024-03,Sunday,0,1
ORD101975,2025-06-22,C1678,38,Female,Vietnam,Ho Chi Minh City,2023-06-16,VIP,Organic Search,Electronics,1,368.39,5.0,0.0,E-Wallet,Desktop,,Cancelled,,368.39,18.42,349.97,0.0,737,35-44,High ($150-400),2025-06,Sunday,0,0
ORD101503,2025-02-04,C1613,39,Female,Indonesia,Bandung,2022-02-09,New,Organic Search,Books,1,21.96,20.0,2.99,E-Wallet,Mobile,6.0,Delivered,3.0,21.96,4.39,20.56,20.56,1091,35-44,Low (<$50),2025-02,Tuesday,0,1
ORD101338,2024-12-22,C1280,39,Female,Thailand,Bangkok,2022-02-06,New,Organic Search,Home & Kitchen,3,37.07,0.0,4.99,Credit Card,Mobile,2.0,Delivered,3.0,111.21,0.0,116.2,116.2,1050,35-44,Medium ($50-150),2024-12,Sunday,0,1
ORD101775,2025-05-05,C1356,37,Male,Cambodia,Sihanoukville,2023-08-09,New,Paid Ads,Beauty,1,70.38,20.0,6.99,Credit Card,Mobile,1.0,Delivered,5.0,70.38,14.08,63.29,63.29,635,35-44,Medium ($50-150),2025-05,Monday,0,1
ORD101609,2025-03-13,C1641,42,Male,Vietnam,Ho Chi Minh City,2024-04-29,Regular,Social Media,Home & Kitchen,1,134.57,0.0,0.0,E-Wallet,Desktop,,Cancelled,,134.57,0.0,134.57,0.0,318,35-44,Medium ($50-150),2025-03,Thursday,0,0
ORD100059,2024-01-25,C1522,49,Male,Singapore,Singapore,2022-10-21,New,Referral,Beauty,3,17.39,5.0,9.99,E-Wallet,Mobile,2.0,Returned,,52.17,2.61,59.55,0.0,461,45-54,Medium ($50-150),2024-01,Thursday,1,0
ORD100529,2024-06-20,C1514,43,Male,Singapore,Singapore,2022-09-29,New,Organic Search,Electronics,1,115.15,15.0,9.99,E-Wallet,Mobile,10.0,Delivered,3.0,115.15,17.27,107.87,107.87,630,35-44,Medium ($50-150),2024-06,Thursday,0,1
ORD100429,2024-05-27,C1614,25,Male,Cambodia,Battambang,2023-01-23,VIP,Social Media,Home & Kitchen,1,21.94,15.0,4.99,Bank Transfer,Mobile,,Cancelled,,21.94,3.29,23.64,0.0,490,25-34,Low (<$50),2024-05,Monday,0,0
ORD100073,2024-01-31,C1164,43,Female,Cambodia,Sihanoukville,2023-03-30,VIP,Social Media,Beauty,1,28.43,5.0,9.99,Bank Transfer,Mobile,10.0,Delivered,2.0,28.43,1.42,37.0,37.0,307,35-44,Low (<$50),2024-01,Wednesday,0,1
ORD100162,2024-03-12,C1330,51,Male,Vietnam,Ho Chi Minh City,2023-10-07,New,Email,Electronics,1,324.83,0.0,0.0,Credit Card,Mobile,8.0,Delivered,4.0,324.83,0.0,324.83,324.83,157,45-54,High ($150-400),2024-03,Tuesday,0,1
ORD100855,2024-09-08,C1770,53,Female,Cambodia,Sihanoukville,2022-01-07,New,Email,Books,1,28.2,5.0,4.99,E-Wallet,Mobile,6.0,Delivered,,28.2,1.41,31.78,31.78,975,45-54,Low (<$50),2024-09,Sunday,0,0
ORD100543,2024-06-26,C1820,29,Female,Singapore,Singapore,2022-10-19,New,Social Media,Fashion,2,50.16,15.0,4.99,Credit Card,Tablet,9.0,Delivered,4.0,100.32,15.05,90.26,90.26,616,25-34,Medium ($50-150),2024-06,Wednesday,0,1
ORD100943,2024-10-04,C1684,29,Male,Cambodia,Siem Reap,2024-02-23,Regular,Paid Ads,Electronics,5,373.43,5.0,0.0,E-Wallet,Mobile,1.0,Delivered,3.0,1867.15,93.36,1773.79,1773.79,224,25-34,Premium (>$400),2024-10,Friday,0,1
ORD101068,2024-11-06,C1665,18,Male,Vietnam,Da Nang,2024-09-09,New,Referral,Electronics,1,3.0,10.0,6.99,Cash on Delivery,Mobile,7.0,Delivered,,3.0,0.3,9.69,9.69,58,18-24,Low (<$50),2024-11,Wednesday,0,0
ORD100614,2024-07-14,C1459,34,Female,Cambodia,Battambang,2023-11-08,Regular,Paid Ads,Home & Kitchen,1,89.99,10.0,9.99,E-Wallet,Desktop,1.0,Delivered,3.0,89.99,9.0,90.98,90.98,249,25-34,Medium ($50-150),2024-07,Sunday,0,1
ORD101106,2024-11-11,C1405,31,Female,Cambodia,Phnom Penh,2023-04-03,New,Paid Ads,Electronics,2,411.54,30.0,0.0,Bank Transfer,Desktop,3.0,Delivered,,823.08,246.92,576.16,576.16,588,25-34,Premium (>$400),2024-11,Monday,0,0
ORD100045,2024-01-19,C1808,30,Male,Cambodia,Battambang,2023-02-07,New,Paid Ads,Fashion,1,56.15,5.0,6.99,E-Wallet,Desktop,11.0,Delivered,,56.15,2.81,60.33,60.33,346,25-34,Medium ($50-150),2024-01,Friday,0,0
ORD101211,2024-11-30,C1506,61,Male,Philippines,Cebu,2022-01-24,VIP,Paid Ads,Electronics,2,267.61,10.0,0.0,Bank Transfer,Desktop,5.0,Delivered,4.0,535.22,53.52,481.7,481.7,1041,55+,Premium (>$400),2024-11,Saturday,0,1
ORD100968,2024-10-13,C1061,30,Male,Philippines,Davao,2024-05-03,Regular,Social Media,Books,3,23.56,15.0,6.99,Bank Transfer,Mobile,9.0,Delivered,3.0,70.68,10.6,67.07,67.07,163,25-34,Medium ($50-150),2024-10,Sunday,0,1
ORD101516,2025-02-12,C1418,33,Female,Cambodia,Battambang,2023-03-05,Regular,Referral,Fashion,3,36.57,25.0,6.99,E-Wallet,Desktop,,Cancelled,,109.71,27.43,89.27,0.0,710,25-34,Medium ($50-150),2025-02,Wednesday,0,0
ORD101544,2025-02-21,C1670,43,Female,Cambodia,Siem Reap,2024-05-08,VIP,Paid Ads,Electronics,1,61.45,10.0,4.99,Bank Transfer,Mobile,4.0,Delivered,,61.45,6.14,60.3,60.3,289,35-44,Medium ($50-150),2025-02,Friday,0,0
ORD100076,2024-01-31,C1813,28,Female,Cambodia,Battambang,2022-03-19,Regular,Organic Search,Books,2,19.54,30.0,2.99,E-Wallet,Mobile,6.0,Delivered,2.0,39.08,11.72,30.35,30.35,683,25-34,Low (<$50),2024-01,Wednesday,0,1
ORD101961,2025-06-19,C1059,45,Female,Malaysia,Kuala Lumpur,2024-08-18,New,Social Media,Beauty,2,28.59,0.0,4.99,E-Wallet,Mobile,1.0,Delivered,4.0,57.18,0.0,62.17,62.17,305,45-54,Medium ($50-150),2025-06,Thursday,0,1
ORD101444,2025-01-15,C1254,31,Female,Singapore,Singapore,2022-12-10,VIP,Organic Search,Home & Kitchen,1,84.96,5.0,9.99,E-Wallet,Mobile,3.0,Delivered,4.0,84.96,4.25,90.7,90.7,767,25-34,Medium ($50-150),2025-01,Wednesday,0,1
ORD101588,2025-03-06,C1435,27,Male,Indonesia,Bandung,2023-01-11,New,Paid Ads,Beauty,4,49.25,5.0,0.0,Credit Card,Mobile,1.0,Delivered,,197.0,9.85,187.15,187.15,785,25-34,High ($150-400),2025-03,Thursday,0,0
ORD100599,2024-07-11,C1280,39,Female,Thailand,Bangkok,2022-02-06,New,Organic Search,Home & Kitchen,1,86.11,5.0,9.99,E-Wallet,Mobile,,Cancelled,,86.11,4.31,91.79,0.0,886,35-44,Medium ($50-150),2024-07,Thursday,0,0
ORD100483,2024-06-09,C1329,28,Male,Malaysia,Penang,2022-02-14,VIP,Social Media,Fashion,1,27.42,0.0,2.99,Credit Card,Mobile,,Cancelled,,27.42,0.0,30.41,0.0,846,25-34,Low (<$50),2024-06,Sunday,0,0
ORD101179,2024-11-25,C1351,43,Male,Cambodia,Siem Reap,2023-10-15,Regular,Paid Ads,Beauty,1,28.79,5.0,4.99,Bank Transfer,Mobile,8.0,Delivered,,28.79,1.44,32.34,32.34,407,35-44,Low (<$50),2024-11,Monday,0,0
ORD101440,2025-01-13,C1535,41,Female,Vietnam,Ho Chi Minh City,2022-09-01,Regular,Paid Ads,Fashion,3,52.65,5.0,0.0,E-Wallet,Mobile,5.0,Delivered,,157.95,7.9,150.05,150.05,865,35-44,High ($150-400),2025-01,Monday,0,0
ORD100030,2024-01-15,C1692,44,Male,Malaysia,Penang,2024-01-12,New,Organic Search,Books,1,16.68,10.0,6.99,Cash on Delivery,Mobile,11.0,Delivered,,16.68,1.67,22.0,22.0,3,35-44,Low (<$50),2024-01,Monday,0,0
ORD101555,2025-02-24,C1451,38,Male,Thailand,Bangkok,2022-04-10,VIP,Organic Search,Home & Kitchen,1,100.67,10.0,4.99,PayPal,Mobile,10.0,Delivered,4.0,100.67,10.07,95.59,95.59,1051,35-44,Medium ($50-150),2025-02,Monday,0,1
ORD101545,2025-02-21,C1509,39,Female,Thailand,Bangkok,2024-03-18,Regular,Organic Search,Sports,1,71.8,5.0,9.99,Cash on Delivery,Mobile,6.0,Delivered,4.0,71.8,3.59,78.2,78.2,340,35-44,Medium ($50-150),2025-02,Friday,0,1
ORD101464,2025-01-21,C1546,36,Male,Cambodia,Sihanoukville,2023-01-23,Regular,Organic Search,Beauty,2,28.46,10.0,9.99,Cash on Delivery,Desktop,11.0,Delivered,5.0,56.92,5.69,61.22,61.22,729,35-44,Medium ($50-150),2025-01,Tuesday,0,1
ORD100654,2024-07-26,C1206,25,Male,Vietnam,Hanoi,2022-06-17,New,Social Media,Electronics,1,243.11,0.0,0.0,PayPal,Desktop,8.0,Delivered,,243.11,0.0,243.11,243.11,770,25-34,High ($150-400),2024-07,Friday,0,0
ORD100834,2024-09-06,C1074,36,Male,Thailand,Chiang Mai,2023-04-19,VIP,Email,Home & Kitchen,2,66.74,30.0,0.0,Bank Transfer,Tablet,11.0,Delivered,,133.48,40.04,93.44,93.44,506,35-44,Medium ($50-150),2024-09,Friday,0,0
ORD101711,2025-04-15,C1545,32,Male,Malaysia,Penang,2022-11-18,Regular,Paid Ads,Sports,1,38.62,5.0,2.99,Credit Card,Desktop,,Cancelled,,38.62,1.93,39.68,0.0,879,25-34,Low (<$50),2025-04,Tuesday,0,0
ORD100534,2024-06-21,C1216,40,Female,Cambodia,Sihanoukville,2024-06-20,VIP,Email,Home & Kitchen,1,130.4,15.0,0.0,Credit Card,Mobile,4.0,Delivered,4.0,130.4,19.56,110.84,110.84,1,35-44,Medium ($50-150),2024-06,Friday,0,1
ORD101583,2025-03-04,C1163,25,Male,Malaysia,Johor Bahru,2022-10-08,VIP,Referral,Beauty,1,24.34,5.0,2.99,Cash on Delivery,Desktop,11.0,Delivered,3.0,24.34,1.22,26.11,26.11,878,25-34,Low (<$50),2025-03,Tuesday,0,1
ORD101600,2025-03-09,C1523,32,Female,Philippines,Davao,2023-02-03,VIP,Email,Home & Kitchen,1,36.55,20.0,2.99,Cash on Delivery,Desktop,7.0,Delivered,,36.55,7.31,32.23,32.23,765,25-34,Low (<$50),2025-03,Sunday,0,0
ORD101414,2025-01-05,C1804,48,Male,Cambodia,Siem Reap,2023-10-13,VIP,Social Media,Fashion,2,38.98,5.0,6.99,Cash on Delivery,Desktop,7.0,Delivered,4.0,77.96,3.9,81.05,81.05,450,45-54,Medium ($50-150),2025-01,Sunday,0,1
ORD101606,2025-03-11,C1455,36,Male,Thailand,Chiang Mai,2023-08-31,VIP,Organic Search,Fashion,1,61.5,30.0,9.99,Cash on Delivery,Mobile,6.0,Delivered,,61.5,18.45,53.04,53.04,558,35-44,Medium ($50-150),2025-03,Tuesday,0,0
ORD100044,2024-01-19,C1701,31,Male,Vietnam,Ho Chi Minh City,2023-03-09,Regular,Email,Fashion,1,46.76,20.0,9.99,Bank Transfer,Mobile,3.0,Delivered,,46.76,9.35,47.4,47.4,316,25-34,Low (<$50),2024-01,Friday,0,0
ORD101160,2024-11-21,C1291,36,Female,Singapore,Singapore,2022-09-06,New,Referral,Fashion,2,81.68,20.0,0.0,Cash on Delivery,Mobile,8.0,Delivered,3.0,163.36,32.67,130.69,130.69,807,35-44,Medium ($50-150),2024-11,Thursday,0,1
ORD100168,2024-03-14,C1277,22,Male,Cambodia,Siem Reap,2023-07-06,Regular,Referral,Home & Kitchen,1,47.2,0.0,2.99,Cash on Delivery,Desktop,10.0,Delivered,5.0,47.2,0.0,50.19,50.19,252,18-24,Medium ($50-150),2024-03,Thursday,0,1
ORD100303,2024-04-24,C1543,32,Male,Vietnam,Hanoi,2023-07-29,VIP,Email,Beauty,2,26.57,15.0,4.99,Bank Transfer,Mobile,2.0,Delivered,5.0,53.14,7.97,50.16,50.16,270,25-34,Medium ($50-150),2024-04,Wednesday,0,1
ORD101627,2025-03-18,C1349,50,Female,Cambodia,Siem Reap,2023-07-06,VIP,Organic Search,Electronics,1,190.97,0.0,0.0,Cash on Delivery,Desktop,3.0,Delivered,4.0,190.97,0.0,190.97,190.97,621,45-54,High ($150-400),2025-03,Tuesday,0,1
ORD100651,2024-07-24,C1108,43,Male,Philippines,Davao,2022-06-05,VIP,Referral,Beauty,1,18.47,0.0,4.99,Cash on Delivery,Tablet,9.0,Delivered,3.0,18.47,0.0,23.46,23.46,780,35-44,Low (<$50),2024-07,Wednesday,0,1
ORD101969,2025-06-21,C1399,26,Female,Vietnam,Hanoi,2024-08-25,VIP,Organic Search,Fashion,1,49.24,20.0,9.99,Credit Card,Desktop,7.0,Delivered,,49.24,9.85,49.38,49.38,300,25-34,Low (<$50),2025-06,Saturday,0,0
ORD101990,2025-06-27,C1819,21,Male,Vietnam,Ho Chi Minh City,2022-03-06,Regular,Paid Ads,Toys,1,24.59,30.0,9.99,E-Wallet,Desktop,,Cancelled,,24.59,7.38,27.2,0.0,1209,18-24,Low (<$50),2025-06,Friday,0,0
ORD101679,2025-04-04,C1230,18,Male,Thailand,Phuket,2023-03-23,New,Organic Search,Beauty,2,27.65,0.0,9.99,Cash on Delivery,Mobile,10.0,Delivered,,55.3,0.0,65.29,65.29,743,18-24,Medium ($50-150),2025-04,Friday,0,0
ORD100930,2024-09-29,C1449,38,Female,Cambodia,Battambang,2022-07-04,Regular,Organic Search,Fashion,2,22.87,15.0,9.99,Credit Card,Mobile,8.0,Delivered,,45.74,6.86,48.87,48.87,818,35-44,Low (<$50),2024-09,Sunday,0,0
ORD100710,2024-08-09,C1484,33,Female,Cambodia,Sihanoukville,2023-10-18,Regular,Social Media,Fashion,1,79.1,0.0,9.99,E-Wallet,Mobile,,Cancelled,,79.1,0.0,89.09,0.0,296,25-34,Medium ($50-150),2024-08,Friday,0,0
ORD100744,2024-08-18,C1834,26,Female,Indonesia,Jakarta,2024-05-29,VIP,Email,Fashion,2,15.38,5.0,9.99,Cash on Delivery,Mobile,8.0,Delivered,3.0,30.76,1.54,39.21,39.21,81,25-34,Low (<$50),2024-08,Sunday,0,1
ORD101742,2025-04-25,C1661,34,Male,Cambodia,Phnom Penh,2024-02-20,Regular,Organic Search,Toys,1,45.59,0.0,6.99,E-Wallet,Desktop,5.0,Delivered,,45.59,0.0,52.58,52.58,430,25-34,Medium ($50-150),2025-04,Friday,0,0
ORD101361,2024-12-26,C1063,40,Female,Vietnam,Ho Chi Minh City,2022-03-08,Regular,Email,Home & Kitchen,2,40.25,5.0,4.99,Bank Transfer,Mobile,4.0,Delivered,3.0,80.5,4.03,81.46,81.46,1024,35-44,Medium ($50-150),2024-12,Thursday,0,1
ORD101506,2025-02-04,C1471,30,Male,Cambodia,Battambang,2023-03-15,New,Paid Ads,Electronics,1,25.99,10.0,2.99,Credit Card,Mobile,3.0,Delivered,5.0,25.99,2.6,26.38,26.38,692,25-34,Low (<$50),2025-02,Tuesday,0,1
ORD101269,2024-12-12,C1269,34,Male,Thailand,Chiang Mai,2023-08-12,Regular,Social Media,Electronics,1,92.38,15.0,9.99,E-Wallet,Desktop,3.0,Delivered,5.0,92.38,13.86,88.51,88.51,488,25-34,Medium ($50-150),2024-12,Thursday,0,1
ORD100353,2024-05-08,C1002,42,Male,Thailand,Phuket,2024-05-07,Regular,Email,Home & Kitchen,2,112.56,0.0,0.0,Credit Card,Desktop,,Cancelled,,225.12,0.0,225.12,0.0,1,35-44,High ($150-400),2024-05,Wednesday,0,0
ORD100366,2024-05-10,C1517,26,Female,Singapore,Singapore,2024-05-09,Regular,Organic Search,Beauty,1,33.62,5.0,2.99,Credit Card,Desktop,5.0,Returned,3.0,33.62,1.68,34.93,0.0,1,25-34,Low (<$50),2024-05,Friday,1,1
ORD101412,2025-01-05,C1831,51,Male,Cambodia,Battambang,2023-01-08,New,Organic Search,Beauty,4,51.66,0.0,0.0,Credit Card,Desktop,9.0,Delivered,3.0,206.64,0.0,206.64,206.64,728,45-54,High ($150-400),2025-01,Sunday,0,1
ORD101901,2025-06-06,C1401,36,Male,Vietnam,Da Nang,2022-03-21,VIP,Social Media,Home & Kitchen,3,17.3,0.0,9.99,Credit Card,Desktop,6.0,Delivered,3.0,51.9,0.0,61.89,61.89,1173,35-44,Medium ($50-150),2025-06,Friday,0,1
ORD100185,2024-03-20,C1205,33,Female,Singapore,Singapore,2023-03-15,VIP,Organic Search,Home & Kitchen,2,61.08,15.0,0.0,Cash on Delivery,Desktop,3.0,Delivered,,122.16,18.32,103.84,103.84,371,25-34,Medium ($50-150),2024-03,Wednesday,0,0
ORD100923,2024-09-27,C1568,40,Female,Thailand,Chiang Mai,2024-09-26,New,Paid Ads,Electronics,2,108.43,10.0,0.0,Bank Transfer,Desktop,11.0,Delivered,3.0,216.86,21.69,195.17,195.17,1,35-44,High ($150-400),2024-09,Friday,0,1
ORD100438,2024-05-29,C1050,34,Male,Cambodia,Siem Reap,2022-09-30,Regular,Social Media,Electronics,1,163.6,0.0,0.0,E-Wallet,Mobile,5.0,Delivered,,163.6,0.0,163.6,163.6,607,25-34,High ($150-400),2024-05,Wednesday,0,0
ORD101299,2024-12-16,C1605,40,Male,Singapore,Singapore,2022-09-07,New,Organic Search,Beauty,2,19.55,0.0,9.99,Bank Transfer,Mobile,6.0,Delivered,4.0,39.1,0.0,49.09,49.09,831,35-44,Low (<$50),2024-12,Monday,0,1
ORD101229,2024-12-04,C1023,32,Male,Singapore,Singapore,2023-04-22,VIP,Email,Electronics,3,58.59,5.0,0.0,PayPal,Desktop,4.0,Delivered,,175.77,8.79,166.98,166.98,592,25-34,High ($150-400),2024-12,Wednesday,0,0
ORD100300,2024-04-24,C1350,38,Male,Vietnam,Ho Chi Minh City,2022-11-05,Regular,Email,Electronics,1,3.0,0.0,2.99,Credit Card,Mobile,5.0,Returned,3.0,3.0,0.0,5.99,0.0,536,35-44,Low (<$50),2024-04,Wednesday,1,1
ORD100382,2024-05-14,C1128,27,Female,Cambodia,Sihanoukville,2022-10-01,Regular,Referral,Beauty,2,45.52,5.0,2.99,PayPal,Desktop,6.0,Delivered,,91.04,4.55,89.48,89.48,591,25-34,Medium ($50-150),2024-05,Tuesday,0,0
ORD101047,2024-11-02,C1666,18,Male,Cambodia,Battambang,2023-09-24,VIP,Paid Ads,Home & Kitchen,2,42.84,0.0,2.99,Bank Transfer,Mobile,5.0,Delivered,4.0,85.68,0.0,88.67,88.67,405,18-24,Medium ($50-150),2024-11,Saturday,0,1
ORD101591,2025-03-07,C1170,27,Male,Thailand,Chiang Mai,2023-04-17,New,Social Media,Sports,1,98.78,30.0,4.99,Cash on Delivery,Tablet,,Cancelled,,98.78,29.63,74.14,0.0,690,25-34,Medium ($50-150),2025-03,Friday,0,0
ORD101744,2025-04-25,C1494,31,Female,Singapore,Singapore,2024-03-16,VIP,Referral,Fashion,2,50.26,25.0,9.99,Bank Transfer,Mobile,,Cancelled,,100.52,25.13,85.38,0.0,405,25-34,Medium ($50-150),2025-04,Friday,0,0
ORD100374,2024-05-13,C1325,42,Male,Cambodia,Phnom Penh,2024-01-08,Regular,Paid Ads,Electronics,2,86.21,0.0,0.0,Credit Card,Mobile,5.0,Delivered,,172.42,0.0,172.42,172.42,126,35-44,High ($150-400),2024-05,Monday,0,0
ORD101977,2025-06-23,C1557,23,Female,Malaysia,Kuala Lumpur,2023-12-03,Regular,Organic Search,Home & Kitchen,1,84.67,20.0,4.99,Credit Card,Mobile,1.0,Delivered,4.0,84.67,16.93,72.73,72.73,568,18-24,Medium ($50-150),2025-06,Monday,0,1
ORD101394,2024-12-31,C1117,34,Male,Vietnam,Hanoi,2023-03-14,Regular,Social Media,Home & Kitchen,1,76.86,0.0,2.99,Credit Card,Tablet,8.0,Delivered,4.0,76.86,0.0,79.85,79.85,658,25-34,Medium ($50-150),2024-12,Tuesday,0,1
ORD101893,2025-06-03,C1016,38,Female,Cambodia,Sihanoukville,2023-04-13,VIP,Referral,Beauty,2,7.92,25.0,2.99,E-Wallet,Mobile,7.0,Delivered,3.0,15.84,3.96,14.87,14.87,782,35-44,Low (<$50),2025-06,Tuesday,0,1
ORD100175,2024-03-17,C1494,31,Female,Singapore,Singapore,2024-03-16,VIP,Referral,Electronics,4,39.19,25.0,0.0,E-Wallet,Desktop,7.0,Returned,2.0,156.76,39.19,117.57,0.0,1,25-34,Medium ($50-150),2024-03,Sunday,1,1
ORD100869,2024-09-14,C1149,36,Male,Indonesia,Jakarta,2023-12-18,VIP,Social Media,Beauty,2,25.35,10.0,4.99,Credit Card,Mobile,1.0,Delivered,,50.7,5.07,50.62,50.62,271,35-44,Medium ($50-150),2024-09,Saturday,0,0
ORD101200,2024-11-27,C1475,30,Female,Vietnam,Hanoi,2023-11-22,VIP,Paid Ads,Books,1,14.71,20.0,2.99,Credit Card,Mobile,9.0,Delivered,2.0,14.71,2.94,14.76,14.76,371,25-34,Low (<$50),2024-11,Wednesday,0,1
ORD101644,2025-03-25,C1503,18,Female,Cambodia,Battambang,2023-11-19,VIP,Paid Ads,Electronics,2,211.03,5.0,0.0,Credit Card,Desktop,4.0,Delivered,,422.06,21.1,400.96,400.96,492,18-24,Premium (>$400),2025-03,Tuesday,0,0
ORD100123,2024-02-20,C1838,54,Male,Vietnam,Ho Chi Minh City,2023-09-28,New,Email,Books,2,20.18,0.0,6.99,Credit Card,Mobile,8.0,Delivered,,40.36,0.0,47.35,47.35,145,45-54,Low (<$50),2024-02,Tuesday,0,0
ORD101302,2024-12-16,C1616,42,Male,Vietnam,Hanoi,2024-07-30,VIP,Organic Search,Books,1,14.59,5.0,6.99,E-Wallet,Desktop,3.0,Delivered,,14.59,0.73,20.85,20.85,139,35-44,Low (<$50),2024-12,Monday,0,0
ORD101280,2024-12-13,C1484,33,Female,Cambodia,Sihanoukville,2023-10-18,Regular,Social Media,Toys,3,19.11,0.0,2.99,Credit Card,Mobile,,Cancelled,,57.33,0.0,60.32,0.0,422,25-34,Medium ($50-150),2024-12,Friday,0,0
ORD101691,2025-04-08,C1502,26,Male,Philippines,Cebu,2023-04-09,VIP,Paid Ads,Fashion,1,21.57,0.0,9.99,Credit Card,Mobile,11.0,Delivered,3.0,21.57,0.0,31.56,31.56,730,25-34,Low (<$50),2025-04,Tuesday,0,1
ORD100039,2024-01-17,C1219,26,Male,Vietnam,Hanoi,2022-03-05,Regular,Organic Search,Electronics,1,192.5,10.0,0.0,Bank Transfer,Desktop,2.0,Delivered,5.0,192.5,19.25,173.25,173.25,683,25-34,High ($150-400),2024-01,Wednesday,0,1
ORD100416,2024-05-24,C1039,41,Male,Cambodia,Battambang,2023-09-27,Regular,Organic Search,Electronics,4,121.58,5.0,0.0,Bank Transfer,Tablet,10.0,Delivered,1.0,486.32,24.32,462.0,462.0,240,35-44,Premium (>$400),2024-05,Friday,0,1
ORD101830,2025-05-20,C1336,27,Female,Cambodia,Sihanoukville,2023-03-23,New,Email,Toys,3,49.67,5.0,0.0,E-Wallet,Mobile,6.0,Delivered,4.0,149.01,7.45,141.56,141.56,789,25-34,Medium ($50-150),2025-05,Tuesday,0,1
ORD100331,2024-05-04,C1819,21,Male,Vietnam,Ho Chi Minh City,2022-03-06,Regular,Paid Ads,Electronics,2,66.36,0.0,0.0,Credit Card,Desktop,1.0,Delivered,4.0,132.72,0.0,132.72,132.72,790,18-24,Medium ($50-150),2024-05,Saturday,0,1
ORD100807,2024-08-31,C1166,44,Female,Vietnam,Ho Chi Minh City,2024-05-06,VIP,Social Media,Electronics,3,19.6,0.0,2.99,Credit Card,Mobile,2.0,Returned,2.0,58.8,0.0,61.79,0.0,117,35-44,Medium ($50-150),2024-08,Saturday,1,1
ORD100194,2024-03-24,C1247,54,Male,Vietnam,Hanoi,2024-02-14,VIP,Organic Search,Electronics,1,138.48,35.0,0.0,Credit Card,Mobile,7.0,Delivered,4.0,138.48,48.47,90.01,90.01,39,45-54,Medium ($50-150),2024-03,Sunday,0,1
ORD100966,2024-10-11,C1245,20,Male,Cambodia,Sihanoukville,2022-03-01,Regular,Organic Search,Beauty,1,55.98,0.0,2.99,E-Wallet,Tablet,11.0,Delivered,,55.98,0.0,58.97,58.97,955,18-24,Medium ($50-150),2024-10,Friday,0,0
ORD101033,2024-10-30,C1789,32,Male,Singapore,Singapore,2022-12-05,VIP,Paid Ads,Home & Kitchen,3,77.33,10.0,0.0,E-Wallet,Mobile,3.0,Delivered,5.0,231.99,23.2,208.79,208.79,695,25-34,High ($150-400),2024-10,Wednesday,0,1
ORD101934,2025-06-13,C1037,25,Female,Thailand,Bangkok,2023-05-22,Regular,Organic Search,Electronics,1,225.22,10.0,0.0,E-Wallet,Desktop,11.0,Delivered,3.0,225.22,22.52,202.7,202.7,753,25-34,High ($150-400),2025-06,Friday,0,1
ORD100322,2024-04-30,C1739,18,Male,Singapore,Singapore,2023-02-15,Regular,Social Media,Beauty,5,6.45,5.0,9.99,Credit Card,Mobile,8.0,Delivered,2.0,32.25,1.61,40.63,40.63,440,18-24,Low (<$50),2024-04,Tuesday,0,1
ORD101222,2024-12-03,C1423,18,Female,Vietnam,Ho Chi Minh City,2023-12-23,Regular,Social Media,Sports,1,3.0,0.0,2.99,Credit Card,Mobile,4.0,Delivered,3.0,3.0,0.0,5.99,5.99,346,18-24,Low (<$50),2024-12,Tuesday,0,1
ORD100266,2024-04-15,C1752,23,Female,Cambodia,Siem Reap,2022-08-12,New,Paid Ads,Sports,2,94.37,10.0,0.0,PayPal,Mobile,,Cancelled,,188.74,18.87,169.87,0.0,612,18-24,High ($150-400),2024-04,Monday,0,0
ORD101530,2025-02-16,C1315,31,Male,Thailand,Phuket,2024-04-08,Regular,Organic Search,Electronics,1,124.04,0.0,0.0,E-Wallet,Tablet,7.0,Delivered,4.0,124.04,0.0,124.04,124.04,314,25-34,Medium ($50-150),2025-02,Sunday,0,1
ORD101460,2025-01-19,C1120,23,Male,Thailand,Chiang Mai,2023-02-13,Regular,Referral,Home & Kitchen,1,70.26,15.0,6.99,Credit Card,Tablet,9.0,Delivered,3.0,70.26,10.54,66.71,66.71,706,18-24,Medium ($50-150),2025-01,Sunday,0,1
ORD100067,2024-01-27,C1026,34,Female,Vietnam,Ho Chi Minh City,2023-03-23,New,Organic Search,Home & Kitchen,2,44.08,25.0,9.99,Credit Card,Mobile,9.0,Delivered,,88.16,22.04,76.11,76.11,310,25-34,Medium ($50-150),2024-01,Saturday,0,0
ORD101696,2025-04-09,C1461,25,Male,Cambodia,Battambang,2024-06-04,VIP,Organic Search,Beauty,2,34.8,0.0,2.99,E-Wallet,Mobile,5.0,Delivered,4.0,69.6,0.0,72.59,72.59,309,25-34,Medium ($50-150),2025-04,Wednesday,0,1
ORD101673,2025-04-02,C1723,18,Male,Indonesia,Surabaya,2022-01-20,VIP,Social Media,Beauty,1,49.91,0.0,9.99,E-Wallet,Mobile,1.0,Delivered,5.0,49.91,0.0,59.9,59.9,1168,18-24,Medium ($50-150),2025-04,Wednesday,0,1
ORD100819,2024-09-02,C1008,34,Female,Cambodia,Battambang,2024-08-31,Regular,Paid Ads,Sports,1,61.88,5.0,6.99,Credit Card,Desktop,7.0,Returned,3.0,61.88,3.09,65.78,0.0,2,25-34,Medium ($50-150),2024-09,Monday,1,1
ORD101947,2025-06-16,C1210,44,Male,Thailand,Bangkok,2024-03-04,VIP,Organic Search,Toys,1,12.2,5.0,4.99,Credit Card,Mobile,11.0,Delivered,4.0,12.2,0.61,16.58,16.58,469,35-44,Low (<$50),2025-06,Monday,0,1
ORD101518,2025-02-12,C1834,26,Female,Indonesia,Jakarta,2024-05-29,VIP,Email,Electronics,1,89.7,0.0,2.99,Cash on Delivery,Mobile,3.0,Returned,3.0,89.7,0.0,92.69,0.0,259,25-34,Medium ($50-150),2025-02,Wednesday,1,1
ORD101964,2025-06-20,C1114,35,Female,Vietnam,Da Nang,2023-03-31,Regular,Paid Ads,Home & Kitchen,1,57.5,0.0,6.99,E-Wallet,Mobile,9.0,Delivered,,57.5,0.0,64.49,64.49,812,35-44,Medium ($50-150),2025-06,Friday,0,0
ORD101441,2025-01-14,C1014,39,Female,Thailand,Bangkok,2023-11-07,VIP,Organic Search,Beauty,2,27.13,0.0,2.99,Cash on Delivery,Desktop,3.0,Delivered,3.0,54.26,0.0,57.25,57.25,434,35-44,Medium ($50-150),2025-01,Tuesday,0,1
ORD100892,2024-09-19,C1256,39,Male,Thailand,Chiang Mai,2022-08-25,Regular,Social Media,Electronics,4,285.66,0.0,0.0,Bank Transfer,Desktop,9.0,Delivered,,1142.64,0.0,1142.64,1142.64,756,35-44,Premium (>$400),2024-09,Thursday,0,0
ORD100567,2024-07-02,C1670,43,Female,Cambodia,Siem Reap,2024-05-08,VIP,Paid Ads,Electronics,2,365.06,35.0,0.0,Cash on Delivery,Tablet,8.0,Delivered,4.0,730.12,255.54,474.58,474.58,55,35-44,Premium (>$400),2024-07,Tuesday,0,1
ORD100922,2024-09-27,C1381,48,Male,Cambodia,Sihanoukville,2024-09-26,New,Email,Fashion,1,3.0,20.0,2.99,Cash on Delivery,Mobile,1.0,Delivered,,3.0,0.6,5.39,5.39,1,45-54,Low (<$50),2024-09,Friday,0,0
ORD101576,2025-03-02,C1607,39,Female,Philippines,Cebu,2023-04-01,New,Organic Search,Sports,4,51.5,0.0,0.0,Credit Card,Mobile,2.0,Delivered,4.0,206.0,0.0,206.0,206.0,701,35-44,High ($150-400),2025-03,Sunday,0,1
ORD101668,2025-04-01,C1746,54,Male,Cambodia,Phnom Penh,2024-03-22,New,Paid Ads,Beauty,4,15.2,0.0,6.99,E-Wallet,Desktop,11.0,Delivered,3.0,60.8,0.0,67.79,67.79,375,45-54,Medium ($50-150),2025-04,Tuesday,0,1
ORD100886,2024-09-18,C1518,44,Male,Thailand,Bangkok,2023-10-25,VIP,Paid Ads,Home & Kitchen,1,102.29,10.0,6.99,E-Wallet,Mobile,9.0,Delivered,4.0,102.29,10.23,99.05,99.05,329,35-44,Medium ($50-150),2024-09,Wednesday,0,1
ORD100507,2024-06-14,C1669,18,Female,Cambodia,Battambang,2023-02-03,VIP,Email,Sports,2,64.02,20.0,0.0,Bank Transfer,Mobile,8.0,Delivered,,128.04,25.61,102.43,102.43,497,18-24,Medium ($50-150),2024-06,Friday,0,0
ORD100986,2024-10-17,C1074,36,Male,Thailand,Chiang Mai,2023-04-19,VIP,Email,Toys,1,27.99,25.0,6.99,PayPal,Desktop,5.0,Returned,,27.99,7.0,27.98,0.0,547,35-44,Low (<$50),2024-10,Thursday,1,0
ORD101385,2024-12-29,C1650,54,Male,Thailand,Chiang Mai,2024-01-28,VIP,Social Media,Toys,2,53.5,0.0,6.99,PayPal,Tablet,2.0,Delivered,,107.0,0.0,113.99,113.99,336,45-54,Medium ($50-150),2024-12,Sunday,0,0
ORD101856,2025-05-27,C1713,34,Male,Singapore,Singapore,2022-03-06,Regular,Referral,Books,3,6.2,30.0,9.99,E-Wallet,Desktop,5.0,Delivered,3.0,18.6,5.58,23.01,23.01,1178,25-34,Low (<$50),2025-05,Tuesday,0,1
ORD101563,2025-02-26,C1183,46,Male,Cambodia,Sihanoukville,2022-06-18,VIP,Social Media,Beauty,4,17.76,35.0,4.99,Credit Card,Mobile,3.0,Returned,2.0,71.04,24.86,51.17,0.0,984,45-54,Medium ($50-150),2025-02,Wednesday,1,1
ORD101612,2025-03-14,C1188,19,Male,Vietnam,Hanoi,2024-02-15,Regular,Organic Search,Beauty,3,56.13,15.0,0.0,Bank Transfer,Mobile,7.0,Returned,2.0,168.39,25.26,143.13,0.0,393,18-24,Medium ($50-150),2025-03,Friday,1,1
ORD101694,2025-04-09,C1074,36,Male,Thailand,Chiang Mai,2023-04-19,VIP,Email,Fashion,1,53.35,0.0,6.99,E-Wallet,Tablet,5.0,Delivered,5.0,53.35,0.0,60.34,60.34,721,35-44,Medium ($50-150),2025-04,Wednesday,0,1
ORD100482,2024-06-09,C1020,32,Female,Singapore,Singapore,2022-10-14,New,Referral,Sports,1,71.59,20.0,9.99,E-Wallet,Mobile,5.0,Delivered,,71.59,14.32,67.26,67.26,604,25-34,Medium ($50-150),2024-06,Sunday,0,0
ORD100756,2024-08-19,C1585,56,Female,Cambodia,Battambang,2023-09-15,Regular,Organic Search,Electronics,1,223.26,0.0,0.0,Credit Card,Desktop,3.0,Delivered,4.0,223.26,0.0,223.26,223.26,339,55+,High ($150-400),2024-08,Monday,0,1
ORD100555,2024-06-30,C1482,35,Male,Vietnam,Ho Chi Minh City,2022-05-18,Regular,Organic Search,Home & Kitchen,2,123.3,15.0,0.0,PayPal,Mobile,9.0,Delivered,,246.6,36.99,209.61,209.61,774,35-44,High ($150-400),2024-06,Sunday,0,0
ORD100715,2024-08-09,C1609,40,Female,Cambodia,Sihanoukville,2024-03-10,Regular,Organic Search,Home & Kitchen,1,28.31,0.0,6.99,E-Wallet,Mobile,9.0,Delivered,2.0,28.31,0.0,35.3,35.3,152,35-44,Low (<$50),2024-08,Friday,0,1
ORD100733,2024-08-14,C1475,30,Female,Vietnam,Hanoi,2023-11-22,VIP,Paid Ads,Toys,1,31.5,5.0,2.99,E-Wallet,Mobile,9.0,Delivered,2.0,31.5,1.58,32.91,32.91,266,25-34,Low (<$50),2024-08,Wednesday,0,1
ORD100948,2024-10-06,C1582,31,Female,Cambodia,Sihanoukville,2022-08-09,Regular,Social Media,Books,3,8.77,0.0,9.99,Credit Card,Desktop,1.0,Delivered,5.0,26.31,0.0,36.3,36.3,789,25-34,Low (<$50),2024-10,Sunday,0,1
ORD100261,2024-04-14,C1278,47,Female,Cambodia,Battambang,2022-03-13,VIP,Social Media,Electronics,3,269.26,5.0,0.0,E-Wallet,Desktop,6.0,Delivered,5.0,807.78,40.39,767.39,767.39,763,45-54,Premium (>$400),2024-04,Sunday,0,1
ORD100478,2024-06-08,C1547,23,Male,Thailand,Chiang Mai,2024-06-07,Regular,Paid Ads,Electronics,4,67.31,20.0,0.0,E-Wallet,Mobile,8.0,Delivered,3.0,269.24,53.85,215.39,215.39,1,18-24,High ($150-400),2024-06,Saturday,0,1
ORD101006,2024-10-21,C1697,23,Female,Philippines,Manila,2023-09-19,VIP,Referral,Books,2,13.53,10.0,6.99,PayPal,Mobile,5.0,Delivered,4.0,27.06,2.71,31.34,31.34,398,18-24,Low (<$50),2024-10,Monday,0,1
ORD100240,2024-04-07,C1460,37,Female,Vietnam,Da Nang,2024-04-06,Regular,Email,Home & Kitchen,1,32.73,0.0,2.99,Cash on Delivery,Mobile,10.0,Delivered,3.0,32.73,0.0,35.72,35.72,1,35-44,Low (<$50),2024-04,Sunday,0,1
ORD101839,2025-05-23,C1457,25,Female,Vietnam,Da Nang,2022-06-26,Regular,Organic Search,Fashion,2,91.88,0.0,0.0,Bank Transfer,Mobile,5.0,Delivered,4.0,183.76,0.0,183.76,183.76,1062,25-34,High ($150-400),2025-05,Friday,0,1
ORD100845,2024-09-08,C1517,26,Female,Singapore,Singapore,2024-05-09,Regular,Organic Search,Fashion,4,83.66,0.0,0.0,E-Wallet,Tablet,7.0,Delivered,,334.64,0.0,334.64,334.64,122,25-34,High ($150-400),2024-09,Sunday,0,0
ORD101118,2024-11-14,C1814,27,Female,Philippines,Manila,2022-07-24,New,Email,Beauty,1,60.42,10.0,9.99,Credit Card,Mobile,5.0,Delivered,4.0,60.42,6.04,64.37,64.37,844,25-34,Medium ($50-150),2024-11,Thursday,0,1
ORD101165,2024-11-23,C1161,26,Male,Indonesia,Jakarta,2022-01-25,Regular,Paid Ads,Home & Kitchen,2,141.47,5.0,0.0,Cash on Delivery,Mobile,,Cancelled,,282.94,14.15,268.79,0.0,1033,25-34,High ($150-400),2024-11,Saturday,0,0
ORD101480,2025-01-27,C1620,29,Male,Malaysia,Johor Bahru,2024-03-25,Regular,Social Media,Books,1,11.02,5.0,2.99,Bank Transfer,Desktop,1.0,Delivered,4.0,11.02,0.55,13.46,13.46,308,25-34,Low (<$50),2025-01,Monday,0,1
ORD100365,2024-05-10,C1027,38,Female,Malaysia,Penang,2023-10-06,VIP,Organic Search,Fashion,1,75.97,0.0,2.99,Bank Transfer,Desktop,11.0,Delivered,,75.97,0.0,78.96,78.96,217,35-44,Medium ($50-150),2024-05,Friday,0,0
ORD101646,2025-03-25,C1047,36,Male,Philippines,Davao,2022-06-28,VIP,Organic Search,Electronics,1,94.07,15.0,6.99,Cash on Delivery,Desktop,2.0,Returned,3.0,94.07,14.11,86.95,0.0,1001,35-44,Medium ($50-150),2025-03,Tuesday,1,1
ORD101835,2025-05-21,C1693,18,Female,Cambodia,Sihanoukville,2023-09-11,VIP,Paid Ads,Toys,2,3.0,15.0,6.99,Cash on Delivery,Desktop,9.0,Delivered,5.0,6.0,0.9,12.09,12.09,618,18-24,Low (<$50),2025-05,Wednesday,0,1
ORD100611,2024-07-13,C1372,43,Female,Singapore,Singapore,2022-01-17,Regular,Paid Ads,Toys,1,73.07,15.0,9.99,Credit Card,Mobile,7.0,Delivered,,73.07,10.96,72.1,72.1,908,35-44,Medium ($50-150),2024-07,Saturday,0,0
ORD101287,2024-12-15,C1234,26,Female,Cambodia,Sihanoukville,2022-09-25,VIP,Paid Ads,Fashion,2,24.84,0.0,2.99,Credit Card,Tablet,9.0,Delivered,3.0,49.68,0.0,52.67,52.67,812,25-34,Medium ($50-150),2024-12,Sunday,0,1
ORD101569,2025-02-28,C1090,41,Female,Cambodia,Sihanoukville,2024-04-24,VIP,Paid Ads,Beauty,1,63.67,0.0,6.99,Cash on Delivery,Desktop,3.0,Delivered,,63.67,0.0,70.66,70.66,310,35-44,Medium ($50-150),2025-02,Friday,0,0
ORD100781,2024-08-24,C1440,32,Male,Malaysia,Kuala Lumpur,2023-02-07,Regular,Organic Search,Books,1,13.78,0.0,4.99,Cash on Delivery,Mobile,3.0,Delivered,,13.78,0.0,18.77,18.77,564,25-34,Low (<$50),2024-08,Saturday,0,0
ORD100071,2024-01-30,C1248,66,Male,Vietnam,Da Nang,2023-02-15,Regular,Email,Sports,2,82.07,0.0,0.0,E-Wallet,Tablet,2.0,Delivered,5.0,164.14,0.0,164.14,164.14,349,55+,High ($150-400),2024-01,Tuesday,0,1
ORD101699,2025-04-11,C1456,46,Female,Thailand,Phuket,2024-01-11,VIP,Social Media,Sports,1,150.33,10.0,0.0,Cash on Delivery,Mobile,1.0,Delivered,,150.33,15.03,135.3,135.3,456,45-54,Medium ($50-150),2025-04,Friday,0,0
ORD100259,2024-04-14,C1409,20,Female,Cambodia,Battambang,2022-06-28,Regular,Email,Beauty,1,8.4,15.0,9.99,E-Wallet,Desktop,3.0,Delivered,4.0,8.4,1.26,17.13,17.13,656,18-24,Low (<$50),2024-04,Sunday,0,1
ORD100051,2024-01-22,C1687,50,Male,Vietnam,Hanoi,2023-10-20,VIP,Email,Fashion,2,33.44,0.0,6.99,Credit Card,Mobile,8.0,Delivered,3.0,66.88,0.0,73.87,73.87,94,45-54,Medium ($50-150),2024-01,Monday,0,1
ORD101788,2025-05-07,C1238,22,Female,Indonesia,Surabaya,2022-03-12,Regular,Social Media,Fashion,1,35.29,10.0,2.99,E-Wallet,Mobile,7.0,Delivered,3.0,35.29,3.53,34.75,34.75,1152,18-24,Low (<$50),2025-05,Wednesday,0,1
ORD101263,2024-12-11,C1080,39,Female,Cambodia,Phnom Penh,2024-09-21,Regular,Paid Ads,Electronics,2,299.94,5.0,0.0,Credit Card,Desktop,8.0,Delivered,4.0,599.88,29.99,569.89,569.89,81,35-44,Premium (>$400),2024-12,Wednesday,0,1
ORD100332,2024-05-04,C1295,36,Female,Cambodia,Sihanoukville,2022-07-14,VIP,Paid Ads,Electronics,2,308.89,0.0,0.0,Credit Card,Desktop,7.0,Delivered,3.0,617.78,0.0,617.78,617.78,660,35-44,Premium (>$400),2024-05,Saturday,0,1
ORD101387,2024-12-29,C1397,37,Female,Cambodia,Phnom Penh,2023-04-18,VIP,Social Media,Fashion,4,50.8,20.0,0.0,Bank Transfer,Mobile,1.0,Delivered,5.0,203.2,40.64,162.56,162.56,621,35-44,High ($150-400),2024-12,Sunday,0,1
ORD101657,2025-03-28,C1244,34,Female,Vietnam,Ho Chi Minh City,2022-09-17,VIP,Organic Search,Fashion,3,36.36,30.0,9.99,Credit Card,Mobile,5.0,Delivered,5.0,109.08,32.72,86.35,86.35,923,25-34,Medium ($50-150),2025-03,Friday,0,1
ORD101847,2025-05-24,C1168,32,Female,Vietnam,Da Nang,2023-12-30,Regular,Social Media,Home & Kitchen,1,47.9,5.0,6.99,Credit Card,Mobile,1.0,Delivered,5.0,47.9,2.4,52.49,52.49,511,25-34,Medium ($50-150),2025-05,Saturday,0,1
ORD100693,2024-08-04,C1397,37,Female,Cambodia,Phnom Penh,2023-04-18,VIP,Social Media,Sports,1,31.16,0.0,4.99,E-Wallet,Mobile,10.0,Delivered,3.0,31.16,0.0,36.15,36.15,474,35-44,Low (<$50),2024-08,Sunday,0,1
ORD101526,2025-02-15,C1569,36,Female,Cambodia,Siem Reap,2022-11-19,VIP,Organic Search,Home & Kitchen,1,67.94,0.0,2.99,Bank Transfer,Mobile,8.0,Delivered,3.0,67.94,0.0,70.93,70.93,819,35-44,Medium ($50-150),2025-02,Saturday,0,1
ORD100494,2024-06-11,C1743,18,Female,Vietnam,Ho Chi Minh City,2023-05-28,Regular,Social Media,Toys,1,16.02,5.0,2.99,E-Wallet,Desktop,8.0,Delivered,,16.02,0.8,18.21,18.21,380,18-24,Low (<$50),2024-06,Tuesday,0,0
ORD101355,2024-12-26,C1325,42,Male,Cambodia,Phnom Penh,2024-01-08,Regular,Paid Ads,Toys,1,17.17,5.0,4.99,E-Wallet,Tablet,10.0,Delivered,3.0,17.17,0.86,21.3,21.3,353,35-44,Low (<$50),2024-12,Thursday,0,1
ORD100915,2024-09-25,C1176,51,Male,Malaysia,Kuala Lumpur,2024-05-04,VIP,Organic Search,Electronics,1,395.68,5.0,0.0,E-Wallet,Desktop,2.0,Delivered,3.0,395.68,19.78,375.9,375.9,144,45-54,High ($150-400),2024-09,Wednesday,0,1
ORD101424,2025-01-07,C1369,43,Female,Cambodia,Battambang,2023-03-31,VIP,Organic Search,Fashion,1,29.04,15.0,9.99,Credit Card,Tablet,,Cancelled,,29.04,4.36,34.67,0.0,648,35-44,Low (<$50),2025-01,Tuesday,0,0
ORD100426,2024-05-26,C1321,32,Male,Thailand,Phuket,2023-06-22,VIP,Email,Books,3,15.69,15.0,9.99,Credit Card,Desktop,2.0,Delivered,3.0,47.07,7.06,50.0,50.0,339,25-34,Low (<$50),2024-05,Sunday,0,1
ORD100588,2024-07-08,C1254,31,Female,Singapore,Singapore,2022-12-10,VIP,Organic Search,Beauty,1,18.9,10.0,9.99,E-Wallet,Mobile,10.0,Returned,1.0,18.9,1.89,27.0,0.0,576,25-34,Low (<$50),2024-07,Monday,1,1
ORD101841,2025-05-23,C1035,46,Female,Vietnam,Ho Chi Minh City,2024-07-10,VIP,Organic Search,Beauty,1,22.69,25.0,2.99,Credit Card,Mobile,7.0,Delivered,,22.69,5.67,20.01,20.01,317,45-54,Low (<$50),2025-05,Friday,0,0
ORD100613,2024-07-14,C1298,18,Female,Cambodia,Phnom Penh,2024-07-13,New,Organic Search,Electronics,4,276.6,20.0,0.0,Credit Card,Desktop,5.0,Delivered,,1106.4,221.28,885.12,885.12,1,18-24,Premium (>$400),2024-07,Sunday,0,0
ORD101407,2025-01-03,C1396,42,Female,Thailand,Bangkok,2023-04-08,Regular,Paid Ads,Electronics,3,142.83,5.0,0.0,Cash on Delivery,Tablet,5.0,Delivered,,428.49,21.42,407.07,407.07,636,35-44,Premium (>$400),2025-01,Friday,0,0
ORD100787,2024-08-25,C1016,38,Female,Cambodia,Sihanoukville,2023-04-13,VIP,Referral,Books,2,3.0,0.0,9.99,Credit Card,Desktop,1.0,Delivered,,6.0,0.0,15.99,15.99,500,35-44,Low (<$50),2024-08,Sunday,0,0
ORD101664,2025-03-31,C1372,43,Female,Singapore,Singapore,2022-01-17,Regular,Paid Ads,Beauty,1,31.93,0.0,2.99,Bank Transfer,Mobile,4.0,Delivered,,31.93,0.0,34.92,34.92,1169,35-44,Low (<$50),2025-03,Monday,0,0
ORD101340,2024-12-22,C1247,54,Male,Vietnam,Hanoi,2024-02-14,VIP,Organic Search,Toys,1,27.59,0.0,4.99,E-Wallet,Mobile,5.0,Delivered,,27.59,0.0,32.58,32.58,312,45-54,Low (<$50),2024-12,Sunday,0,0
ORD101084,2024-11-07,C1230,18,Male,Thailand,Phuket,2023-03-23,New,Organic Search,Toys,1,3.0,0.0,6.99,E-Wallet,Mobile,6.0,Delivered,,3.0,0.0,9.99,9.99,595,18-24,Low (<$50),2024-11,Thursday,0,0
ORD100398,2024-05-19,C1672,26,Female,Cambodia,Siem Reap,2022-02-23,VIP,Social Media,Home & Kitchen,1,106.86,0.0,6.99,E-Wallet,Mobile,,Cancelled,,106.86,0.0,113.85,0.0,816,25-34,Medium ($50-150),2024-05,Sunday,0,0
ORD101247,2024-12-08,C1406,33,Male,Cambodia,Battambang,2023-03-13,New,Referral,Fashion,2,71.65,30.0,0.0,Credit Card,Desktop,10.0,Returned,2.0,143.3,42.99,100.31,0.0,636,25-34,Medium ($50-150),2024-12,Sunday,1,1
ORD100462,2024-06-05,C1149,36,Male,Indonesia,Jakarta,2023-12-18,VIP,Social Media,Fashion,3,53.66,0.0,0.0,E-Wallet,Tablet,11.0,Delivered,4.0,160.98,0.0,160.98,160.98,170,35-44,High ($150-400),2024-06,Wednesday,0,1
ORD100192,2024-03-21,C1088,39,Female,Vietnam,Hanoi,2023-04-09,New,Email,Electronics,1,240.78,0.0,0.0,Cash on Delivery,Mobile,5.0,Delivered,,240.78,0.0,240.78,240.78,347,35-44,High ($150-400),2024-03,Thursday,0,0
ORD101465,2025-01-21,C1033,25,Male,Vietnam,Hanoi,2024-01-24,VIP,Organic Search,Sports,2,76.79,5.0,0.0,E-Wallet,Mobile,8.0,Delivered,,153.58,7.68,145.9,145.9,363,25-34,Medium ($50-150),2025-01,Tuesday,0,0
ORD100788,2024-08-25,C1554,33,Female,Singapore,Singapore,2023-08-26,Regular,Paid Ads,Beauty,1,19.25,0.0,9.99,E-Wallet,Mobile,6.0,Delivered,,19.25,0.0,29.24,29.24,365,25-34,Low (<$50),2024-08,Sunday,0,0
ORD100292,2024-04-21,C1494,34,Female,Singapore,Singapore,2024-03-16,VIP,Referral,Fashion,1,65.8,5.0,4.99,Credit Card,Mobile,9.0,Delivered,3.0,65.8,3.29,67.5,67.5,36,25-34,Medium ($50-150),2024-04,Sunday,0,1
ORD101571,2025-03-01,C1654,40,Female,Cambodia,Sihanoukville,2024-02-27,Regular,Social Media,Beauty,2,34.9,5.0,2.99,Bank Transfer,Mobile,8.0,Delivered,4.0,69.8,3.49,69.3,69.3,368,35-44,Medium ($50-150),2025-03,Saturday,0,1
ORD101984,2025-06-25,C1523,32,Female,Philippines,Davao,2023-02-03,VIP,Email,Beauty,2,3.02,0.0,6.99,Cash on Delivery,Mobile,4.0,Delivered,3.0,6.04,0.0,13.03,13.03,873,25-34,Low (<$50),2025-06,Wednesday,0,1
ORD101959,2025-06-18,C1799,34,Male,Thailand,Chiang Mai,2023-10-16,Regular,Email,Home & Kitchen,1,136.21,25.0,0.0,Cash on Delivery,Mobile,11.0,Delivered,4.0,136.21,34.05,102.16,102.16,611,25-34,Medium ($50-150),2025-06,Wednesday,0,1
ORD100905,2024-09-23,C1671,34,Female,Cambodia,Siem Reap,2023-01-18,VIP,Organic Search,Fashion,2,55.42,5.0,6.99,E-Wallet,Tablet,9.0,Delivered,,110.84,5.54,112.29,112.29,614,25-34,Medium ($50-150),2024-09,Monday,0,0
ORD101268,2024-12-12,C1799,34,Male,Thailand,Chiang Mai,2023-10-16,Regular,Email,Books,1,24.83,0.0,4.99,Bank Transfer,Tablet,11.0,Delivered,,24.83,0.0,29.82,29.82,423,25-34,Low (<$50),2024-12,Thursday,0,0
ORD100141,2024-02-29,C1147,32,Female,Cambodia,Siem Reap,2024-02-28,Regular,Social Media,Fashion,1,77.91,0.0,4.99,Cash on Delivery,Desktop,11.0,Delivered,,77.91,0.0,82.9,82.9,1,25-34,Medium ($50-150),2024-02,Thursday,0,0
ORD100940,2024-10-04,C1552,37,Female,Vietnam,Da Nang,2023-08-20,VIP,Paid Ads,Fashion,1,48.54,0.0,9.99,E-Wallet,Mobile,,Cancelled,,48.54,0.0,58.53,0.0,411,35-44,Medium ($50-150),2024-10,Friday,0,0
ORD100002,2024-01-02,C1152,18,Male,Vietnam,Hanoi,2022-02-16,Regular,Email,Home & Kitchen,3,88.52,0.0,0.0,Bank Transfer,Tablet,1.0,Delivered,4.0,265.56,0.0,265.56,265.56,685,18-24,High ($150-400),2024-01,Tuesday,0,1
ORD101667,2025-03-31,C1735,36,Female,Thailand,Bangkok,2023-11-20,VIP,Social Media,Fashion,1,60.09,0.0,4.99,Credit Card,Mobile,5.0,Delivered,4.0,60.09,0.0,65.08,65.08,497,35-44,Medium ($50-150),2025-03,Monday,0,1
ORD100712,2024-08-09,C1049,35,Male,Cambodia,Sihanoukville,2023-01-01,VIP,Social Media,Sports,1,30.47,0.0,6.99,E-Wallet,Desktop,1.0,Delivered,,30.47,0.0,37.46,37.46,586,35-44,Low (<$50),2024-08,Friday,0,0
ORD101913,2025-06-08,C1458,38,Male,Thailand,Phuket,2022-11-29,New,Organic Search,Beauty,1,66.85,0.0,4.99,Bank Transfer,Mobile,7.0,Delivered,3.0,66.85,0.0,71.84,71.84,922,35-44,Medium ($50-150),2025-06,Sunday,0,1
ORD101596,2025-03-07,C1360,32,Female,Cambodia,Phnom Penh,2024-05-18,Regular,Social Media,Home & Kitchen,1,121.29,10.0,0.0,Credit Card,Mobile,1.0,Delivered,5.0,121.29,12.13,109.16,109.16,293,25-34,Medium ($50-150),2025-03,Friday,0,1
ORD100339,2024-05-05,C1423,18,Female,Vietnam,Ho Chi Minh City,2023-12-23,Regular,Social Media,Electronics,2,3.0,0.0,4.99,Bank Transfer,Mobile,1.0,Delivered,5.0,6.0,0.0,10.99,10.99,134,18-24,Low (<$50),2024-05,Sunday,0,1
ORD101769,2025-05-03,C1129,24,Female,Vietnam,Ho Chi Minh City,2023-11-17,Regular,Email,Beauty,1,39.14,0.0,4.99,Credit Card,Mobile,6.0,Delivered,,39.14,0.0,44.13,44.13,533,18-24,Low (<$50),2025-05,Saturday,0,0
ORD100408,2024-05-22,C1422,27,Female,Vietnam,Da Nang,2022-08-25,Regular,Organic Search,Sports,1,49.06,5.0,4.99,Cash on Delivery,Mobile,11.0,Delivered,,49.06,2.45,51.6,51.6,636,25-34,Medium ($50-150),2024-05,Wednesday,0,0
ORD100514,2024-06-16,C1269,34,Male,Thailand,Chiang Mai,2023-08-12,Regular,Social Media,Electronics,2,334.17,0.0,0.0,Credit Card,Mobile,9.0,Delivered,3.0,668.34,0.0,668.34,668.34,309,25-34,Premium (>$400),2024-06,Sunday,0,1
ORD100265,2024-04-15,C1556,26,Male,Singapore,Singapore,2022-12-07,VIP,Email,Beauty,2,41.61,0.0,2.99,E-Wallet,Mobile,11.0,Delivered,,83.22,0.0,86.21,86.21,495,25-34,Medium ($50-150),2024-04,Monday,0,0
ORD100376,2024-05-13,C1686,43,Male,Cambodia,Sihanoukville,2023-10-18,Regular,Email,Beauty,2,22.85,0.0,2.99,Bank Transfer,Mobile,11.0,Delivered,2.0,45.7,0.0,48.69,48.69,208,35-44,Low (<$50),2024-05,Monday,0,1
ORD101656,2025-03-28,C1310,47,Female,Cambodia,Phnom Penh,2023-05-17,VIP,Email,Home & Kitchen,4,108.92,0.0,0.0,Bank Transfer,Mobile,8.0,Delivered,2.0,435.68,0.0,435.68,435.68,681,45-54,Premium (>$400),2025-03,Friday,0,1
ORD101498,2025-02-02,C1541,25,Male,Vietnam,Da Nang,2024-03-04,New,Social Media,Electronics,3,182.89,0.0,0.0,E-Wallet,Mobile,11.0,Delivered,3.0,548.67,0.0,548.67,548.67,335,25-34,Premium (>$400),2025-02,Sunday,0,1
ORD100439,2024-05-29,C1004,18,Female,Thailand,Bangkok,2022-08-06,Regular,Referral,Toys,2,59.07,0.0,6.99,Credit Card,Mobile,8.0,Delivered,5.0,118.14,0.0,125.13,125.13,662,18-24,Medium ($50-150),2024-05,Wednesday,0,1
ORD100271,2024-04-17,C1612,18,Male,Cambodia,Sihanoukville,2023-04-11,New,Paid Ads,Books,1,21.88,25.0,2.99,Bank Transfer,Mobile,,Cancelled,,21.88,5.47,19.4,0.0,372,18-24,Low (<$50),2024-04,Wednesday,0,0
ORD100184,2024-03-19,C1556,26,Male,Singapore,Singapore,2022-12-07,VIP,Email,Fashion,1,20.43,20.0,4.99,Cash on Delivery,Mobile,6.0,Delivered,4.0,20.43,4.09,21.33,21.33,468,25-34,Low (<$50),2024-03,Tuesday,0,1
ORD101999,2025-06-30,C1566,32,Male,Malaysia,Kuala Lumpur,2023-01-29,VIP,Organic Search,Toys,1,27.72,0.0,6.99,Credit Card,Mobile,7.0,Delivered,4.0,27.72,0.0,34.71,34.71,883,25-34,Low (<$50),2025-06,Monday,0,1
ORD100244,2024-04-08,C1296,37,Male,Cambodia,Siem Reap,2023-04-28,Regular,Organic Search,Home & Kitchen,3,140.54,5.0,0.0,Cash on Delivery,Desktop,1.0,Delivered,4.0,421.62,21.08,400.54,400.54,346,35-44,Premium (>$400),2024-04,Monday,0,1
ORD100938,2024-10-03,C1288,31,Female,Malaysia,Johor Bahru,2022-04-21,New,Paid Ads,Home & Kitchen,2,71.8,20.0,0.0,E-Wallet,Mobile,1.0,Delivered,4.0,143.6,28.72,114.88,114.88,896,25-34,Medium ($50-150),2024-10,Thursday,0,1
ORD100544,2024-06-26,C1477,21,Female,Philippines,Cebu,2022-09-30,VIP,Social Media,Books,1,3.0,20.0,2.99,E-Wallet,Mobile,7.0,Delivered,4.0,3.0,0.6,5.39,5.39,635,18-24,Low (<$50),2024-06,Wednesday,0,1
ORD100527,2024-06-20,C1566,32,Male,Malaysia,Kuala Lumpur,2023-01-29,VIP,Organic Search,Fashion,2,98.35,20.0,0.0,Cash on Delivery,Mobile,5.0,Delivered,4.0,196.7,39.34,157.36,157.36,508,25-34,High ($150-400),2024-06,Thursday,0,1
ORD100445,2024-05-30,C1447,30,Male,Cambodia,Phnom Penh,2024-02-23,New,Organic Search,Home & Kitchen,1,76.54,5.0,9.99,Cash on Delivery,Desktop,1.0,Delivered,4.0,76.54,3.83,82.7,82.7,97,25-34,Medium ($50-150),2024-05,Thursday,0,1
ORD100619,2024-07-15,C1658,47,Female,Thailand,Chiang Mai,2023-09-24,VIP,Email,Books,2,10.46,5.0,4.99,Credit Card,Desktop,7.0,Delivered,3.0,20.92,1.05,24.86,24.86,295,45-54,Low (<$50),2024-07,Monday,0,1
ORD101335,2024-12-21,C1165,24,Female,Thailand,Chiang Mai,2023-02-26,VIP,Email,Fashion,1,32.81,15.0,6.99,E-Wallet,Mobile,6.0,Returned,,32.81,4.92,34.88,0.0,664,18-24,Low (<$50),2024-12,Saturday,1,0
ORD101423,2025-01-07,C1195,24,Male,Cambodia,Phnom Penh,2024-05-28,New,Organic Search,Fashion,1,94.68,15.0,4.99,E-Wallet,Mobile,7.0,Delivered,3.0,94.68,14.2,85.47,85.47,224,18-24,Medium ($50-150),2025-01,Tuesday,0,1
ORD101487,2025-01-29,C1216,40,Female,Cambodia,Sihanoukville,2024-06-20,VIP,Email,Electronics,1,3.0,15.0,4.99,Credit Card,Mobile,4.0,Delivered,,3.0,0.45,7.54,7.54,223,35-44,Low (<$50),2025-01,Wednesday,0,0
ORD101343,2024-12-23,C1713,34,Male,Singapore,Singapore,2022-03-06,Regular,Referral,Fashion,3,59.02,0.0,0.0,Cash on Delivery,Mobile,9.0,Returned,3.0,177.06,0.0,177.06,0.0,1023,25-34,High ($150-400),2024-12,Monday,1,1
ORD100817,2024-09-02,C1621,34,Male,Cambodia,Battambang,2023-01-09,VIP,Organic Search,Fashion,3,43.05,5.0,0.0,Bank Transfer,Mobile,10.0,Delivered,4.0,129.15,6.46,122.69,122.69,602,25-34,Medium ($50-150),2024-09,Monday,0,1
ORD100706,2024-08-08,C1115,28,Female,Vietnam,Da Nang,2022-06-13,VIP,Referral,Beauty,1,10.64,10.0,6.99,Bank Transfer,Desktop,,Cancelled,,10.64,1.06,16.57,0.0,787,25-34,Low (<$50),2024-08,Thursday,0,0
ORD100415,2024-05-24,C1765,18,Male,Cambodia,Battambang,2022-07-22,Regular,Social Media,Home & Kitchen,1,121.25,0.0,0.0,Cash on Delivery,Mobile,11.0,Delivered,,121.25,0.0,121.25,121.25,672,18-24,Medium ($50-150),2024-05,Friday,0,0
ORD100273,2024-04-18,C1481,50,Female,Cambodia,Battambang,2023-08-15,New,Organic Search,Electronics,1,38.74,10.0,9.99,Cash on Delivery,Mobile,6.0,Delivered,2.0,38.74,3.87,44.86,44.86,247,45-54,Low (<$50),2024-04,Thursday,0,1
ORD100757,2024-08-19,C1497,30,Female,Cambodia,Sihanoukville,2024-05-13,Regular,Paid Ads,Books,2,27.37,0.0,4.99,Cash on Delivery,Tablet,6.0,Delivered,,54.74,0.0,59.73,59.73,98,25-34,Medium ($50-150),2024-08,Monday,0,0
ORD100250,2024-04-11,C1789,32,Male,Singapore,Singapore,2022-12-05,VIP,Paid Ads,Electronics,3,148.85,5.0,0.0,Bank Transfer,Desktop,8.0,Delivered,4.0,446.55,22.33,424.22,424.22,493,25-34,Premium (>$400),2024-04,Thursday,0,1
ORD100413,2024-05-23,C1774,34,Female,Malaysia,Penang,2023-12-05,VIP,Organic Search,Home & Kitchen,1,3.0,5.0,2.99,E-Wallet,Desktop,4.0,Delivered,,3.0,0.15,5.84,5.84,170,25-34,Low (<$50),2024-05,Thursday,0,0
ORD101334,2024-12-21,C1054,29,Female,Indonesia,Jakarta,2022-11-22,Regular,Paid Ads,Electronics,2,341.93,0.0,0.0,E-Wallet,Desktop,10.0,Delivered,4.0,683.86,0.0,683.86,683.86,760,25-34,Premium (>$400),2024-12,Saturday,0,1
ORD100310,2024-04-27,C1749,24,Female,Singapore,Singapore,2022-04-18,VIP,Social Media,Books,1,31.84,10.0,9.99,E-Wallet,Mobile,10.0,Delivered,3.0,31.84,3.18,38.65,38.65,740,18-24,Low (<$50),2024-04,Saturday,0,1
ORD101611,2025-03-14,C1149,36,Male,Indonesia,Jakarta,2023-12-18,VIP,Social Media,Home & Kitchen,1,103.78,10.0,4.99,Credit Card,Desktop,8.0,Delivered,4.0,103.78,10.38,98.39,98.39,452,35-44,Medium ($50-150),2025-03,Friday,0,1
ORD100581,2024-07-06,C1252,53,Female,Singapore,Singapore,2024-07-05,New,Organic Search,Home & Kitchen,2,39.61,0.0,2.99,E-Wallet,Desktop,2.0,Delivered,5.0,79.22,0.0,82.21,82.21,1,45-54,Medium ($50-150),2024-07,Saturday,0,1
ORD100425,2024-05-25,C1148,46,Male,Vietnam,Ho Chi Minh City,2024-05-24,VIP,Social Media,Fashion,2,87.42,30.0,0.0,Credit Card,Mobile,5.0,Delivered,,174.84,52.45,122.39,122.39,1,45-54,Medium ($50-150),2024-05,Saturday,0,0
ORD101918,2025-06-09,C1211,19,Male,Thailand,Phuket,2023-04-08,New,Organic Search,Fashion,2,103.22,15.0,0.0,Credit Card,Mobile,7.0,Delivered,,206.44,30.97,175.47,175.47,793,18-24,High ($150-400),2025-06,Monday,0,0
ORD100985,2024-10-17,C1707,40,Male,Philippines,Cebu,2023-11-04,Regular,Organic Search,Books,1,15.12,5.0,4.99,E-Wallet,Desktop,5.0,Delivered,3.0,15.12,0.76,19.35,19.35,348,35-44,Low (<$50),2024-10,Thursday,0,1
ORD101887,2025-06-02,C1602,48,Female,Thailand,Phuket,2024-05-29,VIP,Organic Search,Sports,1,30.73,30.0,6.99,PayPal,Mobile,10.0,Delivered,,30.73,9.22,28.5,28.5,369,45-54,Low (<$50),2025-06,Monday,0,0
ORD101383,2024-12-29,C1525,29,Male,Thailand,Phuket,2022-07-25,Regular,Organic Search,Home & Kitchen,2,68.87,5.0,0.0,Credit Card,Desktop,11.0,Delivered,4.0,137.74,6.89,130.85,130.85,888,25-34,Medium ($50-150),2024-12,Sunday,0,1
ORD100720,2024-08-11,C1798,45,Female,Thailand,Phuket,2022-02-13,VIP,Organic Search,Books,2,18.66,15.0,4.99,Credit Card,Mobile,7.0,Delivered,,37.32,5.6,36.71,36.71,910,45-54,Low (<$50),2024-08,Sunday,0,0
ORD101825,2025-05-18,C1126,50,Male,Singapore,Singapore,2024-05-24,Regular,Social Media,Beauty,3,43.69,0.0,0.0,Cash on Delivery,Desktop,9.0,Delivered,,131.07,0.0,131.07,131.07,359,45-54,Medium ($50-150),2025-05,Sunday,0,0
ORD100570,2024-07-03,C1052,18,Female,Cambodia,Phnom Penh,2023-03-24,Regular,Email,Books,4,11.4,0.0,9.99,Credit Card,Desktop,3.0,Returned,3.0,45.6,0.0,55.59,0.0,467,18-24,Medium ($50-150),2024-07,Wednesday,1,1
ORD100526,2024-06-20,C1212,34,Male,Cambodia,Sihanoukville,2022-09-03,Regular,Social Media,Electronics,3,313.1,0.0,0.0,Cash on Delivery,Mobile,4.0,Delivered,4.0,939.3,0.0,939.3,939.3,656,25-34,Premium (>$400),2024-06,Thursday,0,1
ORD100585,2024-07-08,C1781,33,Female,Philippines,Cebu,2024-07-05,Regular,Organic Search,Electronics,5,230.25,10.0,0.0,E-Wallet,Desktop,1.0,Delivered,5.0,1151.25,115.12,1036.13,1036.13,3,25-34,Premium (>$400),2024-07,Monday,0,1
ORD101133,2024-11-16,C1639,40,Female,Malaysia,Penang,2022-07-10,VIP,Email,Home & Kitchen,2,3.0,5.0,9.99,Credit Card,Mobile,3.0,Delivered,4.0,6.0,0.3,15.69,15.69,860,35-44,Low (<$50),2024-11,Saturday,0,1
ORD100170,2024-03-15,C1296,37,Male,Cambodia,Siem Reap,2023-04-28,Regular,Organic Search,Home & Kitchen,1,46.64,5.0,9.99,E-Wallet,Desktop,11.0,Delivered,2.0,46.64,2.33,54.3,54.3,322,35-44,Medium ($50-150),2024-03,Friday,0,1
ORD100584,2024-07-07,C1636,32,Female,Cambodia,Siem Reap,2024-05-29,VIP,Organic Search,Sports,3,134.73,15.0,0.0,Credit Card,Tablet,9.0,Delivered,,404.19,60.63,343.56,343.56,39,25-34,High ($150-400),2024-07,Sunday,0,0
ORD100610,2024-07-13,C1564,44,Female,Vietnam,Hanoi,2023-11-27,Regular,Organic Search,Beauty,1,27.07,25.0,4.99,E-Wallet,Mobile,5.0,Delivered,2.0,27.07,6.77,25.29,25.29,229,35-44,Low (<$50),2024-07,Saturday,0,1
ORD101920,2025-06-09,C1588,37,Male,Philippines,Manila,2024-03-03,VIP,Paid Ads,Home & Kitchen,4,118.15,5.0,0.0,PayPal,Mobile,,Cancelled,,472.6,23.63,448.97,0.0,463,35-44,Premium (>$400),2025-06,Monday,0,0
ORD101686,2025-04-07,C1414,31,Female,Thailand,Bangkok,2023-05-23,New,Paid Ads,Fashion,3,105.85,0.0,0.0,E-Wallet,Mobile,10.0,Delivered,3.0,317.55,0.0,317.55,317.55,685,25-34,High ($150-400),2025-04,Monday,0,1
ORD101525,2025-02-14,C1556,26,Male,Singapore,Singapore,2022-12-07,VIP,Email,Books,1,6.82,15.0,4.99,Credit Card,Desktop,8.0,Delivered,3.0,6.82,1.02,10.79,10.79,800,25-34,Low (<$50),2025-02,Friday,0,1
ORD101614,2025-03-14,C1194,22,Female,Thailand,Bangkok,2022-12-09,New,Social Media,Fashion,2,11.48,0.0,9.99,Cash on Delivery,Mobile,3.0,Delivered,4.0,22.96,0.0,32.95,32.95,826,18-24,Low (<$50),2025-03,Friday,0,1
ORD100272,2024-04-17,C1743,18,Female,Vietnam,Ho Chi Minh City,2023-05-28,Regular,Social Media,Home & Kitchen,1,112.46,10.0,4.99,Credit Card,Desktop,8.0,Delivered,,112.46,11.25,106.2,106.2,325,18-24,Medium ($50-150),2024-04,Wednesday,0,0
ORD101582,2025-03-04,C1663,30,Female,Cambodia,Phnom Penh,2024-05-27,New,Organic Search,Home & Kitchen,2,24.22,5.0,2.99,Credit Card,Mobile,11.0,Delivered,3.0,48.44,2.42,49.01,49.01,281,25-34,Low (<$50),2025-03,Tuesday,0,1
ORD101524,2025-02-13,C1232,37,Female,Malaysia,Penang,2023-06-28,VIP,Social Media,Fashion,1,59.91,10.0,9.99,Cash on Delivery,Tablet,1.0,Delivered,3.0,59.91,5.99,63.91,63.91,596,35-44,Medium ($50-150),2025-02,Thursday,0,1
ORD100937,2024-10-03,C1216,40,Female,Cambodia,Sihanoukville,2024-06-20,VIP,Email,Books,3,13.35,0.0,9.99,E-Wallet,Mobile,4.0,Delivered,,40.05,0.0,50.04,50.04,105,35-44,Medium ($50-150),2024-10,Thursday,0,0
ORD100371,2024-05-12,C1164,43,Female,Cambodia,Sihanoukville,2023-03-30,VIP,Social Media,Home & Kitchen,1,132.44,5.0,0.0,Credit Card,Mobile,9.0,Delivered,,132.44,6.62,125.82,125.82,409,35-44,Medium ($50-150),2024-05,Sunday,0,0
ORD100222,2024-04-01,C1101,48,Male,Cambodia,Sihanoukville,2023-02-12,VIP,Organic Search,Beauty,1,32.36,5.0,9.99,E-Wallet,Mobile,7.0,Delivered,4.0,32.36,1.62,40.73,40.73,414,45-54,Low (<$50),2024-04,Monday,0,1
ORD101061,2024-11-04,C1477,21,Female,Philippines,Cebu,2022-09-30,VIP,Social Media,Beauty,1,33.86,5.0,4.99,E-Wallet,Mobile,9.0,Returned,2.0,33.86,1.69,37.16,0.0,766,18-24,Low (<$50),2024-11,Monday,1,1
ORD100583,2024-07-06,C1385,25,Male,Vietnam,Hanoi,2023-11-11,VIP,Social Media,Sports,1,51.0,15.0,4.99,Credit Card,Tablet,5.0,Delivered,,51.0,7.65,48.34,48.34,238,25-34,Low (<$50),2024-07,Saturday,0,0
ORD101807,2025-05-12,C1504,18,Male,Cambodia,Phnom Penh,2023-09-23,Regular,Referral,Home & Kitchen,2,124.33,0.0,0.0,Cash on Delivery,Mobile,10.0,Delivered,4.0,248.66,0.0,248.66,248.66,597,18-24,High ($150-400),2025-05,Monday,0,1
ORD100518,2024-06-17,C1391,35,Male,Philippines,Davao,2022-06-07,New,Organic Search,Sports,2,52.04,5.0,6.99,Cash on Delivery,Desktop,11.0,Delivered,,104.08,5.2,105.87,105.87,741,35-44,Medium ($50-150),2024-06,Monday,0,0
ORD100334,2024-05-04,C1625,28,Male,Thailand,Bangkok,2023-08-10,Regular,Paid Ads,Home & Kitchen,3,31.67,30.0,9.99,E-Wallet,Desktop,7.0,Delivered,,95.01,28.5,76.5,76.5,268,25-34,Medium ($50-150),2024-05,Saturday,0,0
ORD100721,2024-08-11,C1530,30,Male,Thailand,Chiang Mai,2023-03-10,VIP,Social Media,Beauty,1,37.54,5.0,4.99,Bank Transfer,Mobile,2.0,Delivered,,37.54,1.88,40.65,40.65,520,25-34,Low (<$50),2024-08,Sunday,0,0
ORD101192,2024-11-26,C1688,29,Male,Vietnam,Ho Chi Minh City,2023-11-23,Regular,Social Media,Sports,1,3.83,0.0,4.99,PayPal,Mobile,8.0,Delivered,3.0,3.83,0.0,8.82,8.82,369,25-34,Low (<$50),2024-11,Tuesday,0,1
ORD101075,2024-11-06,C1834,26,Female,Indonesia,Jakarta,2024-05-29,VIP,Email,Fashion,2,22.58,5.0,6.99,Credit Card,Mobile,4.0,Delivered,4.0,45.16,2.26,49.89,49.89,161,25-34,Low (<$50),2024-11,Wednesday,0,1
ORD101683,2025-04-05,C1482,35,Male,Vietnam,Ho Chi Minh City,2022-05-18,Regular,Organic Search,Electronics,1,148.6,5.0,0.0,E-Wallet,Mobile,5.0,Delivered,5.0,148.6,7.43,141.17,141.17,1053,35-44,Medium ($50-150),2025-04,Saturday,0,1
ORD100015,2024-01-07,C1278,47,Female,Cambodia,Battambang,2022-03-13,VIP,Social Media,Electronics,5,3.0,10.0,9.99,Bank Transfer,Mobile,4.0,Delivered,3.0,15.0,1.5,23.49,23.49,665,45-54,Low (<$50),2024-01,Sunday,0,1
ORD101490,2025-01-30,C1187,21,Male,Cambodia,Battambang,2024-06-07,Regular,Paid Ads,Toys,5,11.28,0.0,9.99,Credit Card,Desktop,11.0,Delivered,2.0,56.4,0.0,66.39,66.39,237,18-24,Medium ($50-150),2025-01,Thursday,0,1
ORD101572,2025-03-01,C1797,46,Male,Vietnam,Hanoi,2024-07-27,Regular,Paid Ads,Fashion,2,25.89,0.0,6.99,Cash on Delivery,Mobile,7.0,Delivered,,51.78,0.0,58.77,58.77,217,45-54,Medium ($50-150),2025-03,Saturday,0,0
ORD101914,2025-06-08,C1635,34,Female,Malaysia,Johor Bahru,2023-07-27,Regular,Paid Ads,Fashion,5,31.54,0.0,0.0,Credit Card,Mobile,8.0,Delivered,4.0,157.7,0.0,157.7,157.7,682,25-34,High ($150-400),2025-06,Sunday,0,1
ORD100465,2024-06-05,C1461,25,Male,Cambodia,Battambang,2024-06-04,VIP,Organic Search,Fashion,1,26.04,0.0,9.99,Cash on Delivery,Desktop,8.0,Returned,2.0,26.04,0.0,36.03,0.0,1,25-34,Low (<$50),2024-06,Wednesday,1,1
ORD100199,2024-03-25,C1356,37,Male,Cambodia,Sihanoukville,2023-08-09,New,Paid Ads,Electronics,2,199.07,0.0,0.0,Credit Card,Desktop,10.0,Delivered,2.0,398.14,0.0,398.14,398.14,229,35-44,High ($150-400),2024-03,Monday,0,1
ORD101232,2024-12-05,C1167,38,Female,Vietnam,Hanoi,2024-02-13,VIP,Organic Search,Fashion,1,62.8,0.0,9.99,PayPal,Mobile,11.0,Delivered,3.0,62.8,0.0,72.79,72.79,296,35-44,Medium ($50-150),2024-12,Thursday,0,1
ORD101111,2024-11-13,C1732,40,Female,Vietnam,Da Nang,2022-03-12,VIP,Paid Ads,Home & Kitchen,1,59.64,15.0,2.99,Bank Transfer,Desktop,3.0,Delivered,,59.64,8.95,53.68,53.68,977,35-44,Medium ($50-150),2024-11,Wednesday,0,0
ORD101157,2024-11-21,C1832,34,Female,Vietnam,Ho Chi Minh City,2024-04-19,VIP,Social Media,Fashion,3,48.0,15.0,0.0,E-Wallet,Desktop,4.0,Delivered,4.0,144.0,21.6,122.4,122.4,216,25-34,Medium ($50-150),2024-11,Thursday,0,1
ORD101701,2025-04-11,C1171,39,Male,Singapore,Singapore,2023-12-31,Regular,Email,Electronics,1,29.19,10.0,4.99,Bank Transfer,Mobile,3.0,Returned,,29.19,2.92,31.26,0.0,467,35-44,Low (<$50),2025-04,Friday,1,0
ORD100879,2024-09-17,C1599,18,Female,Cambodia,Siem Reap,2024-09-16,Regular,Organic Search,Home & Kitchen,1,3.0,0.0,6.99,Credit Card,Mobile,2.0,Delivered,4.0,3.0,0.0,9.99,9.99,1,18-24,Low (<$50),2024-09,Tuesday,0,1
ORD101310,2024-12-17,C1074,36,Male,Thailand,Chiang Mai,2023-04-19,VIP,Email,Books,2,6.47,10.0,9.99,E-Wallet,Desktop,9.0,Delivered,,12.94,1.29,21.64,21.64,608,35-44,Low (<$50),2024-12,Tuesday,0,0
ORD101949,2025-06-16,C1235,27,Female,Philippines,Manila,2024-08-24,VIP,Social Media,Electronics,1,251.05,0.0,0.0,Bank Transfer,Mobile,10.0,Delivered,3.0,251.05,0.0,251.05,251.05,296,25-34,High ($150-400),2025-06,Monday,0,1
ORD101680,2025-04-04,C1059,45,Female,Malaysia,Kuala Lumpur,2024-08-18,New,Social Media,Beauty,2,12.6,0.0,4.99,Credit Card,Mobile,9.0,Delivered,2.0,25.2,0.0,30.19,30.19,229,45-54,Low (<$50),2025-04,Friday,0,1
ORD101360,2024-12-26,C1712,23,Male,Philippines,Davao,2022-06-09,VIP,Paid Ads,Beauty,1,35.31,15.0,4.99,E-Wallet,Desktop,8.0,Delivered,3.0,35.31,5.3,35.0,35.0,931,18-24,Low (<$50),2024-12,Thursday,0,1
ORD100694,2024-08-05,C1743,18,Female,Vietnam,Ho Chi Minh City,2023-05-28,Regular,Social Media,Sports,1,9.49,25.0,9.99,Credit Card,Mobile,4.0,Returned,1.0,9.49,2.37,17.11,0.0,435,18-24,Low (<$50),2024-08,Monday,1,1
ORD100590,2024-07-10,C1377,18,Male,Thailand,Chiang Mai,2023-05-18,VIP,Social Media,Electronics,1,18.67,0.0,9.99,E-Wallet,Mobile,7.0,Returned,2.0,18.67,0.0,28.66,0.0,419,18-24,Low (<$50),2024-07,Wednesday,1,1
ORD100043,2024-01-18,C1490,46,Male,Philippines,Davao,2022-07-21,Regular,Organic Search,Sports,1,46.91,15.0,4.99,E-Wallet,Mobile,3.0,Returned,3.0,46.91,7.04,44.86,0.0,546,45-54,Low (<$50),2024-01,Thursday,1,1
ORD100274,2024-04-18,C1486,25,Male,Cambodia,Siem Reap,2022-05-17,Regular,Organic Search,Electronics,1,495.88,15.0,0.0,Credit Card,Desktop,2.0,Delivered,5.0,495.88,74.38,421.5,421.5,702,25-34,Premium (>$400),2024-04,Thursday,0,1
ORD101221,2024-12-03,C1548,42,Male,Singapore,Singapore,2022-12-30,Regular,Organic Search,Home & Kitchen,1,77.88,10.0,6.99,Cash on Delivery,Mobile,2.0,Delivered,4.0,77.88,7.79,77.08,77.08,704,35-44,Medium ($50-150),2024-12,Tuesday,0,1
ORD100101,2024-02-10,C1039,41,Male,Cambodia,Battambang,2023-09-27,Regular,Organic Search,Home & Kitchen,2,102.1,0.0,0.0,Bank Transfer,Mobile,7.0,Delivered,2.0,204.2,0.0,204.2,204.2,136,35-44,High ($150-400),2024-02,Saturday,0,1
ORD100903,2024-09-22,C1080,39,Female,Cambodia,Phnom Penh,2024-09-21,Regular,Paid Ads,Home & Kitchen,1,135.96,0.0,0.0,Cash on Delivery,Desktop,2.0,Delivered,4.0,135.96,0.0,135.96,135.96,1,35-44,Medium ($50-150),2024-09,Sunday,0,1
ORD100755,2024-08-19,C1594,20,Female,Vietnam,Hanoi,2022-06-29,Regular,Organic Search,Books,1,16.36,25.0,9.99,Bank Transfer,Tablet,7.0,Returned,3.0,16.36,4.09,22.26,0.0,782,18-24,Low (<$50),2024-08,Monday,1,1
ORD100998,2024-10-20,C1138,56,Male,Cambodia,Sihanoukville,2023-10-23,Regular,Social Media,Toys,1,3.0,10.0,4.99,Credit Card,Tablet,6.0,Delivered,4.0,3.0,0.3,7.69,7.69,363,55+,Low (<$50),2024-10,Sunday,0,1
ORD100107,2024-02-13,C1136,37,Male,Thailand,Phuket,2022-10-09,New,Paid Ads,Home & Kitchen,2,200.8,25.0,0.0,E-Wallet,Mobile,1.0,Delivered,,401.6,100.4,301.2,301.2,492,35-44,High ($150-400),2024-02,Tuesday,0,0
ORD101350,2024-12-24,C1404,40,Female,Cambodia,Siem Reap,2023-08-18,VIP,Referral,Electronics,5,341.63,15.0,0.0,E-Wallet,Mobile,7.0,Delivered,3.0,1708.15,256.22,1451.93,1451.93,494,35-44,Premium (>$400),2024-12,Tuesday,0,1
ORD100497,2024-06-12,C1276,26,Female,Indonesia,Surabaya,2022-10-13,VIP,Organic Search,Fashion,1,34.12,0.0,4.99,E-Wallet,Desktop,10.0,Delivered,4.0,34.12,0.0,39.11,39.11,608,25-34,Low (<$50),2024-06,Wednesday,0,1
ORD100916,2024-09-25,C1372,43,Female,Singapore,Singapore,2022-01-17,Regular,Paid Ads,Electronics,1,284.33,25.0,0.0,Credit Card,Mobile,1.0,Delivered,5.0,284.33,71.08,213.25,213.25,982,35-44,High ($150-400),2024-09,Wednesday,0,1
ORD101271,2024-12-12,C1546,36,Male,Cambodia,Sihanoukville,2023-01-23,Regular,Organic Search,Books,2,15.63,20.0,9.99,Credit Card,Mobile,8.0,Delivered,,31.26,6.25,35.0,35.0,689,35-44,Low (<$50),2024-12,Thursday,0,0
ORD101124,2024-11-15,C1311,39,Female,Cambodia,Siem Reap,2024-05-12,New,Email,Beauty,1,33.05,30.0,2.99,E-Wallet,Mobile,9.0,Delivered,3.0,33.05,9.91,26.13,26.13,187,35-44,Low (<$50),2024-11,Friday,0,1
ORD101132,2024-11-16,C1768,20,Male,Vietnam,Ho Chi Minh City,2022-04-14,Regular,Social Media,Fashion,1,20.89,20.0,9.99,Cash on Delivery,Desktop,6.0,Delivered,,20.89,4.18,26.7,26.7,947,18-24,Low (<$50),2024-11,Saturday,0,0
ORD101324,2024-12-20,C1710,34,Female,Singapore,Singapore,2022-06-08,VIP,Social Media,Electronics,1,31.86,20.0,6.99,Cash on Delivery,Desktop,8.0,Delivered,,31.86,6.37,32.48,32.48,926,25-34,Low (<$50),2024-12,Friday,0,0
ORD101716,2025-04-17,C1306,30,Female,Vietnam,Ho Chi Minh City,2022-03-07,Regular,Social Media,Sports,1,129.17,0.0,0.0,Credit Card,Mobile,8.0,Delivered,,129.17,0.0,129.17,129.17,1137,25-34,Medium ($50-150),2025-04,Thursday,0,0
ORD100617,2024-07-15,C1551,40,Female,Cambodia,Sihanoukville,2024-07-14,VIP,Paid Ads,Fashion,1,31.09,5.0,2.99,E-Wallet,Mobile,4.0,Delivered,3.0,31.09,1.55,32.53,32.53,1,35-44,Low (<$50),2024-07,Monday,0,1
ORD100072,2024-01-30,C1669,18,Female,Cambodia,Battambang,2023-02-03,VIP,Email,Home & Kitchen,1,176.67,10.0,0.0,Credit Card,Desktop,6.0,Delivered,5.0,176.67,17.67,159.0,159.0,361,18-24,High ($150-400),2024-01,Tuesday,0,1
ORD100780,2024-08-24,C1086,29,Female,Vietnam,Da Nang,2022-11-07,Regular,Social Media,Home & Kitchen,1,23.81,10.0,4.99,Credit Card,Mobile,,Cancelled,,23.81,2.38,26.42,0.0,656,25-34,Low (<$50),2024-08,Saturday,0,0
ORD101240,2024-12-06,C1800,25,Male,Cambodia,Siem Reap,2023-03-16,VIP,Paid Ads,Home & Kitchen,1,3.0,0.0,6.99,Credit Card,Mobile,9.0,Delivered,,3.0,0.0,9.99,9.99,631,25-34,Low (<$50),2024-12,Friday,0,0
ORD101193,2024-11-26,C1763,41,Female,Cambodia,Siem Reap,2023-07-08,Regular,Email,Home & Kitchen,3,148.18,30.0,0.0,Bank Transfer,Desktop,2.0,Returned,3.0,444.54,133.36,311.18,0.0,507,35-44,High ($150-400),2024-11,Tuesday,1,1
ORD101514,2025-02-11,C1171,39,Male,Singapore,Singapore,2023-12-31,Regular,Email,Sports,1,27.79,10.0,2.99,Bank Transfer,Desktop,,Cancelled,,27.79,2.78,28.0,0.0,408,35-44,Low (<$50),2025-02,Tuesday,0,0
ORD100481,2024-06-08,C1479,63,Male,Vietnam,Ho Chi Minh City,2022-01-07,VIP,Organic Search,Fashion,1,47.66,15.0,4.99,E-Wallet,Tablet,7.0,Delivered,,47.66,7.15,45.5,45.5,883,55+,Low (<$50),2024-06,Saturday,0,0
ORD101368,2024-12-27,C1770,53,Female,Cambodia,Sihanoukville,2022-01-07,New,Email,Beauty,1,47.07,0.0,2.99,PayPal,Mobile,1.0,Delivered,4.0,47.07,0.0,50.06,50.06,1085,45-54,Medium ($50-150),2024-12,Friday,0,1
ORD100506,2024-06-14,C1767,28,Male,Philippines,Manila,2022-09-09,Regular,Social Media,Electronics,1,109.65,25.0,2.99,Credit Card,Desktop,1.0,Delivered,4.0,109.65,27.41,85.23,85.23,644,25-34,Medium ($50-150),2024-06,Friday,0,1
ORD100701,2024-08-06,C1631,62,Female,Cambodia,Phnom Penh,2023-10-21,VIP,Paid Ads,Beauty,1,42.43,0.0,4.99,Bank Transfer,Mobile,8.0,Delivered,,42.43,0.0,47.42,47.42,290,55+,Low (<$50),2024-08,Tuesday,0,0
ORD100829,2024-09-05,C1092,29,Male,Singapore,Singapore,2024-03-13,New,Paid Ads,Electronics,1,179.72,5.0,0.0,E-Wallet,Mobile,7.0,Delivered,4.0,179.72,8.99,170.73,170.73,176,25-34,High ($150-400),2024-09,Thursday,0,1
ORD101080,2024-11-07,C1302,44,Female,Thailand,Bangkok,2023-02-20,Regular,Referral,Toys,1,41.25,25.0,9.99,Credit Card,Desktop,4.0,Delivered,,41.25,10.31,40.93,40.93,626,35-44,Low (<$50),2024-11,Thursday,0,0
ORD100767,2024-08-20,C1336,27,Female,Cambodia,Battambang,2023-03-23,New,Email,Fashion,2,73.81,10.0,0.0,Credit Card,Tablet,5.0,Delivered,,147.62,14.76,132.86,132.86,516,25-34,Medium ($50-150),2024-08,Tuesday,0,0
ORD101651,2025-03-26,C1768,20,Male,Vietnam,Ho Chi Minh City,2022-04-14,Regular,Social Media,Electronics,1,131.26,0.0,0.0,Bank Transfer,Desktop,,Cancelled,,131.26,0.0,131.26,0.0,1077,18-24,Medium ($50-150),2025-03,Wednesday,0,0
ORD101442,2025-01-14,C1053,30,Female,Cambodia,Battambang,2023-09-16,VIP,Paid Ads,Electronics,1,3.0,0.0,9.99,Bank Transfer,Mobile,9.0,Delivered,,3.0,0.0,12.99,12.99,486,25-34,Low (<$50),2025-01,Tuesday,0,0
ORD100311,2024-04-27,C1377,18,Male,Thailand,Chiang Mai,2023-05-18,VIP,Social Media,Sports,2,51.22,0.0,6.99,Credit Card,Mobile,8.0,Returned,2.0,102.44,0.0,109.43,0.0,345,18-24,Medium ($50-150),2024-04,Saturday,1,1
ORD100859,2024-09-11,C1538,18,Male,Vietnam,Ho Chi Minh City,2023-06-04,Regular,Organic Search,Toys,1,32.09,0.0,4.99,Credit Card,Mobile,1.0,Delivered,,32.09,0.0,37.08,37.08,465,18-24,Low (<$50),2024-09,Wednesday,0,0
ORD100405,2024-05-20,C1793,38,Male,Cambodia,Phnom Penh,2022-09-19,Regular,Paid Ads,Home & Kitchen,1,32.73,10.0,4.99,Credit Card,Desktop,6.0,Delivered,,32.73,3.27,34.45,34.45,609,35-44,Low (<$50),2024-05,Monday,0,0
ORD100950,2024-10-06,C1216,40,Female,Cambodia,Sihanoukville,2024-06-20,VIP,Email,Electronics,2,39.73,15.0,6.99,Credit Card,Mobile,4.0,Returned,,79.46,11.92,74.53,0.0,108,35-44,Medium ($50-150),2024-10,Sunday,1,0
ORD101169,2024-11-23,C1340,18,Male,Thailand,Chiang Mai,2022-03-16,New,Paid Ads,Books,1,18.78,5.0,4.99,Credit Card,Tablet,5.0,Delivered,,18.78,0.94,22.83,22.83,983,18-24,Low (<$50),2024-11,Saturday,0,0
ORD100309,2024-04-26,C1761,41,Male,Vietnam,Hanoi,2023-08-26,VIP,Email,Sports,3,42.24,0.0,0.0,Credit Card,Mobile,7.0,Delivered,,126.72,0.0,126.72,126.72,244,35-44,Medium ($50-150),2024-04,Friday,0,0
ORD100226,2024-04-03,C1764,38,Female,Cambodia,Phnom Penh,2022-07-09,New,Paid Ads,Home & Kitchen,3,3.0,15.0,9.99,Credit Card,Mobile,2.0,Delivered,4.0,9.0,1.35,17.64,17.64,634,35-44,Low (<$50),2024-04,Wednesday,0,1
ORD101735,2025-04-23,C1324,54,Female,Philippines,Manila,2023-07-24,VIP,Organic Search,Home & Kitchen,1,150.87,0.0,0.0,Bank Transfer,Mobile,9.0,Delivered,3.0,150.87,0.0,150.87,150.87,639,45-54,High ($150-400),2025-04,Wednesday,0,1
ORD100736,2024-08-15,C1071,22,Female,Cambodia,Siem Reap,2022-05-04,New,Organic Search,Home & Kitchen,1,78.36,30.0,9.99,E-Wallet,Mobile,9.0,Returned,3.0,78.36,23.51,64.84,0.0,834,18-24,Medium ($50-150),2024-08,Thursday,1,1
ORD101561,2025-02-26,C1659,30,Female,Thailand,Chiang Mai,2023-10-08,VIP,Social Media,Sports,3,100.21,10.0,0.0,Cash on Delivery,Desktop,10.0,Returned,2.0,300.63,30.06,270.57,0.0,507,25-34,High ($150-400),2025-02,Wednesday,1,1
ORD100857,2024-09-11,C1650,54,Male,Thailand,Chiang Mai,2024-01-28,VIP,Social Media,Sports,1,25.1,5.0,4.99,Credit Card,Mobile,8.0,Delivered,4.0,25.1,1.25,28.84,28.84,227,45-54,Low (<$50),2024-09,Wednesday,0,1
ORD100824,2024-09-03,C1429,38,Male,Thailand,Bangkok,2022-12-25,Regular,Social Media,Home & Kitchen,4,82.17,10.0,0.0,Bank Transfer,Desktop,11.0,Delivered,3.0,328.68,32.87,295.81,295.81,618,35-44,High ($150-400),2024-09,Tuesday,0,1
ORD100148,2024-03-03,C1798,45,Female,Thailand,Phuket,2022-02-13,VIP,Organic Search,Fashion,1,71.61,0.0,2.99,Credit Card,Mobile,6.0,Delivered,4.0,71.61,0.0,74.6,74.6,749,45-54,Medium ($50-150),2024-03,Sunday,0,1
ORD100650,2024-07-24,C1786,34,Female,Malaysia,Penang,2022-12-20,VIP,Organic Search,Sports,1,158.05,15.0,0.0,Bank Transfer,Tablet,,Cancelled,,158.05,23.71,134.34,0.0,582,25-34,Medium ($50-150),2024-07,Wednesday,0,0
ORD101509,2025-02-07,C1638,40,Female,Cambodia,Sihanoukville,2023-04-20,VIP,Social Media,Electronics,2,320.96,25.0,0.0,Cash on Delivery,Desktop,9.0,Delivered,4.0,641.92,160.48,481.44,481.44,659,35-44,Premium (>$400),2025-02,Friday,0,1
ORD101723,2025-04-19,C1150,34,Male,Indonesia,Surabaya,2024-08-02,New,Social Media,Books,2,27.79,15.0,4.99,Credit Card,Mobile,4.0,Delivered,4.0,55.58,8.34,52.23,52.23,260,25-34,Medium ($50-150),2025-04,Saturday,0,1
ORD101986,2025-06-26,C1529,51,Female,Cambodia,Sihanoukville,2022-12-16,Regular,Social Media,Fashion,1,21.77,10.0,4.99,Credit Card,Mobile,2.0,Delivered,4.0,21.77,2.18,24.58,24.58,923,45-54,Low (<$50),2025-06,Thursday,0,1
ORD101896,2025-06-04,C1048,41,Female,Thailand,Chiang Mai,2022-09-23,Regular,Social Media,Toys,1,50.2,0.0,2.99,Credit Card,Desktop,7.0,Delivered,4.0,50.2,0.0,53.19,53.19,985,35-44,Medium ($50-150),2025-06,Wednesday,0,1
ORD100575,2024-07-04,C1748,30,Female,Philippines,Manila,2024-07-03,Regular,Organic Search,Sports,2,69.31,0.0,0.0,Credit Card,Mobile,3.0,Delivered,4.0,138.62,0.0,138.62,138.62,1,25-34,Medium ($50-150),2024-07,Thursday,0,1
ORD100557,2024-06-30,C1260,31,Female,Singapore,Singapore,2024-01-16,Regular,Email,Fashion,2,81.98,5.0,0.0,E-Wallet,Mobile,6.0,Delivered,,163.96,8.2,155.76,155.76,166,25-34,High ($150-400),2024-06,Sunday,0,0
ORD101303,2024-12-16,C1140,39,Female,Vietnam,Hanoi,2022-05-23,Regular,Paid Ads,Home & Kitchen,1,180.94,20.0,0.0,Credit Card,Mobile,10.0,Delivered,,180.94,36.19,144.75,144.75,938,35-44,Medium ($50-150),2024-12,Monday,0,0
ORD101181,2024-11-25,C1273,57,Female,Philippines,Cebu,2023-03-31,VIP,Paid Ads,Beauty,1,31.35,5.0,2.99,E-Wallet,Mobile,11.0,Delivered,,31.35,1.57,32.77,32.77,605,55+,Low (<$50),2024-11,Monday,0,0
ORD101374,2024-12-28,C1469,23,Male,Indonesia,Surabaya,2022-01-16,VIP,Organic Search,Home & Kitchen,3,61.51,5.0,0.0,Credit Card,Tablet,3.0,Delivered,,184.53,9.23,175.3,175.3,1077,18-24,High ($150-400),2024-12,Saturday,0,0
ORD101187,2024-11-26,C1490,46,Male,Philippines,Davao,2022-07-21,Regular,Organic Search,Beauty,3,3.0,0.0,2.99,Credit Card,Mobile,9.0,Delivered,5.0,9.0,0.0,11.99,11.99,859,45-54,Low (<$50),2024-11,Tuesday,0,1
ORD101800,2025-05-11,C1367,25,Female,Cambodia,Siem Reap,2022-05-17,Regular,Social Media,Books,4,18.67,0.0,2.99,Credit Card,Mobile,8.0,Delivered,4.0,74.68,0.0,77.67,77.67,1090,25-34,Medium ($50-150),2025-05,Sunday,0,1
ORD101941,2025-06-15,C1289,33,Male,Thailand,Bangkok,2024-07-09,Regular,Paid Ads,Home & Kitchen,1,57.8,0.0,6.99,Credit Card,Mobile,9.0,Delivered,4.0,57.8,0.0,64.79,64.79,341,25-34,Medium ($50-150),2025-06,Sunday,0,1
ORD100286,2024-04-20,C1395,36,Male,Indonesia,Jakarta,2022-11-13,Regular,Social Media,Electronics,1,212.08,0.0,0.0,E-Wallet,Mobile,5.0,Delivered,3.0,212.08,0.0,212.08,212.08,524,35-44,High ($150-400),2024-04,Saturday,0,1
ORD100765,2024-08-20,C1739,18,Male,Singapore,Singapore,2023-02-15,Regular,Social Media,Sports,3,21.02,5.0,2.99,Bank Transfer,Mobile,8.0,Delivered,4.0,63.06,3.15,62.9,62.9,552,18-24,Medium ($50-150),2024-08,Tuesday,0,1
ORD100628,2024-07-18,C1702,23,Female,Vietnam,Hanoi,2024-05-08,Regular,Referral,Books,2,24.35,0.0,2.99,Credit Card,Desktop,11.0,Delivered,,48.7,0.0,51.69,51.69,71,18-24,Medium ($50-150),2024-07,Thursday,0,0
ORD100598,2024-07-11,C1035,46,Female,Vietnam,Ho Chi Minh City,2024-07-10,VIP,Organic Search,Electronics,2,218.63,5.0,0.0,E-Wallet,Mobile,2.0,Delivered,5.0,437.26,21.86,415.4,415.4,1,45-54,Premium (>$400),2024-07,Thursday,0,1
ORD101270,2024-12-12,C1640,18,Male,Cambodia,Siem Reap,2022-12-08,VIP,Referral,Electronics,1,36.04,0.0,4.99,Credit Card,Desktop,11.0,Returned,2.0,36.04,0.0,41.03,0.0,735,18-24,Low (<$50),2024-12,Thursday,1,1
ORD101305,2024-12-17,C1208,24,Female,Vietnam,Da Nang,2022-12-13,Regular,Organic Search,Electronics,3,3.0,5.0,2.99,Credit Card,Desktop,7.0,Delivered,4.0,9.0,0.45,11.54,11.54,735,18-24,Low (<$50),2024-12,Tuesday,0,1
ORD101671,2025-04-01,C1501,44,Male,Vietnam,Hanoi,2023-06-04,VIP,Paid Ads,Fashion,2,63.61,15.0,0.0,E-Wallet,Tablet,,Cancelled,,127.22,19.08,108.14,0.0,667,35-44,Medium ($50-150),2025-04,Tuesday,0,0
ORD101620,2025-03-17,C1053,30,Female,Cambodia,Battambang,2023-09-16,VIP,Paid Ads,Electronics,2,59.52,0.0,2.99,Cash on Delivery,Mobile,11.0,Delivered,,119.04,0.0,122.03,122.03,548,25-34,Medium ($50-150),2025-03,Monday,0,0
ORD101063,2024-11-05,C1135,23,Female,Vietnam,Da Nang,2024-05-06,Regular,Paid Ads,Sports,1,65.37,5.0,4.99,E-Wallet,Mobile,8.0,Delivered,,65.37,3.27,67.09,67.09,183,18-24,Medium ($50-150),2024-11,Tuesday,0,0
ORD101278,2024-12-13,C1247,54,Male,Vietnam,Hanoi,2024-02-14,VIP,Organic Search,Books,1,34.14,25.0,6.99,Cash on Delivery,Desktop,5.0,Delivered,3.0,34.14,8.54,32.59,32.59,303,45-54,Low (<$50),2024-12,Friday,0,1
ORD100836,2024-09-06,C1368,36,Male,Thailand,Chiang Mai,2023-11-16,Regular,Social Media,Home & Kitchen,1,3.0,10.0,6.99,Credit Card,Desktop,8.0,Delivered,5.0,3.0,0.3,9.69,9.69,295,35-44,Low (<$50),2024-09,Friday,0,1
ORD100939,2024-10-03,C1632,30,Male,Singapore,Singapore,2022-06-10,Regular,Organic Search,Sports,1,48.58,15.0,2.99,Credit Card,Desktop,3.0,Delivered,,48.58,7.29,44.28,44.28,846,25-34,Low (<$50),2024-10,Thursday,0,0
ORD100774,2024-08-23,C1534,18,Male,Cambodia,Battambang,2023-11-27,Regular,Social Media,Home & Kitchen,1,125.52,10.0,0.0,E-Wallet,Mobile,6.0,Delivered,3.0,125.52,12.55,112.97,112.97,270,18-24,Medium ($50-150),2024-08,Friday,0,1
ORD101230,2024-12-04,C1809,36,Male,Vietnam,Da Nang,2022-07-22,VIP,Organic Search,Fashion,2,90.78,10.0,0.0,Cash on Delivery,Mobile,1.0,Delivered,,181.56,18.16,163.4,163.4,866,35-44,High ($150-400),2024-12,Wednesday,0,0
ORD101826,2025-05-19,C1686,43,Male,Cambodia,Sihanoukville,2023-10-18,Regular,Email,Fashion,1,23.5,15.0,6.99,E-Wallet,Mobile,1.0,Returned,,23.5,3.52,26.97,0.0,579,35-44,Low (<$50),2025-05,Monday,1,0
ORD100609,2024-07-12,C1540,34,Male,Thailand,Phuket,2023-07-09,Regular,Email,Beauty,1,39.17,0.0,4.99,Cash on Delivery,Mobile,,Cancelled,,39.17,0.0,44.16,0.0,369,25-34,Low (<$50),2024-07,Friday,0,0
ORD101067,2024-11-05,C1586,21,Male,Cambodia,Siem Reap,2024-06-07,VIP,Email,Electronics,3,244.43,5.0,0.0,Credit Card,Mobile,6.0,Delivered,4.0,733.29,36.66,696.63,696.63,151,18-24,Premium (>$400),2024-11,Tuesday,0,1
ORD101225,2024-12-04,C1659,30,Female,Thailand,Chiang Mai,2023-10-08,VIP,Social Media,Beauty,5,52.74,0.0,0.0,Bank Transfer,Tablet,1.0,Delivered,5.0,263.7,0.0,263.7,263.7,423,25-34,High ($150-400),2024-12,Wednesday,0,1
ORD101452,2025-01-17,C1521,24,Female,Philippines,Davao,2023-08-23,Regular,Organic Search,Home & Kitchen,4,95.68,30.0,0.0,PayPal,Desktop,8.0,Delivered,,382.72,114.82,267.9,267.9,513,18-24,High ($150-400),2025-01,Friday,0,0
ORD101037,2024-10-31,C1735,36,Female,Thailand,Bangkok,2023-11-20,VIP,Social Media,Home & Kitchen,4,16.51,10.0,6.99,E-Wallet,Desktop,9.0,Delivered,,66.04,6.6,66.43,66.43,346,35-44,Medium ($50-150),2024-10,Thursday,0,0
ORD100493,2024-06-11,C1738,18,Female,Singapore,Singapore,2023-08-06,New,Organic Search,Beauty,1,4.74,0.0,9.99,E-Wallet,Mobile,7.0,Returned,2.0,4.74,0.0,14.73,0.0,310,18-24,Low (<$50),2024-06,Tuesday,1,1
ORD101347,2024-12-24,C1636,32,Female,Cambodia,Siem Reap,2024-05-29,VIP,Organic Search,Home & Kitchen,1,103.35,0.0,4.99,Credit Card,Desktop,8.0,Delivered,,103.35,0.0,108.34,108.34,209,25-34,Medium ($50-150),2024-12,Tuesday,0,0
ORD100277,2024-04-18,C1573,24,Male,Cambodia,Sihanoukville,2023-04-18,VIP,Paid Ads,Home & Kitchen,4,3.0,0.0,2.99,E-Wallet,Mobile,9.0,Returned,,12.0,0.0,14.99,0.0,366,18-24,Low (<$50),2024-04,Thursday,1,0
ORD101889,2025-06-02,C1413,42,Male,Thailand,Phuket,2024-05-14,Regular,Paid Ads,Fashion,1,50.2,15.0,6.99,Credit Card,Tablet,9.0,Delivered,4.0,50.2,7.53,49.66,49.66,384,35-44,Low (<$50),2025-06,Monday,0,1
ORD100358,2024-05-09,C1670,43,Female,Cambodia,Siem Reap,2024-05-08,VIP,Paid Ads,Fashion,2,48.85,15.0,4.99,Credit Card,Mobile,10.0,Delivered,3.0,97.7,14.66,88.03,88.03,1,35-44,Medium ($50-150),2024-05,Thursday,0,1
ORD101779,2025-05-05,C1123,49,Female,Cambodia,Phnom Penh,2024-07-27,New,Organic Search,Beauty,1,46.79,10.0,6.99,Credit Card,Desktop,3.0,Delivered,4.0,46.79,4.68,49.1,49.1,282,45-54,Low (<$50),2025-05,Monday,0,1
ORD100236,2024-04-05,C1491,34,Female,Cambodia,Phnom Penh,2023-01-06,Regular,Social Media,Fashion,1,28.25,20.0,9.99,Bank Transfer,Mobile,2.0,Delivered,,28.25,5.65,32.59,32.59,455,25-34,Low (<$50),2024-04,Friday,0,0
ORD100551,2024-06-28,C1511,31,Male,Cambodia,Phnom Penh,2022-05-04,New,Paid Ads,Fashion,3,9.59,5.0,4.99,E-Wallet,Mobile,10.0,Delivered,3.0,28.77,1.44,32.32,32.32,786,25-34,Low (<$50),2024-06,Friday,0,1
ORD101910,2025-06-07,C1151,23,Female,Vietnam,Da Nang,2024-07-28,Regular,Social Media,Electronics,3,137.05,0.0,0.0,Cash on Delivery,Mobile,3.0,Delivered,4.0,411.15,0.0,411.15,411.15,314,18-24,Premium (>$400),2025-06,Saturday,0,1
ORD100932,2024-10-01,C1306,30,Female,Vietnam,Ho Chi Minh City,2022-03-07,Regular,Social Media,Fashion,1,17.06,15.0,6.99,Credit Card,Mobile,11.0,Delivered,4.0,17.06,2.56,21.49,21.49,939,25-34,Low (<$50),2024-10,Tuesday,0,1
ORD100208,2024-03-27,C1384,18,Male,Cambodia,Battambang,2023-04-25,VIP,Organic Search,Home & Kitchen,4,161.22,25.0,0.0,Credit Card,Mobile,2.0,Delivered,4.0,644.88,161.22,483.66,483.66,337,18-24,Premium (>$400),2024-03,Wednesday,0,1
ORD101630,2025-03-20,C1741,47,Female,Malaysia,Penang,2022-03-01,New,Organic Search,Books,1,11.0,0.0,6.99,Bank Transfer,Tablet,2.0,Delivered,4.0,11.0,0.0,17.99,17.99,1115,45-54,Low (<$50),2025-03,Thursday,0,1
ORD101593,2025-03-07,C1271,37,Male,Cambodia,Siem Reap,2022-01-18,New,Paid Ads,Books,1,3.0,10.0,4.99,Bank Transfer,Mobile,11.0,Delivered,,3.0,0.3,7.69,7.69,1144,35-44,Low (<$50),2025-03,Friday,0,0
ORD100058,2024-01-24,C1564,44,Female,Vietnam,Hanoi,2023-11-27,Regular,Organic Search,Electronics,2,168.12,0.0,0.0,Credit Card,Tablet,5.0,Delivered,4.0,336.24,0.0,336.24,336.24,58,35-44,High ($150-400),2024-01,Wednesday,0,1
ORD100631,2024-07-19,C1513,33,Female,Cambodia,Battambang,2022-10-12,Regular,Paid Ads,Fashion,3,61.19,0.0,0.0,Credit Card,Mobile,,Cancelled,,183.57,0.0,183.57,0.0,646,25-34,High ($150-400),2024-07,Friday,0,0
ORD101617,2025-03-15,C1299,38,Male,Cambodia,Phnom Penh,2022-08-01,VIP,Paid Ads,Books,1,19.03,0.0,4.99,Bank Transfer,Desktop,6.0,Delivered,,19.03,0.0,24.02,24.02,957,35-44,Low (<$50),2025-03,Saturday,0,0
ORD101902,2025-06-06,C1607,39,Female,Philippines,Cebu,2023-04-01,New,Organic Search,Fashion,2,47.69,0.0,2.99,Credit Card,Desktop,5.0,Returned,3.0,95.38,0.0,98.37,0.0,797,35-44,Medium ($50-150),2025-06,Friday,1,1
ORD101610,2025-03-14,C1053,30,Female,Cambodia,Battambang,2023-09-16,VIP,Paid Ads,Home & Kitchen,1,60.33,20.0,2.99,Cash on Delivery,Mobile,6.0,Delivered,3.0,60.33,12.07,51.25,51.25,545,25-34,Medium ($50-150),2025-03,Friday,0,1
ORD100363,2024-05-10,C1278,47,Female,Cambodia,Battambang,2022-03-13,VIP,Social Media,Electronics,1,142.76,10.0,0.0,Credit Card,Mobile,6.0,Delivered,3.0,142.76,14.28,128.48,128.48,789,45-54,Medium ($50-150),2024-05,Friday,0,1
ORD100505,2024-06-14,C1286,37,Female,Malaysia,Johor Bahru,2024-05-18,Regular,Social Media,Electronics,4,280.16,0.0,0.0,E-Wallet,Mobile,7.0,Delivered,4.0,1120.64,0.0,1120.64,1120.64,27,35-44,Premium (>$400),2024-06,Friday,0,1
ORD101720,2025-04-17,C1514,43,Male,Singapore,Singapore,2022-09-29,New,Organic Search,Electronics,1,118.37,10.0,4.99,Credit Card,Mobile,11.0,Delivered,3.0,118.37,11.84,111.52,111.52,931,35-44,Medium ($50-150),2025-04,Thursday,0,1
ORD101736,2025-04-24,C1804,48,Male,Cambodia,Siem Reap,2023-10-13,VIP,Social Media,Beauty,1,29.69,25.0,4.99,Bank Transfer,Desktop,3.0,Delivered,5.0,29.69,7.42,27.26,27.26,559,45-54,Low (<$50),2025-04,Thursday,0,1
ORD101637,2025-03-22,C1523,32,Female,Philippines,Davao,2023-02-03,VIP,Email,Electronics,1,154.3,0.0,0.0,Credit Card,Desktop,4.0,Delivered,3.0,154.3,0.0,154.3,154.3,778,25-34,High ($150-400),2025-03,Saturday,0,1
ORD101242,2024-12-08,C1137,43,Female,Singapore,Singapore,2022-02-06,VIP,Social Media,Sports,1,83.25,25.0,4.99,E-Wallet,Mobile,9.0,Delivered,,83.25,20.81,67.43,67.43,1036,35-44,Medium ($50-150),2024-12,Sunday,0,0
ORD100874,2024-09-15,C1583,22,Female,Cambodia,Phnom Penh,2024-09-14,New,Paid Ads,Sports,1,39.96,0.0,9.99,Credit Card,Desktop,3.0,Delivered,,39.96,0.0,49.95,49.95,1,18-24,Low (<$50),2024-09,Sunday,0,0
ORD101022,2024-10-28,C1235,27,Female,Philippines,Manila,2024-08-24,VIP,Social Media,Home & Kitchen,2,76.0,10.0,0.0,E-Wallet,Tablet,10.0,Delivered,3.0,152.0,15.2,136.8,136.8,65,25-34,Medium ($50-150),2024-10,Monday,0,1
ORD101029,2024-10-29,C1465,29,Male,Malaysia,Penang,2024-03-29,Regular,Organic Search,Toys,1,38.13,0.0,9.99,Credit Card,Mobile,6.0,Delivered,4.0,38.13,0.0,48.12,48.12,214,25-34,Low (<$50),2024-10,Tuesday,0,1
ORD100118,2024-02-17,C1474,41,Female,Malaysia,Kuala Lumpur,2022-10-02,New,Paid Ads,Home & Kitchen,1,3.0,0.0,9.99,Credit Card,Desktop,9.0,Delivered,3.0,3.0,0.0,12.99,12.99,503,35-44,Low (<$50),2024-02,Saturday,0,1
ORD101712,2025-04-15,C1192,30,Female,Vietnam,Hanoi,2023-03-21,New,Organic Search,Home & Kitchen,3,26.02,10.0,4.99,Cash on Delivery,Tablet,5.0,Delivered,,78.06,7.81,75.24,75.24,756,25-34,Medium ($50-150),2025-04,Tuesday,0,0
ORD101251,2024-12-09,C1447,30,Male,Cambodia,Phnom Penh,2024-02-23,New,Organic Search,Home & Kitchen,1,80.39,0.0,6.99,Cash on Delivery,Desktop,2.0,Delivered,,80.39,0.0,87.38,87.38,290,25-34,Medium ($50-150),2024-12,Monday,0,0
ORD100522,2024-06-19,C1036,33,Female,Thailand,Phuket,2024-06-18,New,Social Media,Electronics,1,32.18,25.0,2.99,Bank Transfer,Desktop,8.0,Delivered,3.0,32.18,8.04,27.13,27.13,1,25-34,Low (<$50),2024-06,Wednesday,0,1
ORD100513,2024-06-16,C1285,29,Female,Thailand,Phuket,2023-01-31,Regular,Email,Electronics,2,257.96,5.0,0.0,Cash on Delivery,Desktop,6.0,Delivered,4.0,515.92,25.8,490.12,490.12,502,25-34,Premium (>$400),2024-06,Sunday,0,1
ORD100081,2024-02-03,C1804,48,Male,Cambodia,Siem Reap,2023-10-13,VIP,Social Media,Beauty,1,21.85,5.0,4.99,Cash on Delivery,Desktop,3.0,Delivered,4.0,21.85,1.09,25.75,25.75,113,45-54,Low (<$50),2024-02,Saturday,0,1
ORD101345,2024-12-23,C1550,38,Female,Thailand,Phuket,2022-05-30,VIP,Referral,Home & Kitchen,1,81.92,0.0,4.99,Bank Transfer,Mobile,4.0,Delivered,3.0,81.92,0.0,86.91,86.91,938,35-44,Medium ($50-150),2024-12,Monday,0,1
ORD101381,2024-12-29,C1022,47,Male,Malaysia,Johor Bahru,2022-05-17,VIP,Social Media,Beauty,2,27.89,0.0,2.99,E-Wallet,Mobile,11.0,Delivered,3.0,55.78,0.0,58.77,58.77,957,45-54,Medium ($50-150),2024-12,Sunday,0,1
ORD100380,2024-05-14,C1159,21,Male,Thailand,Phuket,2022-11-26,New,Email,Electronics,1,116.4,10.0,4.99,E-Wallet,Mobile,1.0,Delivered,5.0,116.4,11.64,109.75,109.75,535,18-24,Medium ($50-150),2024-05,Tuesday,0,1
ORD101052,2024-11-02,C1580,18,Male,Vietnam,Ho Chi Minh City,2023-04-26,Regular,Paid Ads,Beauty,1,62.52,0.0,6.99,E-Wallet,Desktop,11.0,Returned,2.0,62.52,0.0,69.51,0.0,556,18-24,Medium ($50-150),2024-11,Saturday,1,1
ORD101931,2025-06-12,C1658,47,Female,Thailand,Chiang Mai,2023-09-24,VIP,Email,Fashion,1,48.26,0.0,4.99,Cash on Delivery,Tablet,10.0,Delivered,3.0,48.26,0.0,53.25,53.25,627,45-54,Medium ($50-150),2025-06,Thursday,0,1
ORD100084,2024-02-04,C1193,50,Male,Thailand,Chiang Mai,2024-02-03,New,Social Media,Toys,1,21.08,10.0,6.99,Cash on Delivery,Mobile,7.0,Returned,2.0,21.08,2.11,25.96,0.0,1,45-54,Low (<$50),2024-02,Sunday,1,1
ORD101855,2025-05-26,C1314,34,Female,Malaysia,Kuala Lumpur,2024-07-10,VIP,Social Media,Books,1,26.0,5.0,2.99,E-Wallet,Desktop,11.0,Delivered,3.0,26.0,1.3,27.69,27.69,320,25-34,Low (<$50),2025-05,Monday,0,1
ORD101005,2024-10-21,C1672,26,Female,Cambodia,Siem Reap,2022-02-23,VIP,Social Media,Home & Kitchen,2,124.82,5.0,0.0,E-Wallet,Mobile,11.0,Delivered,,249.64,12.48,237.16,237.16,971,25-34,High ($150-400),2024-10,Monday,0,0
ORD100329,2024-05-03,C1210,44,Male,Thailand,Bangkok,2024-03-04,VIP,Organic Search,Books,2,26.72,10.0,4.99,E-Wallet,Mobile,1.0,Delivered,4.0,53.44,5.34,53.09,53.09,60,35-44,Medium ($50-150),2024-05,Friday,0,1
ORD100006,2024-01-04,C1738,18,Female,Singapore,Singapore,2023-08-06,New,Organic Search,Toys,2,53.13,10.0,6.99,Cash on Delivery,Mobile,5.0,Delivered,4.0,106.26,10.63,102.62,102.62,151,18-24,Medium ($50-150),2024-01,Thursday,0,1
ORD100772,2024-08-23,C1167,38,Female,Vietnam,Hanoi,2024-02-13,VIP,Organic Search,Electronics,1,151.49,5.0,0.0,E-Wallet,Mobile,1.0,Delivered,5.0,151.49,7.57,143.92,143.92,192,35-44,Medium ($50-150),2024-08,Friday,0,1
ORD100785,2024-08-25,C1299,38,Male,Cambodia,Phnom Penh,2022-08-01,VIP,Paid Ads,Fashion,1,101.24,10.0,6.99,Credit Card,Desktop,5.0,Delivered,,101.24,10.12,98.11,98.11,755,35-44,Medium ($50-150),2024-08,Sunday,0,0
ORD100949,2024-10-06,C1378,52,Female,Thailand,Chiang Mai,2022-11-12,Regular,Social Media,Sports,4,59.59,0.0,0.0,Bank Transfer,Mobile,8.0,Delivered,4.0,238.36,0.0,238.36,238.36,694,45-54,High ($150-400),2024-10,Sunday,0,1
ORD101245,2024-12-08,C1649,30,Female,Cambodia,Siem Reap,2023-06-14,Regular,Paid Ads,Electronics,2,53.71,0.0,6.99,Bank Transfer,Desktop,10.0,Delivered,3.0,107.42,0.0,114.41,114.41,543,25-34,Medium ($50-150),2024-12,Sunday,0,1
ORD100451,2024-06-02,C1022,47,Male,Malaysia,Johor Bahru,2022-05-17,VIP,Social Media,Sports,1,3.0,5.0,6.99,Credit Card,Mobile,5.0,Returned,3.0,3.0,0.15,9.84,0.0,747,45-54,Low (<$50),2024-06,Sunday,1,1
ORD100490,2024-06-10,C1593,18,Male,Thailand,Chiang Mai,2024-06-09,Regular,Paid Ads,Toys,1,44.02,5.0,4.99,E-Wallet,Mobile,1.0,Delivered,3.0,44.02,2.2,46.81,46.81,1,18-24,Low (<$50),2024-06,Monday,0,1
ORD101957,2025-06-18,C1303,30,Male,Vietnam,Da Nang,2023-09-25,Regular,Organic Search,Beauty,3,55.57,0.0,0.0,Cash on Delivery,Mobile,9.0,Delivered,,166.71,0.0,166.71,166.71,632,25-34,High ($150-400),2025-06,Wednesday,0,0
ORD100287,2024-04-21,C1208,24,Female,Vietnam,Da Nang,2022-12-13,Regular,Organic Search,Sports,2,83.96,20.0,0.0,Credit Card,Desktop,10.0,Delivered,3.0,167.92,33.58,134.34,134.34,495,18-24,Medium ($50-150),2024-04,Sunday,0,1
ORD100974,2024-10-15,C1639,40,Female,Malaysia,Penang,2022-07-10,VIP,Email,Electronics,2,3.0,5.0,6.99,Credit Card,Mobile,10.0,Delivered,,6.0,0.3,12.69,12.69,828,35-44,Low (<$50),2024-10,Tuesday,0,0
ORD101793,2025-05-08,C1037,25,Female,Thailand,Bangkok,2023-05-22,Regular,Organic Search,Electronics,1,289.8,0.0,0.0,E-Wallet,Desktop,11.0,Delivered,,289.8,0.0,289.8,289.8,717,25-34,High ($150-400),2025-05,Thursday,0,0
ORD101446,2025-01-15,C1014,39,Female,Thailand,Chiang Mai,2023-11-07,VIP,Organic Search,Fashion,2,55.8,5.0,4.99,Credit Card,Mobile,1.0,Delivered,,111.6,5.58,111.01,111.01,435,35-44,Medium ($50-150),2025-01,Wednesday,0,0
ORD101766,2025-05-03,C1831,51,Male,Cambodia,Battambang,2023-01-08,New,Organic Search,Beauty,1,17.89,5.0,9.99,Cash on Delivery,Mobile,6.0,Delivered,3.0,17.89,0.89,26.99,26.99,846,45-54,Low (<$50),2025-05,Saturday,0,1
ORD101206,2024-11-29,C1516,41,Male,Cambodia,Siem Reap,2024-02-15,New,Email,Home & Kitchen,1,79.33,25.0,6.99,Credit Card,Mobile,9.0,Delivered,4.0,79.33,19.83,66.49,66.49,288,35-44,Medium ($50-150),2024-11,Friday,0,1
ORD101738,2025-04-24,C1728,21,Male,Indonesia,Surabaya,2023-09-14,New,Organic Search,Sports,3,122.26,0.0,0.0,Cash on Delivery,Desktop,4.0,Delivered,4.0,366.78,0.0,366.78,366.78,588,18-24,High ($150-400),2025-04,Thursday,0,1
ORD101786,2025-05-07,C1456,46,Female,Thailand,Phuket,2024-01-11,VIP,Social Media,Fashion,2,28.93,20.0,6.99,Credit Card,Mobile,7.0,Delivered,,57.86,11.57,53.28,53.28,482,45-54,Medium ($50-150),2025-05,Wednesday,0,0
ORD101670,2025-04-01,C1637,22,Male,Cambodia,Battambang,2023-10-24,New,Organic Search,Beauty,1,37.02,30.0,2.99,E-Wallet,Mobile,11.0,Delivered,,37.02,11.11,28.9,28.9,525,18-24,Low (<$50),2025-04,Tuesday,0,0
ORD100976,2024-10-15,C1809,36,Male,Vietnam,Da Nang,2022-07-22,VIP,Organic Search,Toys,1,23.39,10.0,9.99,E-Wallet,Desktop,9.0,Delivered,5.0,23.39,2.34,31.04,31.04,816,35-44,Low (<$50),2024-10,Tuesday,0,1
ORD101112,2024-11-13,C1170,27,Male,Thailand,Chiang Mai,2023-04-17,New,Social Media,Electronics,1,210.04,5.0,0.0,Credit Card,Mobile,6.0,Delivered,4.0,210.04,10.5,199.54,199.54,576,25-34,High ($150-400),2024-11,Wednesday,0,1
ORD101922,2025-06-10,C1498,18,Female,Indonesia,Surabaya,2022-03-28,New,Email,Beauty,1,41.97,0.0,6.99,E-Wallet,Mobile,11.0,Delivered,,41.97,0.0,48.96,48.96,1170,18-24,Low (<$50),2025-06,Tuesday,0,0
ORD100327,2024-05-02,C1378,52,Female,Thailand,Chiang Mai,2022-11-12,Regular,Social Media,Fashion,1,61.67,0.0,6.99,Cash on Delivery,Desktop,1.0,Delivered,,61.67,0.0,68.66,68.66,537,45-54,Medium ($50-150),2024-05,Thursday,0,0
ORD100442,2024-05-30,C1834,26,Female,Indonesia,Jakarta,2024-05-29,VIP,Email,Fashion,2,28.42,30.0,6.99,Credit Card,Desktop,10.0,Delivered,2.0,56.84,17.05,46.78,46.78,1,25-34,Low (<$50),2024-05,Thursday,0,1
ORD100802,2024-08-29,C1457,25,Female,Vietnam,Da Nang,2022-06-26,Regular,Organic Search,Books,1,20.1,5.0,2.99,Credit Card,Mobile,9.0,Delivered,3.0,20.1,1.0,22.09,22.09,795,25-34,Low (<$50),2024-08,Thursday,0,1
ORD101103,2024-11-10,C1543,32,Male,Vietnam,Hanoi,2023-07-29,VIP,Email,Electronics,2,206.75,15.0,0.0,Bank Transfer,Desktop,1.0,Delivered,4.0,413.5,62.02,351.48,351.48,470,25-34,High ($150-400),2024-11,Sunday,0,1
ORD101791,2025-05-08,C1639,40,Female,Malaysia,Penang,2022-07-10,VIP,Email,Fashion,2,78.75,5.0,0.0,PayPal,Desktop,2.0,Delivered,4.0,157.5,7.88,149.62,149.62,1033,35-44,Medium ($50-150),2025-05,Thursday,0,1
ORD101339,2024-12-22,C1450,33,Female,Thailand,Phuket,2023-08-17,New,Email,Electronics,3,250.04,20.0,0.0,E-Wallet,Mobile,,Cancelled,,750.12,150.02,600.1,0.0,493,25-34,Premium (>$400),2024-12,Sunday,0,0
ORD100177,2024-03-18,C1825,34,Male,Thailand,Phuket,2023-05-06,Regular,Social Media,Home & Kitchen,1,89.41,5.0,9.99,E-Wallet,Mobile,1.0,Delivered,5.0,89.41,4.47,94.93,94.93,317,25-34,Medium ($50-150),2024-03,Monday,0,1
ORD100764,2024-08-20,C1243,18,Female,Indonesia,Jakarta,2022-09-08,Regular,Email,Beauty,1,34.99,10.0,4.99,Credit Card,Desktop,,Cancelled,,34.99,3.5,36.48,0.0,712,18-24,Low (<$50),2024-08,Tuesday,0,0
ORD100730,2024-08-13,C1749,24,Female,Singapore,Singapore,2022-04-18,VIP,Social Media,Electronics,1,3.0,5.0,2.99,Credit Card,Mobile,11.0,Delivered,3.0,3.0,0.15,5.84,5.84,848,18-24,Low (<$50),2024-08,Tuesday,0,1
ORD100086,2024-02-05,C1165,24,Female,Thailand,Chiang Mai,2023-02-26,VIP,Email,Fashion,1,56.12,10.0,9.99,Cash on Delivery,Tablet,,Cancelled,,56.12,5.61,60.5,0.0,344,18-24,Medium ($50-150),2024-02,Monday,0,0
ORD101713,2025-04-16,C1765,18,Male,Cambodia,Battambang,2022-07-22,Regular,Social Media,Electronics,2,274.48,0.0,0.0,Cash on Delivery,Mobile,4.0,Delivered,5.0,548.96,0.0,548.96,548.96,999,18-24,Premium (>$400),2025-04,Wednesday,0,1
ORD101943,2025-06-16,C1085,39,Female,Cambodia,Siem Reap,2024-01-21,VIP,Organic Search,Fashion,3,81.11,10.0,0.0,Cash on Delivery,Desktop,4.0,Delivered,,243.33,24.33,219.0,219.0,512,35-44,High ($150-400),2025-06,Monday,0,0
ORD100457,2024-06-04,C1595,29,Female,Thailand,Bangkok,2024-06-03,VIP,Social Media,Fashion,1,54.35,20.0,2.99,Cash on Delivery,Mobile,11.0,Delivered,4.0,54.35,10.87,46.47,46.47,1,25-34,Low (<$50),2024-06,Tuesday,0,1
ORD101870,2025-05-31,C1145,29,Male,Cambodia,Siem Reap,2023-12-05,VIP,Social Media,Fashion,3,9.21,10.0,2.99,Credit Card,Mobile,3.0,Delivered,,27.63,2.76,27.86,27.86,543,25-34,Low (<$50),2025-05,Saturday,0,0
ORD100054,2024-01-23,C1479,63,Male,Vietnam,Ho Chi Minh City,2022-01-07,VIP,Organic Search,Home & Kitchen,1,64.01,25.0,9.99,Credit Card,Mobile,9.0,Delivered,4.0,64.01,16.0,58.0,58.0,746,55+,Medium ($50-150),2024-01,Tuesday,0,1
ORD101726,2025-04-20,C1377,18,Male,Thailand,Chiang Mai,2023-05-18,VIP,Social Media,Home & Kitchen,2,11.15,5.0,9.99,Credit Card,Tablet,4.0,Delivered,3.0,22.3,1.12,31.17,31.17,703,18-24,Low (<$50),2025-04,Sunday,0,1
ORD100643,2024-07-23,C1070,20,Female,Cambodia,Phnom Penh,2022-07-20,Regular,Email,Home & Kitchen,1,82.59,25.0,6.99,Credit Card,Tablet,6.0,Delivered,3.0,82.59,20.65,68.93,68.93,734,18-24,Medium ($50-150),2024-07,Tuesday,0,1
ORD100677,2024-08-01,C1236,18,Male,Cambodia,Siem Reap,2023-09-05,New,Paid Ads,Home & Kitchen,2,51.03,10.0,2.99,Credit Card,Mobile,11.0,Delivered,,102.06,10.21,94.84,94.84,331,18-24,Medium ($50-150),2024-08,Thursday,0,0
ORD100221,2024-04-01,C1174,20,Female,Cambodia,Siem Reap,2023-12-29,VIP,Organic Search,Toys,4,26.56,0.0,9.99,Credit Card,Mobile,1.0,Delivered,4.0,106.24,0.0,116.23,116.23,94,18-24,Medium ($50-150),2024-04,Monday,0,1
ORD100113,2024-02-14,C1501,44,Male,Vietnam,Hanoi,2023-06-04,VIP,Paid Ads,Fashion,1,35.09,15.0,2.99,E-Wallet,Mobile,4.0,Delivered,4.0,35.09,5.26,32.82,32.82,255,35-44,Low (<$50),2024-02,Wednesday,0,1
ORD101418,2025-01-06,C1068,43,Female,Cambodia,Phnom Penh,2022-08-09,Regular,Social Media,Electronics,2,99.06,0.0,0.0,Cash on Delivery,Mobile,6.0,Delivered,4.0,198.12,0.0,198.12,198.12,881,35-44,High ($150-400),2025-01,Monday,0,1
ORD101815,2025-05-14,C1694,25,Female,Vietnam,Hanoi,2022-08-26,Regular,Social Media,Sports,1,63.72,15.0,2.99,Cash on Delivery,Mobile,8.0,Delivered,4.0,63.72,9.56,57.15,57.15,992,25-34,Medium ($50-150),2025-05,Wednesday,0,1
ORD101087,2024-11-07,C1074,36,Male,Thailand,Chiang Mai,2023-04-19,VIP,Email,Books,1,11.9,0.0,2.99,E-Wallet,Mobile,,Cancelled,,11.9,0.0,14.89,0.0,568,35-44,Low (<$50),2024-11,Thursday,0,0
ORD100174,2024-03-16,C1713,34,Male,Singapore,Singapore,2022-03-06,Regular,Referral,Electronics,1,3.0,10.0,9.99,Credit Card,Mobile,8.0,Delivered,3.0,3.0,0.3,12.69,12.69,741,25-34,Low (<$50),2024-03,Saturday,0,1
ORD100809,2024-08-31,C1225,37,Male,Vietnam,Ho Chi Minh City,2022-02-27,Regular,Social Media,Fashion,4,68.58,15.0,0.0,E-Wallet,Desktop,8.0,Delivered,,274.32,41.15,233.17,233.17,916,35-44,High ($150-400),2024-08,Saturday,0,0
ORD100589,2024-07-09,C1707,40,Male,Philippines,Cebu,2023-11-04,Regular,Organic Search,Home & Kitchen,1,3.0,0.0,4.99,Credit Card,Mobile,7.0,Delivered,4.0,3.0,0.0,7.99,7.99,248,35-44,Low (<$50),2024-07,Tuesday,0,1
ORD101592,2025-03-07,C1473,36,Male,Cambodia,Phnom Penh,2023-10-09,Regular,Email,Home & Kitchen,3,3.0,10.0,9.99,Credit Card,Desktop,5.0,Delivered,,9.0,0.9,18.09,18.09,515,35-44,Low (<$50),2025-03,Friday,0,0
ORD100018,2024-01-09,C1140,39,Female,Vietnam,Hanoi,2022-05-23,Regular,Paid Ads,Books,1,14.21,0.0,9.99,Cash on Delivery,Mobile,4.0,Delivered,5.0,14.21,0.0,24.2,24.2,596,35-44,Low (<$50),2024-01,Tuesday,0,1
ORD100423,2024-05-25,C1342,35,Female,Thailand,Phuket,2023-03-07,VIP,Referral,Sports,1,100.54,15.0,4.99,Bank Transfer,Mobile,9.0,Delivered,,100.54,15.08,90.45,90.45,445,35-44,Medium ($50-150),2024-05,Saturday,0,0
ORD101370,2024-12-27,C1412,27,Male,Thailand,Chiang Mai,2023-11-12,New,Email,Electronics,1,327.07,5.0,0.0,Credit Card,Mobile,3.0,Delivered,5.0,327.07,16.35,310.72,310.72,411,25-34,High ($150-400),2024-12,Friday,0,1
ORD100285,2024-04-20,C1300,53,Female,Cambodia,Battambang,2023-06-29,Regular,Social Media,Sports,2,71.74,5.0,0.0,E-Wallet,Tablet,1.0,Returned,2.0,143.48,7.17,136.31,0.0,296,45-54,Medium ($50-150),2024-04,Saturday,1,1
ORD101616,2025-03-15,C1809,36,Male,Vietnam,Da Nang,2022-07-22,VIP,Organic Search,Electronics,1,205.7,5.0,0.0,E-Wallet,Mobile,7.0,Delivered,3.0,205.7,10.28,195.42,195.42,967,35-44,High ($150-400),2025-03,Saturday,0,1
ORD100428,2024-05-27,C1213,29,Male,Cambodia,Siem Reap,2022-09-20,Regular,Email,Beauty,1,23.67,0.0,6.99,Credit Card,Mobile,3.0,Returned,2.0,23.67,0.0,30.66,0.0,615,25-34,Low (<$50),2024-05,Monday,1,1
ORD101542,2025-02-21,C1150,32,Male,Indonesia,Surabaya,2024-08-02,New,Social Media,Books,1,18.65,15.0,6.99,E-Wallet,Mobile,9.0,Delivered,,18.65,2.8,22.84,22.84,203,25-34,Low (<$50),2025-02,Friday,0,0
ORD100777,2024-08-23,C1274,51,Male,Cambodia,Siem Reap,2024-02-19,Regular,Social Media,Beauty,1,5.53,5.0,4.99,Bank Transfer,Mobile,5.0,Delivered,3.0,5.53,0.28,10.24,10.24,186,45-54,Low (<$50),2024-08,Friday,0,1
ORD100669,2024-07-30,C1186,36,Male,Cambodia,Battambang,2023-06-09,Regular,Referral,Home & Kitchen,4,39.45,15.0,0.0,Credit Card,Desktop,9.0,Delivered,3.0,157.8,23.67,134.13,134.13,417,35-44,Medium ($50-150),2024-07,Tuesday,0,1
ORD100031,2024-01-15,C1631,62,Female,Cambodia,Phnom Penh,2023-10-21,VIP,Paid Ads,Books,1,3.0,5.0,2.99,E-Wallet,Desktop,5.0,Delivered,4.0,3.0,0.15,5.84,5.84,86,55+,Low (<$50),2024-01,Monday,0,1
ORD101780,2025-05-06,C1719,23,Female,Singapore,Singapore,2022-12-09,Regular,Social Media,Electronics,1,65.49,5.0,6.99,Bank Transfer,Mobile,1.0,Delivered,,65.49,3.27,69.21,69.21,879,18-24,Medium ($50-150),2025-05,Tuesday,0,0
ORD100722,2024-08-11,C1780,33,Female,Cambodia,Sihanoukville,2022-08-12,New,Referral,Electronics,1,141.9,20.0,0.0,E-Wallet,Mobile,5.0,Delivered,4.0,141.9,28.38,113.52,113.52,730,25-34,Medium ($50-150),2024-08,Sunday,0,1
ORD101461,2025-01-20,C1125,38,Female,Thailand,Chiang Mai,2023-01-27,New,Email,Home & Kitchen,2,28.77,0.0,6.99,E-Wallet,Mobile,7.0,Delivered,3.0,57.54,0.0,64.53,64.53,724,35-44,Medium ($50-150),2025-01,Monday,0,1
ORD100214,2024-03-30,C1501,44,Male,Vietnam,Hanoi,2023-06-04,VIP,Paid Ads,Fashion,1,55.47,15.0,2.99,Bank Transfer,Tablet,10.0,Returned,,55.47,8.32,50.14,0.0,300,35-44,Medium ($50-150),2024-03,Saturday,1,0
ORD101647,2025-03-25,C1643,36,Female,Malaysia,Penang,2023-10-19,New,Organic Search,Electronics,1,420.0,5.0,0.0,Cash on Delivery,Desktop,11.0,Delivered,4.0,420.0,21.0,399.0,399.0,523,35-44,High ($150-400),2025-03,Tuesday,0,1
ORD101272,2024-12-13,C1588,37,Male,Philippines,Manila,2024-03-03,VIP,Paid Ads,Sports,4,17.8,20.0,9.99,PayPal,Desktop,7.0,Delivered,3.0,71.2,14.24,66.95,66.95,285,35-44,Medium ($50-150),2024-12,Friday,0,1
ORD100326,2024-05-02,C1165,24,Female,Thailand,Chiang Mai,2023-02-26,VIP,Email,Sports,5,3.0,15.0,2.99,Credit Card,Desktop,1.0,Delivered,5.0,15.0,2.25,15.74,15.74,431,18-24,Low (<$50),2024-05,Thursday,0,1
ORD100560,2024-06-30,C1750,34,Male,Cambodia,Battambang,2024-06-29,New,Social Media,Fashion,2,28.31,0.0,9.99,Cash on Delivery,Desktop,7.0,Delivered,4.0,56.62,0.0,66.61,66.61,1,25-34,Medium ($50-150),2024-06,Sunday,0,1
ORD101138,2024-11-17,C1174,20,Female,Cambodia,Siem Reap,2023-12-29,VIP,Organic Search,Sports,1,93.9,10.0,9.99,Credit Card,Tablet,4.0,Delivered,3.0,93.9,9.39,94.5,94.5,324,18-24,Medium ($50-150),2024-11,Sunday,0,1
ORD100700,2024-08-06,C1749,24,Female,Singapore,Singapore,2022-04-18,VIP,Social Media,Electronics,4,135.55,0.0,0.0,Bank Transfer,Mobile,4.0,Delivered,4.0,542.2,0.0,542.2,542.2,841,18-24,Premium (>$400),2024-08,Tuesday,0,1
ORD100987,2024-10-17,C1606,42,Female,Vietnam,Ho Chi Minh City,2023-11-14,Regular,Social Media,Electronics,1,253.15,5.0,0.0,Cash on Delivery,Mobile,6.0,Delivered,3.0,253.15,12.66,240.49,240.49,338,35-44,High ($150-400),2024-10,Thursday,0,1
ORD101623,2025-03-17,C1675,38,Male,Cambodia,Sihanoukville,2023-09-22,New,Social Media,Electronics,1,178.92,0.0,0.0,E-Wallet,Mobile,11.0,Delivered,3.0,178.92,0.0,178.92,178.92,542,35-44,High ($150-400),2025-03,Monday,0,1
ORD100341,2024-05-05,C1130,30,Female,Cambodia,Sihanoukville,2022-06-07,Regular,Social Media,Electronics,1,307.68,0.0,0.0,Bank Transfer,Desktop,6.0,Delivered,,307.68,0.0,307.68,307.68,698,25-34,High ($150-400),2024-05,Sunday,0,0
ORD100629,2024-07-19,C1736,43,Female,Vietnam,Ho Chi Minh City,2024-05-22,VIP,Email,Electronics,1,201.08,35.0,0.0,Cash on Delivery,Desktop,4.0,Delivered,4.0,201.08,70.38,130.7,130.7,58,35-44,Medium ($50-150),2024-07,Friday,0,1
ORD100147,2024-03-03,C1245,20,Male,Cambodia,Sihanoukville,2022-03-01,Regular,Organic Search,Books,1,35.93,15.0,9.99,Credit Card,Mobile,5.0,Returned,3.0,35.93,5.39,40.53,0.0,733,18-24,Low (<$50),2024-03,Sunday,1,1
ORD101223,2024-12-03,C1569,36,Female,Cambodia,Siem Reap,2022-11-19,VIP,Organic Search,Beauty,1,27.86,15.0,4.99,Cash on Delivery,Mobile,11.0,Delivered,3.0,27.86,4.18,28.67,28.67,745,35-44,Low (<$50),2024-12,Tuesday,0,1
ORD100360,2024-05-10,C1138,56,Male,Cambodia,Sihanoukville,2023-10-23,Regular,Social Media,Electronics,1,210.4,25.0,0.0,E-Wallet,Mobile,8.0,Returned,3.0,210.4,52.6,157.8,0.0,200,55+,High ($150-400),2024-05,Friday,1,1
ORD100083,2024-02-04,C1101,48,Male,Cambodia,Sihanoukville,2023-02-12,VIP,Organic Search,Sports,2,3.0,0.0,6.99,Bank Transfer,Mobile,5.0,Delivered,3.0,6.0,0.0,12.99,12.99,357,45-54,Low (<$50),2024-02,Sunday,0,1
ORD100048,2024-01-20,C1575,18,Female,Singapore,Singapore,2023-06-08,Regular,Organic Search,Beauty,2,3.0,5.0,4.99,Credit Card,Mobile,9.0,Delivered,3.0,6.0,0.3,10.69,10.69,226,18-24,Low (<$50),2024-01,Saturday,0,1
ORD100468,2024-06-06,C1630,52,Female,Singapore,Singapore,2023-01-25,Regular,Organic Search,Beauty,2,31.3,10.0,4.99,Cash on Delivery,Desktop,10.0,Delivered,4.0,62.6,6.26,61.33,61.33,498,45-54,Medium ($50-150),2024-06,Thursday,0,1
ORD100155,2024-03-10,C1300,53,Female,Cambodia,Battambang,2023-06-29,Regular,Social Media,Electronics,1,12.28,10.0,6.99,PayPal,Desktop,2.0,Delivered,,12.28,1.23,18.04,18.04,255,45-54,Low (<$50),2024-03,Sunday,0,0
ORD101662,2025-03-30,C1622,37,Female,Thailand,Phuket,2024-01-19,New,Paid Ads,Fashion,3,37.05,30.0,9.99,Credit Card,Mobile,2.0,Delivered,4.0,111.15,33.34,87.8,87.8,436,35-44,Medium ($50-150),2025-03,Sunday,0,1
ORD101054,2024-11-03,C1678,38,Female,Vietnam,Ho Chi Minh City,2023-06-16,VIP,Organic Search,Electronics,1,117.78,20.0,9.99,E-Wallet,Mobile,3.0,Delivered,4.0,117.78,23.56,104.21,104.21,506,35-44,Medium ($50-150),2024-11,Sunday,0,1
ORD101226,2024-12-04,C1064,42,Male,Singapore,Singapore,2023-11-21,Regular,Social Media,Sports,1,111.97,0.0,2.99,Credit Card,Mobile,7.0,Delivered,5.0,111.97,0.0,114.96,114.96,379,35-44,Medium ($50-150),2024-12,Wednesday,0,1
ORD101432,2025-01-10,C1033,25,Male,Vietnam,Hanoi,2024-01-24,VIP,Organic Search,Toys,2,3.0,5.0,4.99,Credit Card,Desktop,7.0,Delivered,3.0,6.0,0.3,10.69,10.69,352,25-34,Low (<$50),2025-01,Friday,0,1
ORD101228,2024-12-04,C1232,37,Female,Malaysia,Penang,2023-06-28,VIP,Social Media,Books,2,19.18,0.0,6.99,E-Wallet,Desktop,4.0,Delivered,3.0,38.36,0.0,45.35,45.35,525,35-44,Low (<$50),2024-12,Wednesday,0,1
ORD100500,2024-06-13,C1387,40,Male,Cambodia,Phnom Penh,2023-07-12,Regular,Social Media,Books,1,12.06,0.0,4.99,E-Wallet,Mobile,,Cancelled,,12.06,0.0,17.05,0.0,337,35-44,Low (<$50),2024-06,Thursday,0,0
ORD101803,2025-05-11,C1839,30,Female,Vietnam,Ho Chi Minh City,2022-11-23,Regular,Social Media,Beauty,2,8.83,5.0,6.99,E-Wallet,Mobile,2.0,Delivered,3.0,17.66,0.88,23.77,23.77,900,25-34,Low (<$50),2025-05,Sunday,0,1
ORD100179,2024-03-18,C1302,44,Female,Thailand,Bangkok,2023-02-20,Regular,Referral,Electronics,2,424.64,0.0,0.0,E-Wallet,Mobile,6.0,Delivered,4.0,849.28,0.0,849.28,849.28,392,35-44,Premium (>$400),2024-03,Monday,0,1
ORD101475,2025-01-25,C1027,38,Female,Malaysia,Penang,2023-10-06,VIP,Organic Search,Fashion,3,4.76,5.0,2.99,E-Wallet,Tablet,1.0,Delivered,5.0,14.28,0.71,16.56,16.56,477,35-44,Low (<$50),2025-01,Saturday,0,1
ORD101794,2025-05-08,C1821,50,Male,Cambodia,Sihanoukville,2024-05-06,VIP,Referral,Electronics,2,470.01,5.0,0.0,Credit Card,Mobile,5.0,Delivered,3.0,940.02,47.0,893.02,893.02,367,45-54,Premium (>$400),2025-05,Thursday,0,1
ORD100812,2024-09-01,C1556,26,Male,Singapore,Singapore,2022-12-07,VIP,Email,Electronics,4,269.98,25.0,0.0,Credit Card,Desktop,1.0,Delivered,,1079.92,269.98,809.94,809.94,634,25-34,Premium (>$400),2024-09,Sunday,0,0
ORD101468,2025-01-22,C1443,49,Male,Malaysia,Johor Bahru,2024-08-31,Regular,Organic Search,Beauty,1,23.7,10.0,2.99,Credit Card,Desktop,10.0,Delivered,,23.7,2.37,24.32,24.32,144,45-54,Low (<$50),2025-01,Wednesday,0,0
ORD101182,2024-11-25,C1033,25,Male,Vietnam,Hanoi,2024-01-24,VIP,Organic Search,Fashion,1,56.61,10.0,6.99,Cash on Delivery,Mobile,9.0,Delivered,3.0,56.61,5.66,57.94,57.94,306,25-34,Medium ($50-150),2024-11,Monday,0,1
ORD101653,2025-03-26,C1535,34,Female,Vietnam,Ho Chi Minh City,2022-09-01,Regular,Paid Ads,Sports,1,15.16,10.0,9.99,Credit Card,Desktop,8.0,Delivered,3.0,15.16,1.52,23.63,23.63,937,25-34,Low (<$50),2025-03,Wednesday,0,1
ORD100528,2024-06-20,C1295,36,Female,Cambodia,Sihanoukville,2022-07-14,VIP,Paid Ads,Electronics,4,121.95,0.0,0.0,Credit Card,Desktop,11.0,Delivered,4.0,487.8,0.0,487.8,487.8,707,35-44,Premium (>$400),2024-06,Thursday,0,1
ORD100346,2024-05-06,C1374,40,Male,Thailand,Bangkok,2022-10-02,VIP,Social Media,Sports,3,33.79,20.0,9.99,E-Wallet,Mobile,9.0,Delivered,4.0,101.37,20.27,91.09,91.09,582,35-44,Medium ($50-150),2024-05,Monday,0,1
ORD101417,2025-01-06,C1689,29,Male,Malaysia,Johor Bahru,2023-08-04,Regular,Social Media,Sports,4,103.81,0.0,0.0,Credit Card,Mobile,5.0,Delivered,,415.24,0.0,415.24,415.24,521,25-34,Premium (>$400),2025-01,Monday,0,0
ORD101273,2024-12-13,C1523,32,Female,Philippines,Davao,2023-02-03,VIP,Email,Sports,1,67.67,20.0,9.99,Cash on Delivery,Mobile,7.0,Delivered,,67.67,13.53,64.13,64.13,679,25-34,Medium ($50-150),2024-12,Friday,0,0
ORD101050,2024-11-02,C1015,25,Female,Malaysia,Penang,2023-12-23,New,Paid Ads,Beauty,2,6.43,25.0,6.99,Cash on Delivery,Mobile,6.0,Delivered,3.0,12.86,3.22,16.63,16.63,315,25-34,Low (<$50),2024-11,Saturday,0,1
ORD100601,2024-07-11,C1384,18,Male,Cambodia,Battambang,2023-04-25,VIP,Organic Search,Electronics,2,196.63,0.0,0.0,E-Wallet,Desktop,9.0,Delivered,3.0,393.26,0.0,393.26,393.26,443,18-24,High ($150-400),2024-07,Thursday,0,1
ORD101622,2025-03-17,C1631,62,Female,Cambodia,Phnom Penh,2023-10-21,VIP,Paid Ads,Home & Kitchen,1,53.15,10.0,2.99,E-Wallet,Mobile,1.0,Delivered,4.0,53.15,5.32,50.82,50.82,513,55+,Medium ($50-150),2025-03,Monday,0,1
ORD100243,2024-04-08,C1708,32,Male,Cambodia,Battambang,2023-12-16,Regular,Social Media,Books,2,16.99,0.0,9.99,Credit Card,Mobile,5.0,Delivered,4.0,33.98,0.0,43.97,43.97,114,25-34,Low (<$50),2024-04,Monday,0,1
ORD100925,2024-09-27,C1425,30,Female,Malaysia,Johor Bahru,2024-09-26,New,Paid Ads,Books,2,11.14,5.0,6.99,E-Wallet,Mobile,4.0,Delivered,,22.28,1.11,28.16,28.16,1,25-34,Low (<$50),2024-09,Friday,0,0
ORD101091,2024-11-08,C1108,43,Male,Philippines,Davao,2022-06-05,VIP,Referral,Home & Kitchen,1,3.0,15.0,9.99,Credit Card,Desktop,11.0,Delivered,3.0,3.0,0.45,12.54,12.54,887,35-44,Low (<$50),2024-11,Friday,0,1
ORD101507,2025-02-06,C1456,46,Female,Thailand,Phuket,2024-01-11,VIP,Social Media,Home & Kitchen,4,64.52,5.0,0.0,Credit Card,Mobile,,Cancelled,,258.08,12.9,245.18,0.0,392,45-54,High ($150-400),2025-02,Thursday,0,0
ORD100312,2024-04-28,C1687,50,Male,Vietnam,Hanoi,2023-10-20,VIP,Email,Beauty,3,26.45,10.0,9.99,Bank Transfer,Desktop,,Cancelled,,79.35,7.94,81.4,0.0,191,45-54,Medium ($50-150),2024-04,Sunday,0,0
ORD100435,2024-05-28,C1071,22,Female,Cambodia,Siem Reap,2022-05-04,New,Organic Search,Home & Kitchen,2,3.0,0.0,9.99,Credit Card,Mobile,2.0,Delivered,4.0,6.0,0.0,15.99,15.99,755,18-24,Low (<$50),2024-05,Tuesday,0,1
ORD101942,2025-06-15,C1302,44,Female,Thailand,Bangkok,2023-02-20,Regular,Referral,Fashion,3,73.6,0.0,0.0,Credit Card,Desktop,4.0,Delivered,,220.8,0.0,220.8,220.8,846,35-44,High ($150-400),2025-06,Sunday,0,0
ORD101419,2025-01-06,C1268,35,Female,Malaysia,Kuala Lumpur,2023-10-01,Regular,Organic Search,Toys,2,18.38,10.0,6.99,Cash on Delivery,Desktop,,Cancelled,,36.76,3.68,40.07,0.0,463,35-44,Low (<$50),2025-01,Monday,0,0
ORD100308,2024-04-26,C1789,32,Male,Singapore,Singapore,2022-12-05,VIP,Paid Ads,Home & Kitchen,1,23.02,5.0,2.99,Credit Card,Mobile,1.0,Delivered,5.0,23.02,1.15,24.86,24.86,508,25-34,Low (<$50),2024-04,Friday,0,1
ORD100430,2024-05-28,C1695,25,Female,Cambodia,Battambang,2024-05-27,New,Social Media,Home & Kitchen,3,105.61,0.0,0.0,Credit Card,Desktop,6.0,Delivered,5.0,316.83,0.0,316.83,316.83,1,25-34,High ($150-400),2024-05,Tuesday,0,1
ORD100660,2024-07-27,C1137,43,Female,Singapore,Singapore,2022-02-06,VIP,Social Media,Beauty,1,28.75,10.0,2.99,E-Wallet,Mobile,1.0,Delivered,5.0,28.75,2.88,28.86,28.86,902,35-44,Low (<$50),2024-07,Saturday,0,1
ORD100370,2024-05-12,C1335,21,Female,Vietnam,Da Nang,2022-01-17,Regular,Email,Home & Kitchen,1,95.17,25.0,4.99,E-Wallet,Mobile,4.0,Delivered,,95.17,23.79,76.37,76.37,846,18-24,Medium ($50-150),2024-05,Sunday,0,0
ORD100566,2024-07-02,C1550,38,Female,Thailand,Phuket,2022-05-30,VIP,Referral,Electronics,1,274.35,25.0,0.0,Cash on Delivery,Desktop,1.0,Delivered,3.0,274.35,68.59,205.76,205.76,764,35-44,High ($150-400),2024-07,Tuesday,0,1
ORD101018,2024-10-27,C1218,32,Female,Vietnam,Ho Chi Minh City,2023-07-21,VIP,Social Media,Electronics,3,250.68,0.0,0.0,E-Wallet,Desktop,5.0,Delivered,4.0,752.04,0.0,752.04,752.04,464,25-34,Premium (>$400),2024-10,Sunday,0,1
ORD100181,2024-03-19,C1429,38,Male,Thailand,Bangkok,2022-12-25,Regular,Social Media,Books,4,28.37,0.0,4.99,Credit Card,Desktop,4.0,Delivered,4.0,113.48,0.0,118.47,118.47,450,35-44,Medium ($50-150),2024-03,Tuesday,0,1
ORD101004,2024-10-21,C1755,46,Female,Vietnam,Hanoi,2024-03-10,New,Social Media,Beauty,1,37.77,15.0,6.99,E-Wallet,Mobile,3.0,Delivered,,37.77,5.67,39.09,39.09,225,45-54,Low (<$50),2024-10,Monday,0,0
ORD100621,2024-07-15,C1050,37,Male,Cambodia,Siem Reap,2022-09-30,Regular,Social Media,Home & Kitchen,2,98.04,10.0,0.0,E-Wallet,Desktop,10.0,Delivered,3.0,196.08,19.61,176.47,176.47,654,35-44,High ($150-400),2024-07,Monday,0,1
ORD100849,2024-09-08,C1779,20,Female,Thailand,Chiang Mai,2022-11-15,New,Organic Search,Electronics,1,226.46,25.0,0.0,Cash on Delivery,Mobile,3.0,Delivered,3.0,226.46,56.62,169.84,169.84,663,18-24,High ($150-400),2024-09,Sunday,0,1
ORD101655,2025-03-27,C1835,24,Female,Cambodia,Phnom Penh,2023-04-13,New,Referral,Electronics,2,38.17,0.0,4.99,Cash on Delivery,Desktop,10.0,Delivered,3.0,76.34,0.0,81.33,81.33,714,18-24,Medium ($50-150),2025-03,Thursday,0,1
ORD100990,2024-10-18,C1792,40,Male,Cambodia,Siem Reap,2023-10-25,VIP,Organic Search,Sports,2,231.05,15.0,0.0,E-Wallet,Mobile,4.0,Delivered,,462.1,69.32,392.78,392.78,359,35-44,High ($150-400),2024-10,Friday,0,0
ORD100813,2024-09-01,C1379,29,Female,Malaysia,Penang,2022-08-22,New,Organic Search,Beauty,1,35.32,10.0,6.99,Credit Card,Desktop,3.0,Delivered,,35.32,3.53,38.78,38.78,741,25-34,Low (<$50),2024-09,Sunday,0,0
ORD101965,2025-06-20,C1433,34,Male,Philippines,Cebu,2023-04-19,Regular,Organic Search,Sports,2,67.52,0.0,0.0,Credit Card,Mobile,5.0,Returned,3.0,135.04,0.0,135.04,0.0,793,25-34,Medium ($50-150),2025-06,Friday,1,1
ORD101882,2025-06-01,C1310,34,Female,Cambodia,Phnom Penh,2023-05-17,VIP,Email,Home & Kitchen,1,82.8,0.0,2.99,E-Wallet,Mobile,4.0,Delivered,,82.8,0.0,85.79,85.79,746,25-34,Medium ($50-150),2025-06,Sunday,0,0
ORD101472,2025-01-24,C1537,47,Male,Thailand,Phuket,2023-12-10,New,Social Media,Home & Kitchen,2,34.64,20.0,2.99,E-Wallet,Desktop,4.0,Delivered,,69.28,13.86,58.41,58.41,411,45-54,Medium ($50-150),2025-01,Friday,0,0
ORD101342,2024-12-23,C1008,34,Female,Cambodia,Battambang,2024-08-31,Regular,Paid Ads,Electronics,1,174.29,0.0,0.0,Credit Card,Desktop,10.0,Returned,,174.29,0.0,174.29,0.0,114,25-34,High ($150-400),2024-12,Monday,1,0
ORD100296,2024-04-22,C1796,45,Female,Vietnam,Hanoi,2022-06-16,VIP,Organic Search,Electronics,3,274.74,0.0,0.0,E-Wallet,Mobile,4.0,Delivered,4.0,824.22,0.0,824.22,824.22,676,45-54,Premium (>$400),2024-04,Monday,0,1
ORD100936,2024-10-03,C1650,54,Male,Thailand,Chiang Mai,2024-01-28,VIP,Social Media,Electronics,1,181.14,0.0,0.0,Bank Transfer,Desktop,6.0,Delivered,4.0,181.14,0.0,181.14,181.14,249,45-54,High ($150-400),2024-10,Thursday,0,1
ORD100461,2024-06-04,C1276,26,Female,Indonesia,Surabaya,2022-10-13,VIP,Organic Search,Sports,1,90.69,10.0,4.99,Credit Card,Desktop,2.0,Delivered,4.0,90.69,9.07,86.61,86.61,600,25-34,Medium ($50-150),2024-06,Tuesday,0,1
ORD101329,2024-12-20,C1701,31,Male,Vietnam,Ho Chi Minh City,2023-03-09,Regular,Email,Fashion,1,93.6,5.0,2.99,E-Wallet,Mobile,10.0,Delivered,3.0,93.6,4.68,91.91,91.91,652,25-34,Medium ($50-150),2024-12,Friday,0,1
ORD101202,2024-11-28,C1527,35,Female,Vietnam,Hanoi,2024-07-07,New,Email,Home & Kitchen,3,34.07,15.0,2.99,E-Wallet,Mobile,8.0,Delivered,4.0,102.21,15.33,89.87,89.87,144,35-44,Medium ($50-150),2024-11,Thursday,0,1
ORD100377,2024-05-14,C1667,39,Female,Singapore,Singapore,2023-06-12,New,Social Media,Electronics,3,301.96,0.0,0.0,Credit Card,Mobile,6.0,Delivered,4.0,905.88,0.0,905.88,905.88,337,35-44,Premium (>$400),2024-05,Tuesday,0,1
ORD100798,2024-08-28,C1250,30,Male,Vietnam,Hanoi,2022-11-13,VIP,Organic Search,Home & Kitchen,1,81.74,0.0,2.99,Cash on Delivery,Mobile,4.0,Delivered,4.0,81.74,0.0,84.73,84.73,654,25-34,Medium ($50-150),2024-08,Wednesday,0,1
ORD101128,2024-11-15,C1111,37,Female,Vietnam,Ho Chi Minh City,2024-04-01,New,Referral,Beauty,1,17.16,0.0,4.99,Bank Transfer,Desktop,,Cancelled,,17.16,0.0,22.15,0.0,228,35-44,Low (<$50),2024-11,Friday,0,0
ORD100105,2024-02-12,C1518,44,Male,Thailand,Bangkok,2023-10-25,VIP,Paid Ads,Beauty,1,42.52,15.0,6.99,Bank Transfer,Mobile,7.0,Delivered,,42.52,6.38,43.13,43.13,110,35-44,Low (<$50),2024-02,Monday,0,0
ORD101013,2024-10-25,C1611,37,Female,Cambodia,Sihanoukville,2022-08-08,Regular,Organic Search,Books,1,11.22,0.0,2.99,Credit Card,Mobile,10.0,Delivered,4.0,11.22,0.0,14.21,14.21,809,35-44,Low (<$50),2024-10,Friday,0,1
ORD101351,2024-12-24,C1371,49,Female,Cambodia,Sihanoukville,2024-03-26,Regular,Paid Ads,Home & Kitchen,1,14.09,0.0,4.99,Credit Card,Desktop,2.0,Delivered,,14.09,0.0,19.08,19.08,273,45-54,Low (<$50),2024-12,Tuesday,0,0
ORD100355,2024-05-08,C1299,38,Male,Cambodia,Phnom Penh,2022-08-01,VIP,Paid Ads,Books,2,17.42,10.0,6.99,Bank Transfer,Desktop,4.0,Delivered,,34.84,3.48,38.35,38.35,646,35-44,Low (<$50),2024-05,Wednesday,0,0
ORD101650,2025-03-25,C1214,30,Male,Thailand,Phuket,2023-09-04,New,Organic Search,Books,3,11.12,0.0,2.99,Credit Card,Mobile,8.0,Delivered,,33.36,0.0,36.35,36.35,568,25-34,Low (<$50),2025-03,Tuesday,0,0
ORD100682,2024-08-02,C1724,24,Female,Vietnam,Ho Chi Minh City,2022-11-15,New,Social Media,Fashion,1,18.32,5.0,2.99,Credit Card,Mobile,6.0,Delivered,2.0,18.32,0.92,20.39,20.39,626,18-24,Low (<$50),2024-08,Friday,0,1
ORD101341,2024-12-23,C1834,26,Female,Indonesia,Jakarta,2024-05-29,VIP,Email,Electronics,2,279.8,10.0,0.0,Cash on Delivery,Mobile,7.0,Delivered,4.0,559.6,55.96,503.64,503.64,208,25-34,Premium (>$400),2024-12,Monday,0,1
ORD101888,2025-06-02,C1503,18,Female,Cambodia,Battambang,2023-11-19,VIP,Paid Ads,Sports,2,56.15,15.0,6.99,E-Wallet,Mobile,8.0,Delivered,,112.3,16.84,102.45,102.45,561,18-24,Medium ($50-150),2025-06,Monday,0,0
ORD100906,2024-09-23,C1672,26,Female,Cambodia,Sihanoukville,2022-02-23,VIP,Social Media,Fashion,1,42.53,0.0,6.99,E-Wallet,Mobile,8.0,Delivered,,42.53,0.0,49.52,49.52,943,25-34,Low (<$50),2024-09,Monday,0,0
ORD100209,2024-03-27,C1186,36,Male,Cambodia,Battambang,2023-06-09,Regular,Referral,Fashion,4,37.22,15.0,0.0,Bank Transfer,Mobile,5.0,Delivered,5.0,148.88,22.33,126.55,126.55,292,35-44,Medium ($50-150),2024-03,Wednesday,0,1
ORD101000,2024-10-20,C1548,42,Male,Singapore,Singapore,2022-12-30,Regular,Organic Search,Sports,2,14.3,0.0,6.99,E-Wallet,Mobile,3.0,Delivered,,28.6,0.0,35.59,35.59,660,35-44,Low (<$50),2024-10,Sunday,0,0
ORD100140,2024-02-29,C1339,41,Male,Cambodia,Phnom Penh,2024-02-28,New,Organic Search,Beauty,1,40.1,30.0,9.99,E-Wallet,Desktop,10.0,Delivered,3.0,40.1,12.03,38.06,38.06,1,35-44,Low (<$50),2024-02,Thursday,0,1
ORD101467,2025-01-22,C1603,27,Female,Cambodia,Siem Reap,2023-05-28,Regular,Social Media,Beauty,1,24.49,10.0,2.99,Cash on Delivery,Mobile,9.0,Delivered,,24.49,2.45,25.03,25.03,605,25-34,Low (<$50),2025-01,Wednesday,0,0
ORD101366,2024-12-27,C1116,37,Female,Philippines,Cebu,2022-03-25,Regular,Paid Ads,Electronics,1,334.51,0.0,0.0,E-Wallet,Desktop,3.0,Delivered,4.0,334.51,0.0,334.51,334.51,1008,35-44,High ($150-400),2024-12,Friday,0,1
ORD101083,2024-11-07,C1622,37,Female,Thailand,Phuket,2024-01-19,New,Paid Ads,Beauty,2,29.49,15.0,9.99,Bank Transfer,Mobile,6.0,Delivered,3.0,58.98,8.85,60.12,60.12,293,35-44,Medium ($50-150),2024-11,Thursday,0,1
ORD101607,2025-03-12,C1103,42,Male,Vietnam,Ho Chi Minh City,2022-04-21,Regular,Social Media,Fashion,1,67.54,0.0,6.99,Bank Transfer,Desktop,3.0,Delivered,4.0,67.54,0.0,74.53,74.53,1056,35-44,Medium ($50-150),2025-03,Wednesday,0,1
ORD101121,2024-11-14,C1807,20,Female,Cambodia,Battambang,2024-03-24,Regular,Social Media,Fashion,3,49.96,10.0,0.0,Bank Transfer,Mobile,9.0,Delivered,2.0,149.88,14.99,134.89,134.89,235,18-24,Medium ($50-150),2024-11,Thursday,0,1
ORD101231,2024-12-05,C1661,34,Male,Cambodia,Phnom Penh,2024-02-20,Regular,Organic Search,Electronics,2,372.27,0.0,0.0,Bank Transfer,Tablet,9.0,Delivered,,744.54,0.0,744.54,744.54,289,25-34,Premium (>$400),2024-12,Thursday,0,0
ORD100926,2024-09-27,C1425,30,Female,Malaysia,Johor Bahru,2024-09-26,New,Paid Ads,Sports,4,56.3,0.0,0.0,E-Wallet,Mobile,6.0,Delivered,4.0,225.2,0.0,225.2,225.2,1,25-34,High ($150-400),2024-09,Friday,0,1
ORD100711,2024-08-09,C1359,32,Male,Thailand,Bangkok,2024-08-08,Regular,Organic Search,Electronics,1,330.99,25.0,0.0,Credit Card,Mobile,2.0,Delivered,5.0,330.99,82.75,248.24,248.24,1,25-34,High ($150-400),2024-08,Friday,0,1
ORD101293,2024-12-15,C1624,39,Male,Malaysia,Kuala Lumpur,2023-10-30,VIP,Organic Search,Beauty,4,26.94,0.0,2.99,PayPal,Desktop,4.0,Delivered,4.0,107.76,0.0,110.75,110.75,412,35-44,Medium ($50-150),2024-12,Sunday,0,1
ORD101137,2024-11-17,C1062,36,Male,Vietnam,Hanoi,2022-12-07,New,Referral,Fashion,1,29.3,0.0,6.99,E-Wallet,Mobile,5.0,Delivered,4.0,29.3,0.0,36.29,36.29,711,35-44,Low (<$50),2024-11,Sunday,0,1
ORD100887,2024-09-18,C1342,35,Female,Thailand,Phuket,2023-03-07,VIP,Referral,Books,2,23.74,5.0,9.99,Credit Card,Desktop,9.0,Delivered,,47.48,2.37,55.1,55.1,561,35-44,Medium ($50-150),2024-09,Wednesday,0,0
ORD101304,2024-12-17,C1171,39,Male,Singapore,Singapore,2023-12-31,Regular,Email,Electronics,2,338.21,5.0,0.0,Credit Card,Desktop,5.0,Delivered,4.0,676.42,33.82,642.6,642.6,352,35-44,Premium (>$400),2024-12,Tuesday,0,1
ORD100010,2024-01-05,C1396,42,Female,Thailand,Bangkok,2023-04-08,Regular,Paid Ads,Electronics,1,41.2,10.0,4.99,Bank Transfer,Mobile,7.0,Delivered,4.0,41.2,4.12,42.07,42.07,272,35-44,Low (<$50),2024-01,Friday,0,1
ORD101313,2024-12-17,C1528,37,Female,Cambodia,Battambang,2023-09-28,VIP,Paid Ads,Fashion,2,31.74,5.0,2.99,Credit Card,Mobile,10.0,Delivered,3.0,63.48,3.17,63.3,63.3,446,35-44,Medium ($50-150),2024-12,Tuesday,0,1
ORD100282,2024-04-20,C1832,22,Female,Vietnam,Ho Chi Minh City,2024-04-19,VIP,Social Media,Electronics,2,79.38,20.0,0.0,E-Wallet,Mobile,11.0,Delivered,4.0,158.76,31.75,127.01,127.01,1,18-24,Medium ($50-150),2024-04,Saturday,0,1
ORD100810,2024-08-31,C1234,26,Female,Cambodia,Sihanoukville,2022-09-25,VIP,Paid Ads,Fashion,1,30.31,10.0,4.99,E-Wallet,Desktop,3.0,Returned,,30.31,3.03,32.27,0.0,706,25-34,Low (<$50),2024-08,Saturday,1,0
ORD101116,2024-11-13,C1210,44,Male,Thailand,Bangkok,2024-03-04,VIP,Organic Search,Books,1,8.07,25.0,9.99,PayPal,Tablet,4.0,Delivered,,8.07,2.02,16.04,16.04,254,35-44,Low (<$50),2024-11,Wednesday,0,0
ORD100291,2024-04-21,C1678,38,Female,Vietnam,Ho Chi Minh City,2023-06-16,VIP,Organic Search,Fashion,3,27.68,5.0,2.99,Credit Card,Mobile,2.0,Delivered,5.0,83.04,4.15,81.88,81.88,310,35-44,Medium ($50-150),2024-04,Sunday,0,1
ORD100754,2024-08-19,C1373,43,Female,Cambodia,Siem Reap,2024-01-25,New,Paid Ads,Beauty,2,36.82,0.0,9.99,Credit Card,Tablet,,Cancelled,,73.64,0.0,83.63,0.0,207,35-44,Medium ($50-150),2024-08,Monday,0,0
ORD100626,2024-07-18,C1116,37,Female,Philippines,Manila,2022-03-25,Regular,Paid Ads,Home & Kitchen,2,3.0,10.0,9.99,Credit Card,Mobile,2.0,Delivered,5.0,6.0,0.6,15.39,15.39,846,35-44,Low (<$50),2024-07,Thursday,0,1
ORD101854,2025-05-26,C1023,32,Male,Singapore,Singapore,2023-04-22,VIP,Email,Sports,5,63.91,0.0,0.0,Credit Card,Desktop,7.0,Delivered,3.0,319.55,0.0,319.55,319.55,765,25-34,High ($150-400),2025-05,Monday,0,1
ORD101493,2025-01-31,C1030,58,Female,Cambodia,Siem Reap,2022-08-04,New,Email,Home & Kitchen,2,155.16,0.0,0.0,E-Wallet,Mobile,10.0,Delivered,,310.32,0.0,310.32,310.32,911,55+,High ($150-400),2025-01,Friday,0,0
ORD100129,2024-02-23,C1839,30,Female,Vietnam,Ho Chi Minh City,2022-11-23,Regular,Social Media,Sports,2,57.64,10.0,9.99,E-Wallet,Mobile,8.0,Delivered,3.0,115.28,11.53,113.74,113.74,457,25-34,Medium ($50-150),2024-02,Friday,0,1
ORD101494,2025-02-01,C1560,33,Female,Singapore,Singapore,2024-04-25,Regular,Organic Search,Home & Kitchen,1,82.56,5.0,9.99,E-Wallet,Tablet,4.0,Delivered,,82.56,4.13,88.42,88.42,282,25-34,Medium ($50-150),2025-02,Saturday,0,0
ORD100843,2024-09-07,C1297,30,Female,Singapore,Singapore,2024-03-25,Regular,Email,Home & Kitchen,2,58.01,0.0,2.99,E-Wallet,Mobile,7.0,Delivered,3.0,116.02,0.0,119.01,119.01,166,25-34,Medium ($50-150),2024-09,Saturday,0,1
ORD100323,2024-05-01,C1243,18,Female,Indonesia,Jakarta,2022-09-08,Regular,Email,Electronics,2,3.0,15.0,4.99,Bank Transfer,Mobile,9.0,Delivered,,6.0,0.9,10.09,10.09,601,18-24,Low (<$50),2024-05,Wednesday,0,0
ORD101114,2024-11-13,C1687,50,Male,Vietnam,Hanoi,2023-10-20,VIP,Email,Sports,4,86.13,5.0,0.0,Cash on Delivery,Mobile,2.0,Returned,2.0,344.52,17.23,327.29,0.0,390,45-54,High ($150-400),2024-11,Wednesday,1,1
ORD101034,2024-10-30,C1469,23,Male,Indonesia,Surabaya,2022-01-16,VIP,Organic Search,Electronics,2,220.54,10.0,0.0,E-Wallet,Desktop,5.0,Delivered,5.0,441.08,44.11,396.97,396.97,1018,18-24,High ($150-400),2024-10,Wednesday,0,1
ORD101001,2024-10-20,C1650,54,Male,Thailand,Chiang Mai,2024-01-28,VIP,Social Media,Fashion,1,36.99,0.0,2.99,Credit Card,Mobile,6.0,Delivered,,36.99,0.0,39.98,39.98,266,45-54,Low (<$50),2024-10,Sunday,0,0
ORD100900,2024-09-22,C1437,34,Male,Cambodia,Phnom Penh,2024-09-07,Regular,Email,Sports,1,113.9,10.0,9.99,Credit Card,Mobile,2.0,Delivered,4.0,113.9,11.39,112.5,112.5,15,25-34,Medium ($50-150),2024-09,Sunday,0,1
ORD100907,2024-09-23,C1550,38,Female,Thailand,Phuket,2022-05-30,VIP,Referral,Fashion,1,61.39,10.0,6.99,Bank Transfer,Mobile,11.0,Delivered,2.0,61.39,6.14,62.24,62.24,847,35-44,Medium ($50-150),2024-09,Monday,0,1
ORD100695,2024-08-05,C1635,31,Female,Malaysia,Johor Bahru,2023-07-27,Regular,Paid Ads,Electronics,3,211.01,10.0,0.0,Bank Transfer,Mobile,1.0,Delivered,,633.03,63.3,569.73,569.73,375,25-34,Premium (>$400),2024-08,Monday,0,0
ORD100215,2024-03-30,C1370,34,Female,Singapore,Singapore,2023-05-07,Regular,Social Media,Fashion,1,49.62,5.0,2.99,Credit Card,Desktop,2.0,Delivered,4.0,49.62,2.48,50.13,50.13,328,25-34,Medium ($50-150),2024-03,Saturday,0,1
ORD101055,2024-11-03,C1371,49,Female,Cambodia,Sihanoukville,2024-03-26,Regular,Paid Ads,Electronics,3,135.67,5.0,0.0,Credit Card,Mobile,1.0,Delivered,4.0,407.01,20.35,386.66,386.66,222,45-54,High ($150-400),2024-11,Sunday,0,1
ORD101357,2024-12-26,C1254,31,Female,Singapore,Singapore,2022-12-10,VIP,Organic Search,Electronics,2,150.94,0.0,0.0,E-Wallet,Mobile,1.0,Delivered,,301.88,0.0,301.88,301.88,747,25-34,High ($150-400),2024-12,Thursday,0,0
ORD101288,2024-12-15,C1457,25,Female,Vietnam,Da Nang,2022-06-26,Regular,Organic Search,Fashion,2,45.71,0.0,4.99,E-Wallet,Tablet,8.0,Returned,3.0,91.42,0.0,96.41,0.0,903,25-34,Medium ($50-150),2024-12,Sunday,1,1
ORD100158,2024-03-10,C1506,61,Male,Philippines,Cebu,2022-01-24,VIP,Paid Ads,Beauty,4,30.93,20.0,0.0,Bank Transfer,Mobile,2.0,Delivered,,123.72,24.74,98.98,98.98,776,55+,Medium ($50-150),2024-03,Sunday,0,0
ORD101289,2024-12-15,C1053,30,Female,Cambodia,Battambang,2023-09-16,VIP,Paid Ads,Toys,1,14.8,0.0,9.99,Cash on Delivery,Desktop,2.0,Delivered,4.0,14.8,0.0,24.79,24.79,456,25-34,Low (<$50),2024-12,Sunday,0,1
ORD101829,2025-05-20,C1273,57,Female,Philippines,Cebu,2023-03-31,VIP,Paid Ads,Sports,1,31.65,5.0,6.99,Credit Card,Mobile,7.0,Delivered,3.0,31.65,1.58,37.06,37.06,781,55+,Low (<$50),2025-05,Tuesday,0,1
ORD100841,2024-09-07,C1464,22,Female,Thailand,Chiang Mai,2022-01-11,New,Referral,Fashion,1,26.23,5.0,6.99,E-Wallet,Mobile,7.0,Delivered,4.0,26.23,1.31,31.91,31.91,970,18-24,Low (<$50),2024-09,Saturday,0,1
ORD100634,2024-07-19,C1551,40,Female,Cambodia,Sihanoukville,2024-07-14,VIP,Paid Ads,Fashion,4,34.24,25.0,0.0,E-Wallet,Desktop,11.0,Delivered,4.0,136.96,34.24,102.72,102.72,5,35-44,Medium ($50-150),2024-07,Friday,0,1
ORD100516,2024-06-16,C1090,41,Female,Cambodia,Sihanoukville,2024-04-24,VIP,Paid Ads,Electronics,1,354.62,5.0,0.0,Cash on Delivery,Mobile,7.0,Delivered,3.0,354.62,17.73,336.89,336.89,53,35-44,High ($150-400),2024-06,Sunday,0,1
ORD101553,2025-02-24,C1792,40,Male,Cambodia,Siem Reap,2023-10-25,VIP,Organic Search,Sports,1,55.88,30.0,6.99,E-Wallet,Desktop,,Cancelled,,55.88,16.76,46.11,0.0,488,35-44,Low (<$50),2025-02,Monday,0,0
ORD100597,2024-07-11,C1278,47,Female,Cambodia,Battambang,2022-03-13,VIP,Social Media,Books,4,15.06,5.0,6.99,Credit Card,Mobile,2.0,Delivered,3.0,60.24,3.01,64.22,64.22,851,45-54,Medium ($50-150),2024-07,Thursday,0,1
ORD100195,2024-03-24,C1084,21,Male,Vietnam,Ho Chi Minh City,2022-08-04,New,Social Media,Beauty,2,22.93,0.0,6.99,E-Wallet,Desktop,2.0,Delivered,5.0,45.86,0.0,52.85,52.85,598,18-24,Medium ($50-150),2024-03,Sunday,0,1
ORD101677,2025-04-03,C1456,46,Female,Thailand,Phuket,2024-01-11,VIP,Social Media,Electronics,1,52.57,0.0,6.99,E-Wallet,Mobile,,Cancelled,,52.57,0.0,59.56,0.0,448,45-54,Medium ($50-150),2025-04,Thursday,0,0
ORD100904,2024-09-23,C1835,24,Female,Cambodia,Phnom Penh,2023-04-13,New,Referral,Beauty,4,3.0,0.0,6.99,E-Wallet,Mobile,5.0,Delivered,4.0,12.0,0.0,18.99,18.99,529,18-24,Low (<$50),2024-09,Monday,0,1
ORD100410,2024-05-22,C1617,37,Female,Vietnam,Ho Chi Minh City,2024-05-21,New,Social Media,Home & Kitchen,1,103.29,0.0,6.99,Credit Card,Mobile,2.0,Delivered,5.0,103.29,0.0,110.28,110.28,1,35-44,Medium ($50-150),2024-05,Wednesday,0,1
ORD100096,2024-02-08,C1493,39,Female,Vietnam,Ho Chi Minh City,2022-03-16,VIP,Organic Search,Fashion,3,80.64,5.0,0.0,Credit Card,Desktop,10.0,Delivered,3.0,241.92,12.1,229.82,229.82,694,35-44,High ($150-400),2024-02,Thursday,0,1
ORD100440,2024-05-30,C1452,55,Female,Philippines,Manila,2022-10-27,Regular,Referral,Electronics,1,363.53,0.0,0.0,Bank Transfer,Desktop,3.0,Delivered,2.0,363.53,0.0,363.53,363.53,581,55+,High ($150-400),2024-05,Thursday,0,1
ORD101505,2025-02-04,C1817,37,Female,Vietnam,Hanoi,2024-01-25,Regular,Referral,Home & Kitchen,1,62.07,10.0,2.99,Credit Card,Mobile,2.0,Delivered,3.0,62.07,6.21,58.85,58.85,376,35-44,Medium ($50-150),2025-02,Tuesday,0,1
ORD100156,2024-03-10,C1451,38,Male,Thailand,Bangkok,2022-04-10,VIP,Organic Search,Electronics,1,286.05,15.0,0.0,E-Wallet,Mobile,6.0,Delivered,,286.05,42.91,243.14,243.14,700,35-44,High ($150-400),2024-03,Sunday,0,0
ORD100419,2024-05-24,C1440,32,Male,Malaysia,Kuala Lumpur,2023-02-07,Regular,Organic Search,Books,3,21.66,20.0,4.99,E-Wallet,Mobile,5.0,Delivered,3.0,64.98,13.0,56.97,56.97,472,25-34,Medium ($50-150),2024-05,Friday,0,1
ORD101844,2025-05-24,C1165,24,Female,Thailand,Chiang Mai,2023-02-26,VIP,Email,Electronics,2,3.0,5.0,9.99,E-Wallet,Desktop,10.0,Delivered,4.0,6.0,0.3,15.69,15.69,818,18-24,Low (<$50),2025-05,Saturday,0,1
ORD100477,2024-06-08,C1137,43,Female,Singapore,Singapore,2022-02-06,VIP,Social Media,Sports,1,116.24,0.0,2.99,Cash on Delivery,Mobile,10.0,Delivered,,116.24,0.0,119.23,119.23,853,35-44,Medium ($50-150),2024-06,Saturday,0,0
ORD101898,2025-06-04,C1456,46,Female,Thailand,Phuket,2024-01-11,VIP,Social Media,Home & Kitchen,1,32.17,5.0,2.99,Bank Transfer,Mobile,8.0,Delivered,3.0,32.17,1.61,33.55,33.55,510,45-54,Low (<$50),2025-06,Wednesday,0,1
ORD100668,2024-07-30,C1392,29,Male,Vietnam,Da Nang,2022-07-28,New,Social Media,Toys,1,49.61,5.0,4.99,Credit Card,Desktop,4.0,Delivered,3.0,49.61,2.48,52.12,52.12,733,25-34,Medium ($50-150),2024-07,Tuesday,0,1
ORD101782,2025-05-06,C1022,47,Male,Malaysia,Johor Bahru,2022-05-17,VIP,Social Media,Electronics,2,364.46,10.0,0.0,Credit Card,Tablet,2.0,Delivered,,728.92,72.89,656.03,656.03,1085,45-54,Premium (>$400),2025-05,Tuesday,0,0
ORD101915,2025-06-08,C1298,18,Female,Cambodia,Phnom Penh,2024-07-13,New,Organic Search,Books,1,8.31,15.0,9.99,Bank Transfer,Mobile,6.0,Delivered,4.0,8.31,1.25,17.05,17.05,330,18-24,Low (<$50),2025-06,Sunday,0,1
ORD101326,2024-12-20,C1322,47,Male,Cambodia,Siem Reap,2023-10-21,VIP,Organic Search,Electronics,2,216.84,0.0,0.0,Bank Transfer,Mobile,9.0,Delivered,3.0,433.68,0.0,433.68,433.68,426,45-54,Premium (>$400),2024-12,Friday,0,1
ORD100447,2024-05-31,C1310,47,Female,Cambodia,Phnom Penh,2023-05-17,VIP,Email,Electronics,1,214.24,0.0,0.0,Cash on Delivery,Desktop,8.0,Delivered,3.0,214.24,0.0,214.24,214.24,380,45-54,High ($150-400),2024-05,Friday,0,1
ORD100553,2024-06-29,C1832,22,Female,Vietnam,Ho Chi Minh City,2024-04-19,VIP,Social Media,Electronics,3,353.9,35.0,0.0,Bank Transfer,Mobile,1.0,Delivered,4.0,1061.7,371.6,690.1,690.1,71,18-24,Premium (>$400),2024-06,Saturday,0,1
ORD100178,2024-03-18,C1792,40,Male,Cambodia,Siem Reap,2023-10-25,VIP,Organic Search,Beauty,1,31.72,0.0,9.99,E-Wallet,Desktop,9.0,Delivered,4.0,31.72,0.0,41.71,41.71,145,35-44,Low (<$50),2024-03,Monday,0,1
ORD100390,2024-05-16,C1296,37,Male,Cambodia,Siem Reap,2023-04-28,Regular,Organic Search,Fashion,1,111.61,0.0,2.99,Cash on Delivery,Mobile,9.0,Delivered,3.0,111.61,0.0,114.6,114.6,384,35-44,Medium ($50-150),2024-05,Thursday,0,1
ORD100578,2024-07-04,C1423,18,Female,Vietnam,Ho Chi Minh City,2023-12-23,Regular,Social Media,Toys,4,12.03,5.0,4.99,Credit Card,Mobile,5.0,Delivered,3.0,48.12,2.41,50.7,50.7,194,18-24,Medium ($50-150),2024-07,Thursday,0,1
ORD101036,2024-10-31,C1809,36,Male,Vietnam,Da Nang,2022-07-22,VIP,Organic Search,Fashion,2,68.66,15.0,0.0,E-Wallet,Mobile,4.0,Delivered,4.0,137.32,20.6,116.72,116.72,832,35-44,Medium ($50-150),2024-10,Thursday,0,1
ORD101743,2025-04-25,C1115,28,Female,Vietnam,Da Nang,2022-06-13,VIP,Referral,Home & Kitchen,5,58.63,20.0,0.0,E-Wallet,Desktop,1.0,Delivered,4.0,293.15,58.63,234.52,234.52,1047,25-34,High ($150-400),2025-04,Friday,0,1
ORD101314,2024-12-18,C1241,33,Male,Indonesia,Jakarta,2023-12-12,New,Organic Search,Home & Kitchen,1,125.94,15.0,0.0,E-Wallet,Desktop,1.0,Delivered,,125.94,18.89,107.05,107.05,372,25-34,Medium ($50-150),2024-12,Wednesday,0,0
ORD101985,2025-06-26,C1014,34,Female,Thailand,Bangkok,2023-11-07,VIP,Organic Search,Sports,1,83.49,30.0,4.99,Cash on Delivery,Desktop,11.0,Delivered,3.0,83.49,25.05,63.43,63.43,597,25-34,Medium ($50-150),2025-06,Thursday,0,1
ORD101492,2025-01-31,C1658,47,Female,Thailand,Chiang Mai,2023-09-24,VIP,Email,Fashion,4,30.38,5.0,0.0,Credit Card,Mobile,3.0,Delivered,4.0,121.52,6.08,115.44,115.44,495,45-54,Medium ($50-150),2025-01,Friday,0,1
ORD100820,2024-09-03,C1092,29,Male,Singapore,Singapore,2024-03-13,New,Paid Ads,Electronics,1,131.91,0.0,0.0,Credit Card,Desktop,8.0,Delivered,4.0,131.91,0.0,131.91,131.91,174,25-34,Medium ($50-150),2024-09,Tuesday,0,1
ORD101866,2025-05-30,C1768,20,Male,Vietnam,Ho Chi Minh City,2022-04-14,Regular,Social Media,Electronics,1,230.36,10.0,0.0,Bank Transfer,Desktop,,Cancelled,,230.36,23.04,207.32,0.0,1142,18-24,High ($150-400),2025-05,Friday,0,0
ORD101023,2024-10-28,C1523,32,Female,Philippines,Davao,2023-02-03,VIP,Email,Home & Kitchen,1,6.0,5.0,6.99,E-Wallet,Mobile,3.0,Delivered,,6.0,0.3,12.69,12.69,633,25-34,Low (<$50),2024-10,Monday,0,0
ORD101884,2025-06-02,C1828,47,Male,Vietnam,Da Nang,2023-03-14,Regular,Organic Search,Fashion,5,3.0,0.0,9.99,Credit Card,Mobile,2.0,Delivered,5.0,15.0,0.0,24.99,24.99,811,45-54,Low (<$50),2025-06,Monday,0,1
ORD100664,2024-07-28,C1032,28,Male,Singapore,Singapore,2024-07-27,New,Social Media,Books,1,20.09,20.0,4.99,Credit Card,Mobile,8.0,Delivered,4.0,20.09,4.02,21.06,21.06,1,25-34,Low (<$50),2024-07,Sunday,0,1
ORD100142,2024-02-29,C1339,41,Male,Cambodia,Phnom Penh,2024-02-28,New,Organic Search,Sports,1,30.41,20.0,6.99,Credit Card,Mobile,7.0,Delivered,3.0,30.41,6.08,31.32,31.32,1,35-44,Low (<$50),2024-02,Thursday,0,1
ORD101549,2025-02-23,C1475,30,Female,Vietnam,Hanoi,2023-11-22,VIP,Paid Ads,Fashion,1,84.44,0.0,9.99,Credit Card,Desktop,7.0,Delivered,3.0,84.44,0.0,94.43,94.43,459,25-34,Medium ($50-150),2025-02,Sunday,0,1
ORD100864,2024-09-13,C1808,30,Male,Cambodia,Battambang,2023-02-07,New,Paid Ads,Toys,2,48.87,30.0,4.99,Credit Card,Mobile,4.0,Delivered,,97.74,29.32,73.41,73.41,584,25-34,Medium ($50-150),2024-09,Friday,0,0
ORD100421,2024-05-25,C1148,46,Male,Vietnam,Ho Chi Minh City,2024-05-24,VIP,Social Media,Sports,3,70.68,20.0,0.0,Credit Card,Mobile,6.0,Delivered,4.0,212.04,42.41,169.63,169.63,1,45-54,High ($150-400),2024-05,Saturday,0,1
ORD100636,2024-07-21,C1324,54,Female,Philippines,Manila,2023-07-24,VIP,Organic Search,Fashion,3,99.49,15.0,0.0,Bank Transfer,Desktop,5.0,Delivered,4.0,298.47,44.77,253.7,253.7,363,45-54,High ($150-400),2024-07,Sunday,0,1
ORD101436,2025-01-12,C1135,23,Female,Vietnam,Da Nang,2024-05-06,Regular,Paid Ads,Sports,1,144.39,20.0,0.0,Cash on Delivery,Desktop,1.0,Returned,3.0,144.39,28.88,115.51,0.0,251,18-24,Medium ($50-150),2025-01,Sunday,1,1
ORD100799,2024-08-29,C1342,35,Female,Thailand,Phuket,2023-03-07,VIP,Referral,Books,3,24.37,20.0,4.99,E-Wallet,Mobile,4.0,Delivered,4.0,73.11,14.62,63.48,63.48,541,35-44,Medium ($50-150),2024-08,Thursday,0,1
ORD101090,2024-11-08,C1482,35,Male,Vietnam,Ho Chi Minh City,2022-05-18,Regular,Organic Search,Home & Kitchen,2,67.64,10.0,0.0,Bank Transfer,Mobile,5.0,Delivered,4.0,135.28,13.53,121.75,121.75,905,35-44,Medium ($50-150),2024-11,Friday,0,1
ORD100615,2024-07-14,C1457,25,Female,Vietnam,Da Nang,2022-06-26,Regular,Organic Search,Electronics,1,145.56,0.0,0.0,Credit Card,Mobile,8.0,Returned,3.0,145.56,0.0,145.56,0.0,749,25-34,Medium ($50-150),2024-07,Sunday,1,1
ORD100294,2024-04-22,C1064,42,Male,Singapore,Singapore,2023-11-21,Regular,Social Media,Fashion,2,40.91,0.0,4.99,E-Wallet,Mobile,2.0,Returned,3.0,81.82,0.0,86.81,0.0,153,35-44,Medium ($50-150),2024-04,Monday,1,1
ORD100964,2024-10-10,C1803,38,Male,Malaysia,Kuala Lumpur,2023-11-19,Regular,Email,Sports,1,114.59,0.0,2.99,Bank Transfer,Mobile,6.0,Delivered,,114.59,0.0,117.58,117.58,326,35-44,Medium ($50-150),2024-10,Thursday,0,0
ORD101946,2025-06-16,C1237,32,Female,Philippines,Cebu,2024-02-13,Regular,Organic Search,Beauty,2,33.85,10.0,4.99,Cash on Delivery,Mobile,9.0,Returned,,67.7,6.77,65.92,0.0,489,25-34,Medium ($50-150),2025-06,Monday,1,0
ORD100088,2024-02-06,C1325,42,Male,Cambodia,Phnom Penh,2024-01-08,Regular,Paid Ads,Toys,1,50.79,0.0,2.99,Bank Transfer,Mobile,1.0,Delivered,,50.79,0.0,53.78,53.78,29,35-44,Medium ($50-150),2024-02,Tuesday,0,0
ORD100041,2024-01-18,C1671,37,Female,Cambodia,Siem Reap,2023-01-18,VIP,Organic Search,Books,3,22.42,0.0,2.99,Bank Transfer,Desktop,3.0,Delivered,,67.26,0.0,70.25,70.25,365,35-44,Medium ($50-150),2024-01,Thursday,0,0
ORD101843,2025-05-24,C1045,36,Female,Indonesia,Jakarta,2023-04-22,Regular,Organic Search,Beauty,1,21.41,0.0,2.99,PayPal,Mobile,6.0,Delivered,4.0,21.41,0.0,24.4,24.4,763,35-44,Low (<$50),2025-05,Saturday,0,1
ORD101978,2025-06-24,C1139,66,Male,Philippines,Cebu,2023-11-10,Regular,Email,Sports,1,71.35,15.0,6.99,Credit Card,Desktop,5.0,Delivered,4.0,71.35,10.7,67.64,67.64,592,55+,Medium ($50-150),2025-06,Tuesday,0,1
ORD100131,2024-02-24,C1219,26,Male,Vietnam,Hanoi,2022-03-05,Regular,Organic Search,Toys,1,39.87,0.0,2.99,Bank Transfer,Desktop,1.0,Delivered,3.0,39.87,0.0,42.86,42.86,721,25-34,Low (<$50),2024-02,Saturday,0,1
ORD101265,2024-12-11,C1588,37,Male,Philippines,Manila,2024-03-03,VIP,Paid Ads,Fashion,1,80.6,10.0,2.99,Cash on Delivery,Mobile,4.0,Delivered,,80.6,8.06,75.53,75.53,283,35-44,Medium ($50-150),2024-12,Wednesday,0,0
ORD100409,2024-05-22,C1342,35,Female,Thailand,Phuket,2023-03-07,VIP,Referral,Fashion,1,54.2,15.0,4.99,Bank Transfer,Mobile,11.0,Returned,3.0,54.2,8.13,51.06,0.0,442,35-44,Medium ($50-150),2024-05,Wednesday,1,1
ORD101322,2024-12-19,C1252,53,Female,Singapore,Singapore,2024-07-05,New,Organic Search,Electronics,2,444.03,0.0,0.0,Credit Card,Mobile,6.0,Delivered,,888.06,0.0,888.06,888.06,167,45-54,Premium (>$400),2024-12,Thursday,0,0
ORD101897,2025-06-04,C1687,50,Male,Vietnam,Hanoi,2023-10-20,VIP,Email,Home & Kitchen,1,78.48,20.0,6.99,Credit Card,Desktop,,Cancelled,,78.48,15.7,69.77,0.0,593,45-54,Medium ($50-150),2025-06,Wednesday,0,0
ORD101817,2025-05-15,C1000,37,Male,Indonesia,Jakarta,2023-08-13,Regular,Social Media,Fashion,2,113.03,25.0,0.0,E-Wallet,Desktop,10.0,Delivered,2.0,226.06,56.52,169.54,169.54,641,35-44,High ($150-400),2025-05,Thursday,0,1
ORD101531,2025-02-16,C1158,29,Male,Thailand,Phuket,2024-09-23,Regular,Organic Search,Fashion,1,3.0,15.0,6.99,Cash on Delivery,Desktop,3.0,Delivered,4.0,3.0,0.45,9.54,9.54,146,25-34,Low (<$50),2025-02,Sunday,0,1
ORD100164,2024-03-13,C1550,38,Female,Thailand,Phuket,2022-05-30,VIP,Referral,Toys,4,30.32,0.0,0.0,Credit Card,Mobile,5.0,Delivered,4.0,121.28,0.0,121.28,121.28,653,35-44,Medium ($50-150),2024-03,Wednesday,0,1
ORD100724,2024-08-12,C1266,36,Female,Singapore,Singapore,2022-05-12,Regular,Email,Books,2,38.82,10.0,4.99,Credit Card,Mobile,5.0,Delivered,4.0,77.64,7.76,74.87,74.87,823,35-44,Medium ($50-150),2024-08,Monday,0,1
ORD100290,2024-04-21,C1577,48,Female,Cambodia,Phnom Penh,2023-11-11,Regular,Organic Search,Fashion,3,24.55,0.0,6.99,Credit Card,Tablet,8.0,Delivered,4.0,73.65,0.0,80.64,80.64,162,45-54,Medium ($50-150),2024-04,Sunday,0,1
ORD101912,2025-06-08,C1306,30,Female,Vietnam,Ho Chi Minh City,2022-03-07,Regular,Social Media,Home & Kitchen,2,51.13,25.0,2.99,Bank Transfer,Desktop,1.0,Delivered,4.0,102.26,25.56,79.69,79.69,1189,25-34,Medium ($50-150),2025-06,Sunday,0,1
ORD101568,2025-02-28,C1210,44,Male,Thailand,Bangkok,2024-03-04,VIP,Organic Search,Fashion,1,28.77,0.0,2.99,Bank Transfer,Mobile,9.0,Delivered,,28.77,0.0,31.76,31.76,361,35-44,Low (<$50),2025-02,Friday,0,0
ORD101940,2025-06-14,C1599,18,Female,Cambodia,Siem Reap,2024-09-16,Regular,Organic Search,Electronics,1,498.33,5.0,0.0,Credit Card,Mobile,9.0,Delivered,3.0,498.33,24.92,473.41,473.41,271,18-24,Premium (>$400),2025-06,Saturday,0,1
ORD101043,2024-11-01,C1044,35,Female,Cambodia,Battambang,2022-11-27,Regular,Email,Books,1,19.55,0.0,6.99,Credit Card,Tablet,10.0,Delivered,4.0,19.55,0.0,26.54,26.54,705,35-44,Low (<$50),2024-11,Friday,0,1
ORD101389,2024-12-29,C1530,30,Male,Thailand,Chiang Mai,2023-03-10,VIP,Social Media,Fashion,2,59.36,20.0,4.99,E-Wallet,Desktop,11.0,Returned,3.0,118.72,23.74,99.97,0.0,660,25-34,Medium ($50-150),2024-12,Sunday,1,1
ORD100778,2024-08-24,C1523,32,Female,Philippines,Davao,2023-02-03,VIP,Email,Fashion,5,46.84,15.0,0.0,Credit Card,Mobile,4.0,Delivered,4.0,234.2,35.13,199.07,199.07,568,25-34,High ($150-400),2024-08,Saturday,0,1
ORD100839,2024-09-07,C1081,27,Female,Singapore,Singapore,2023-11-23,New,Paid Ads,Electronics,3,17.63,0.0,2.99,Credit Card,Tablet,3.0,Delivered,3.0,52.89,0.0,55.88,55.88,289,25-34,Medium ($50-150),2024-09,Saturday,0,1
ORD100348,2024-05-07,C1166,44,Female,Vietnam,Ho Chi Minh City,2024-05-06,VIP,Social Media,Fashion,1,3.0,25.0,2.99,E-Wallet,Mobile,6.0,Delivered,4.0,3.0,0.75,5.24,5.24,1,35-44,Low (<$50),2024-05,Tuesday,0,1
ORD101989,2025-06-26,C1798,45,Female,Thailand,Phuket,2022-02-13,VIP,Organic Search,Electronics,2,148.08,5.0,0.0,Bank Transfer,Mobile,8.0,Delivered,2.0,296.16,14.81,281.35,281.35,1229,45-54,High ($150-400),2025-06,Thursday,0,1
ORD100571,2024-07-03,C1435,27,Male,Indonesia,Bandung,2023-01-11,New,Paid Ads,Home & Kitchen,1,80.69,10.0,2.99,E-Wallet,Mobile,7.0,Delivered,,80.69,8.07,75.61,75.61,539,25-34,Medium ($50-150),2024-07,Wednesday,0,0
ORD100917,2024-09-25,C1774,34,Female,Malaysia,Penang,2023-12-05,VIP,Organic Search,Fashion,3,69.44,0.0,0.0,Credit Card,Desktop,8.0,Delivered,3.0,208.32,0.0,208.32,208.32,295,25-34,High ($150-400),2024-09,Wednesday,0,1
ORD101233,2024-12-05,C1094,18,Male,Cambodia,Battambang,2022-05-07,Regular,Social Media,Beauty,3,43.19,25.0,0.0,Cash on Delivery,Desktop,7.0,Delivered,4.0,129.57,32.39,97.18,97.18,943,18-24,Medium ($50-150),2024-12,Thursday,0,1
ORD101930,2025-06-11,C1403,30,Female,Philippines,Davao,2023-12-31,New,Social Media,Fashion,3,3.0,5.0,2.99,Credit Card,Mobile,3.0,Delivered,,9.0,0.45,11.54,11.54,528,25-34,Low (<$50),2025-06,Wednesday,0,0
ORD101574,2025-03-02,C1101,48,Male,Cambodia,Sihanoukville,2023-02-12,VIP,Organic Search,Electronics,2,174.09,20.0,0.0,Credit Card,Mobile,6.0,Delivered,3.0,348.18,69.64,278.54,278.54,749,45-54,High ($150-400),2025-03,Sunday,0,1
ORD101624,2025-03-18,C1477,21,Female,Philippines,Cebu,2022-09-30,VIP,Social Media,Beauty,1,25.67,0.0,4.99,Credit Card,Mobile,9.0,Delivered,,25.67,0.0,30.66,30.66,900,18-24,Low (<$50),2025-03,Tuesday,0,0
ORD101344,2024-12-23,C1435,27,Male,Indonesia,Bandung,2023-01-11,New,Paid Ads,Beauty,2,39.77,30.0,6.99,Credit Card,Tablet,8.0,Delivered,3.0,79.54,23.86,62.67,62.67,712,25-34,Medium ($50-150),2024-12,Monday,0,1
ORD101939,2025-06-14,C1775,36,Male,Malaysia,Penang,2023-05-05,New,Organic Search,Fashion,1,15.74,15.0,6.99,Credit Card,Mobile,2.0,Delivered,5.0,15.74,2.36,20.37,20.37,771,35-44,Low (<$50),2025-06,Saturday,0,1
ORD100136,2024-02-27,C1121,36,Female,Cambodia,Phnom Penh,2023-10-04,Regular,Paid Ads,Toys,1,38.65,10.0,2.99,Cash on Delivery,Mobile,8.0,Returned,,38.65,3.86,37.78,0.0,146,35-44,Low (<$50),2024-02,Tuesday,1,0
ORD100458,2024-06-04,C1226,62,Male,Cambodia,Siem Reap,2023-05-22,Regular,Organic Search,Electronics,1,410.58,5.0,0.0,E-Wallet,Desktop,6.0,Delivered,4.0,410.58,20.53,390.05,390.05,379,55+,High ($150-400),2024-06,Tuesday,0,1
ORD100375,2024-05-13,C1642,57,Male,Thailand,Chiang Mai,2022-08-05,VIP,Paid Ads,Beauty,3,59.76,20.0,0.0,E-Wallet,Desktop,11.0,Delivered,2.0,179.28,35.86,143.42,143.42,647,55+,Medium ($50-150),2024-05,Monday,0,1
ORD101510,2025-02-07,C1136,37,Male,Thailand,Phuket,2022-10-09,New,Paid Ads,Fashion,2,65.71,5.0,0.0,Credit Card,Mobile,2.0,Delivered,4.0,131.42,6.57,124.85,124.85,852,35-44,Medium ($50-150),2025-02,Friday,0,1
ORD100333,2024-05-04,C1641,42,Male,Vietnam,Ho Chi Minh City,2024-04-29,Regular,Social Media,Beauty,1,4.12,10.0,9.99,Cash on Delivery,Desktop,3.0,Delivered,,4.12,0.41,13.7,13.7,5,35-44,Low (<$50),2024-05,Saturday,0,0
ORD101333,2024-12-21,C1556,26,Male,Singapore,Singapore,2022-12-07,VIP,Email,Toys,1,30.19,10.0,4.99,E-Wallet,Mobile,1.0,Delivered,5.0,30.19,3.02,32.16,32.16,745,25-34,Low (<$50),2024-12,Saturday,0,1
ORD101185,2024-11-26,C1163,25,Male,Malaysia,Johor Bahru,2022-10-08,VIP,Referral,Fashion,1,60.39,0.0,6.99,Credit Card,Mobile,4.0,Delivered,4.0,60.39,0.0,67.38,67.38,780,25-34,Medium ($50-150),2024-11,Tuesday,0,1
ORD101967,2025-06-20,C1310,47,Female,Cambodia,Phnom Penh,2023-05-17,VIP,Email,Electronics,1,350.81,10.0,0.0,Cash on Delivery,Desktop,5.0,Delivered,3.0,350.81,35.08,315.73,315.73,765,45-54,High ($150-400),2025-06,Friday,0,1
ORD101799,2025-05-10,C1625,28,Male,Thailand,Bangkok,2023-08-10,Regular,Paid Ads,Electronics,2,13.62,30.0,2.99,E-Wallet,Mobile,,Cancelled,,27.24,8.17,22.06,0.0,639,25-34,Low (<$50),2025-05,Saturday,0,0
ORD101488,2025-01-30,C1501,44,Male,Vietnam,Hanoi,2023-06-04,VIP,Paid Ads,Toys,1,24.02,0.0,2.99,E-Wallet,Mobile,10.0,Delivered,,24.02,0.0,27.01,27.01,606,35-44,Low (<$50),2025-01,Thursday,0,0
ORD100816,2024-09-01,C1667,39,Female,Singapore,Singapore,2023-06-12,New,Social Media,Beauty,1,3.0,10.0,6.99,Cash on Delivery,Mobile,7.0,Delivered,3.0,3.0,0.3,9.69,9.69,447,35-44,Low (<$50),2024-09,Sunday,0,1
ORD101937,2025-06-14,C1543,32,Male,Vietnam,Hanoi,2023-07-29,VIP,Email,Sports,1,34.72,0.0,9.99,Credit Card,Mobile,1.0,Delivered,,34.72,0.0,44.71,44.71,686,25-34,Low (<$50),2025-06,Saturday,0,0
ORD100605,2024-07-12,C1700,46,Male,Thailand,Chiang Mai,2022-08-25,VIP,Organic Search,Toys,2,47.33,0.0,4.99,E-Wallet,Mobile,8.0,Delivered,3.0,94.66,0.0,99.65,99.65,687,45-54,Medium ($50-150),2024-07,Friday,0,1
ORD101992,2025-06-28,C1033,25,Male,Vietnam,Hanoi,2024-01-24,VIP,Organic Search,Electronics,1,153.7,0.0,0.0,E-Wallet,Desktop,1.0,Returned,,153.7,0.0,153.7,0.0,521,25-34,High ($150-400),2025-06,Saturday,1,0
ORD101758,2025-04-29,C1742,23,Male,Vietnam,Hanoi,2023-04-11,Regular,Paid Ads,Fashion,1,63.02,15.0,6.99,Credit Card,Mobile,3.0,Delivered,,63.02,9.45,60.56,60.56,749,18-24,Medium ($50-150),2025-04,Tuesday,0,0
ORD101041,2024-11-01,C1489,41,Female,Philippines,Manila,2022-02-04,New,Organic Search,Fashion,1,41.42,10.0,6.99,Bank Transfer,Mobile,7.0,Returned,2.0,41.42,4.14,44.27,0.0,1001,35-44,Low (<$50),2024-11,Friday,1,1
ORD100910,2024-09-24,C1158,29,Male,Thailand,Phuket,2024-09-23,Regular,Organic Search,Fashion,1,31.13,0.0,9.99,PayPal,Mobile,5.0,Delivered,,31.13,0.0,41.12,41.12,1,25-34,Low (<$50),2024-09,Tuesday,0,0
ORD101274,2024-12-13,C1232,37,Female,Malaysia,Penang,2023-06-28,VIP,Social Media,Home & Kitchen,1,39.01,0.0,4.99,Cash on Delivery,Mobile,5.0,Delivered,2.0,39.01,0.0,44.0,44.0,534,35-44,Low (<$50),2024-12,Friday,0,1
ORD101974,2025-06-22,C1804,48,Male,Cambodia,Siem Reap,2023-10-13,VIP,Social Media,Electronics,1,109.75,0.0,2.99,Cash on Delivery,Tablet,11.0,Delivered,3.0,109.75,0.0,112.74,112.74,618,45-54,Medium ($50-150),2025-06,Sunday,0,1
ORD101151,2024-11-20,C1405,31,Female,Cambodia,Phnom Penh,2023-04-03,New,Paid Ads,Electronics,2,353.83,20.0,0.0,Credit Card,Mobile,10.0,Delivered,3.0,707.66,141.53,566.13,566.13,597,25-34,Premium (>$400),2024-11,Wednesday,0,1
ORD100328,2024-05-03,C1396,42,Female,Thailand,Bangkok,2023-04-08,Regular,Paid Ads,Electronics,3,291.57,20.0,0.0,E-Wallet,Desktop,2.0,Delivered,,874.71,174.94,699.77,699.77,391,35-44,Premium (>$400),2024-05,Friday,0,0
ORD101058,2024-11-04,C1046,44,Female,Philippines,Cebu,2022-07-15,New,Email,Beauty,1,33.33,0.0,6.99,Credit Card,Desktop,7.0,Delivered,3.0,33.33,0.0,40.32,40.32,843,35-44,Low (<$50),2024-11,Monday,0,1
ORD100318,2024-04-29,C1664,33,Male,Philippines,Manila,2023-12-26,VIP,Social Media,Home & Kitchen,2,27.59,15.0,6.99,Bank Transfer,Tablet,,Cancelled,,55.18,8.28,53.89,0.0,125,25-34,Medium ($50-150),2024-04,Monday,0,0
ORD101562,2025-02-26,C1588,37,Male,Philippines,Manila,2024-03-03,VIP,Paid Ads,Fashion,2,38.24,15.0,4.99,Credit Card,Mobile,,Cancelled,,76.48,11.47,70.0,0.0,360,35-44,Medium ($50-150),2025-02,Wednesday,0,0
ORD101386,2024-12-29,C1166,44,Female,Vietnam,Ho Chi Minh City,2024-05-06,VIP,Social Media,Books,1,32.85,0.0,4.99,Credit Card,Mobile,3.0,Delivered,4.0,32.85,0.0,37.84,37.84,237,35-44,Low (<$50),2024-12,Sunday,0,1
ORD101771,2025-05-04,C1784,34,Female,Vietnam,Hanoi,2023-04-17,VIP,Organic Search,Books,1,8.89,5.0,9.99,E-Wallet,Mobile,5.0,Delivered,3.0,8.89,0.44,18.44,18.44,748,25-34,Low (<$50),2025-05,Sunday,0,1
ORD100167,2024-03-14,C1290,31,Male,Indonesia,Surabaya,2022-07-16,Regular,Social Media,Books,1,15.05,0.0,6.99,Cash on Delivery,Desktop,8.0,Delivered,2.0,15.05,0.0,22.04,22.04,607,25-34,Low (<$50),2024-03,Thursday,0,1
ORD100012,2024-01-06,C1831,51,Male,Cambodia,Battambang,2023-01-08,New,Organic Search,Fashion,1,41.88,0.0,9.99,Cash on Delivery,Desktop,9.0,Delivered,3.0,41.88,0.0,51.87,51.87,363,45-54,Medium ($50-150),2024-01,Saturday,0,1
ORD101971,2025-06-22,C1502,26,Male,Philippines,Cebu,2023-04-09,VIP,Paid Ads,Fashion,1,44.4,10.0,6.99,Cash on Delivery,Mobile,11.0,Delivered,3.0,44.4,4.44,46.95,46.95,805,25-34,Low (<$50),2025-06,Sunday,0,1
ORD100171,2024-03-15,C1581,21,Male,Thailand,Bangkok,2022-02-27,VIP,Paid Ads,Electronics,1,235.66,15.0,0.0,Credit Card,Mobile,3.0,Returned,2.0,235.66,35.35,200.31,0.0,747,18-24,High ($150-400),2024-03,Friday,1,1
ORD100649,2024-07-24,C1453,57,Male,Cambodia,Battambang,2022-02-10,VIP,Email,Fashion,1,34.97,15.0,4.99,E-Wallet,Mobile,7.0,Delivered,4.0,34.97,5.25,34.71,34.71,895,55+,Low (<$50),2024-07,Wednesday,0,1
ORD101085,2024-11-07,C1177,36,Female,Thailand,Phuket,2023-03-06,Regular,Email,Home & Kitchen,1,73.1,5.0,9.99,Bank Transfer,Mobile,5.0,Returned,,73.1,3.66,79.43,0.0,612,35-44,Medium ($50-150),2024-11,Thursday,1,0
ORD100260,2024-04-14,C1357,37,Female,Vietnam,Ho Chi Minh City,2023-02-02,New,Social Media,Toys,3,37.1,0.0,4.99,E-Wallet,Mobile,7.0,Delivered,,111.3,0.0,116.29,116.29,437,35-44,Medium ($50-150),2024-04,Sunday,0,0
ORD101239,2024-12-06,C1591,37,Female,Vietnam,Ho Chi Minh City,2023-09-25,New,Social Media,Home & Kitchen,1,41.84,15.0,9.99,Credit Card,Desktop,5.0,Delivered,4.0,41.84,6.28,45.55,45.55,438,35-44,Low (<$50),2024-12,Friday,0,1
ORD101756,2025-04-28,C1669,18,Female,Cambodia,Battambang,2023-02-03,VIP,Email,Home & Kitchen,4,68.75,15.0,0.0,E-Wallet,Mobile,3.0,Delivered,,275.0,41.25,233.75,233.75,815,18-24,High ($150-400),2025-04,Monday,0,0
ORD100901,2024-09-22,C1477,21,Female,Philippines,Cebu,2022-09-30,VIP,Social Media,Sports,2,74.53,5.0,0.0,Credit Card,Desktop,1.0,Delivered,,149.06,7.45,141.61,141.61,723,18-24,Medium ($50-150),2024-09,Sunday,0,0
ORD100672,2024-07-31,C1573,24,Male,Cambodia,Sihanoukville,2023-04-18,VIP,Paid Ads,Toys,2,41.81,0.0,6.99,Bank Transfer,Desktop,9.0,Delivered,4.0,83.62,0.0,90.61,90.61,470,18-24,Medium ($50-150),2024-07,Wednesday,0,1
ORD100258,2024-04-14,C1690,37,Male,Singapore,Singapore,2022-08-16,Regular,Organic Search,Electronics,2,351.09,0.0,0.0,Bank Transfer,Mobile,6.0,Delivered,,702.18,0.0,702.18,702.18,607,35-44,Premium (>$400),2024-04,Sunday,0,0
ORD101538,2025-02-19,C1814,27,Female,Philippines,Manila,2022-07-24,New,Email,Fashion,1,35.99,20.0,6.99,Credit Card,Desktop,10.0,Returned,2.0,35.99,7.2,35.78,0.0,941,25-34,Low (<$50),2025-02,Wednesday,1,1
ORD100844,2024-09-07,C1033,25,Male,Vietnam,Hanoi,2024-01-24,VIP,Organic Search,Electronics,1,235.16,0.0,0.0,E-Wallet,Mobile,,Cancelled,,235.16,0.0,235.16,0.0,227,25-34,High ($150-400),2024-09,Saturday,0,0
ORD100867,2024-09-14,C1327,33,Male,Singapore,Singapore,2023-07-03,Regular,Organic Search,Beauty,1,38.66,5.0,2.99,PayPal,Desktop,2.0,Delivered,,38.66,1.93,39.72,39.72,439,25-34,Low (<$50),2024-09,Saturday,0,0
ORD101220,2024-12-03,C1767,28,Male,Philippines,Manila,2022-09-09,Regular,Social Media,Toys,1,33.26,10.0,4.99,E-Wallet,Mobile,9.0,Delivered,5.0,33.26,3.33,34.92,34.92,816,25-34,Low (<$50),2024-12,Tuesday,0,1
ORD100138,2024-02-28,C1654,40,Female,Cambodia,Sihanoukville,2024-02-27,Regular,Social Media,Fashion,1,17.01,5.0,9.99,E-Wallet,Mobile,2.0,Delivered,,17.01,0.85,26.15,26.15,1,35-44,Low (<$50),2024-02,Wednesday,0,0
ORD100893,2024-09-20,C1148,46,Male,Vietnam,Ho Chi Minh City,2024-05-24,VIP,Social Media,Toys,1,44.76,10.0,9.99,Credit Card,Desktop,9.0,Delivered,3.0,44.76,4.48,50.27,50.27,119,45-54,Medium ($50-150),2024-09,Friday,0,1
ORD101879,2025-06-01,C1324,54,Female,Philippines,Manila,2023-07-24,VIP,Organic Search,Sports,4,41.22,0.0,0.0,E-Wallet,Tablet,1.0,Delivered,4.0,164.88,0.0,164.88,164.88,678,45-54,High ($150-400),2025-06,Sunday,0,1
ORD100549,2024-06-28,C1795,33,Female,Philippines,Davao,2023-10-01,Regular,Organic Search,Home & Kitchen,2,61.0,0.0,0.0,E-Wallet,Mobile,3.0,Delivered,4.0,122.0,0.0,122.0,122.0,271,25-34,Medium ($50-150),2024-06,Friday,0,1
ORD100319,2024-04-30,C1805,46,Female,Cambodia,Sihanoukville,2024-04-20,VIP,Paid Ads,Sports,1,48.75,10.0,4.99,Cash on Delivery,Mobile,3.0,Delivered,3.0,48.75,4.88,48.86,48.86,10,45-54,Low (<$50),2024-04,Tuesday,0,1
ORD101559,2025-02-26,C1335,21,Female,Vietnam,Da Nang,2022-01-17,Regular,Email,Toys,1,61.49,30.0,9.99,E-Wallet,Mobile,5.0,Delivered,,61.49,18.45,53.03,53.03,1136,18-24,Medium ($50-150),2025-02,Wednesday,0,0
ORD101262,2024-12-11,C1627,49,Male,Cambodia,Siem Reap,2022-04-12,Regular,Email,Books,2,29.21,0.0,2.99,Bank Transfer,Mobile,11.0,Delivered,3.0,58.42,0.0,61.41,61.41,974,45-54,Medium ($50-150),2024-12,Wednesday,0,1
ORD101455,2025-01-18,C1363,22,Female,Vietnam,Ho Chi Minh City,2023-12-13,Regular,Referral,Electronics,2,173.84,25.0,0.0,E-Wallet,Mobile,5.0,Returned,,347.68,86.92,260.76,0.0,402,18-24,High ($150-400),2025-01,Saturday,1,0
ORD100558,2024-06-30,C1222,36,Male,Singapore,Singapore,2022-12-11,VIP,Referral,Sports,1,3.0,0.0,9.99,Bank Transfer,Mobile,1.0,Delivered,5.0,3.0,0.0,12.99,12.99,567,35-44,Low (<$50),2024-06,Sunday,0,1
ORD100139,2024-02-28,C1273,57,Female,Philippines,Cebu,2023-03-31,VIP,Paid Ads,Fashion,2,3.0,10.0,6.99,Bank Transfer,Tablet,,Cancelled,,6.0,0.6,12.39,0.0,334,55+,Low (<$50),2024-02,Wednesday,0,0
ORD101773,2025-05-04,C1809,36,Male,Vietnam,Da Nang,2022-07-22,VIP,Organic Search,Fashion,1,80.71,5.0,9.99,Credit Card,Mobile,1.0,Delivered,5.0,80.71,4.04,86.66,86.66,1017,35-44,Medium ($50-150),2025-05,Sunday,0,1
ORD100531,2024-06-20,C1614,25,Male,Cambodia,Battambang,2023-01-23,VIP,Social Media,Sports,1,46.52,15.0,2.99,E-Wallet,Mobile,1.0,Delivered,4.0,46.52,6.98,42.53,42.53,514,25-34,Low (<$50),2024-06,Thursday,0,1
ORD100224,2024-04-01,C1529,51,Female,Cambodia,Sihanoukville,2022-12-16,Regular,Social Media,Sports,1,19.12,10.0,2.99,PayPal,Mobile,2.0,Delivered,,19.12,1.91,20.2,20.2,472,45-54,Low (<$50),2024-04,Monday,0,0
ORD100723,2024-08-12,C1588,37,Male,Philippines,Manila,2024-03-03,VIP,Paid Ads,Fashion,4,49.6,20.0,0.0,Credit Card,Mobile,6.0,Delivered,4.0,198.4,39.68,158.72,158.72,162,35-44,High ($150-400),2024-08,Monday,0,1
ORD101754,2025-04-28,C1244,57,Female,Vietnam,Ho Chi Minh City,2022-09-17,VIP,Organic Search,Fashion,3,32.94,0.0,2.99,Bank Transfer,Mobile,10.0,Delivered,,98.82,0.0,101.81,101.81,954,55+,Medium ($50-150),2025-04,Monday,0,0
ORD100325,2024-05-01,C1221,37,Female,Malaysia,Johor Bahru,2024-04-30,Regular,Social Media,Beauty,1,51.52,5.0,6.99,E-Wallet,Mobile,9.0,Delivered,4.0,51.52,2.58,55.93,55.93,1,35-44,Medium ($50-150),2024-05,Wednesday,0,1
ORD100714,2024-08-09,C1647,18,Female,Cambodia,Sihanoukville,2022-12-29,Regular,Organic Search,Electronics,1,225.2,25.0,0.0,E-Wallet,Mobile,4.0,Delivered,5.0,225.2,56.3,168.9,168.9,589,18-24,High ($150-400),2024-08,Friday,0,1
ORD100846,2024-09-08,C1250,30,Male,Vietnam,Hanoi,2022-11-13,VIP,Organic Search,Books,1,14.84,0.0,6.99,Credit Card,Mobile,9.0,Returned,,14.84,0.0,21.83,0.0,665,25-34,Low (<$50),2024-09,Sunday,1,0
ORD100193,2024-03-23,C1455,36,Male,Thailand,Chiang Mai,2023-08-31,VIP,Organic Search,Books,1,14.08,0.0,9.99,Bank Transfer,Desktop,6.0,Delivered,,14.08,0.0,24.07,24.07,205,35-44,Low (<$50),2024-03,Saturday,0,0
ORD100573,2024-07-03,C1816,30,Male,Malaysia,Kuala Lumpur,2023-12-28,VIP,Paid Ads,Beauty,1,28.12,5.0,4.99,Credit Card,Mobile,5.0,Returned,,28.12,1.41,31.7,0.0,188,25-34,Low (<$50),2024-07,Wednesday,1,0
ORD100946,2024-10-05,C1667,39,Female,Singapore,Singapore,2023-06-12,New,Social Media,Toys,2,15.9,0.0,9.99,E-Wallet,Mobile,8.0,Delivered,4.0,31.8,0.0,41.79,41.79,481,35-44,Low (<$50),2024-10,Saturday,0,1
ORD100503,2024-06-13,C1329,28,Male,Malaysia,Penang,2022-02-14,VIP,Social Media,Books,1,24.5,10.0,2.99,Credit Card,Mobile,8.0,Delivered,3.0,24.5,2.45,25.04,25.04,850,25-34,Low (<$50),2024-06,Thursday,0,1
ORD101198,2024-11-27,C1088,39,Female,Vietnam,Hanoi,2023-04-09,New,Email,Home & Kitchen,2,122.85,25.0,0.0,Credit Card,Tablet,6.0,Delivered,,245.7,61.42,184.28,184.28,598,35-44,High ($150-400),2024-11,Wednesday,0,0
ORD101189,2024-11-26,C1377,18,Male,Thailand,Chiang Mai,2023-05-18,VIP,Social Media,Sports,3,78.95,10.0,0.0,PayPal,Mobile,2.0,Delivered,,236.85,23.68,213.17,213.17,558,18-24,High ($150-400),2024-11,Tuesday,0,0
ORD101827,2025-05-19,C1440,32,Male,Malaysia,Kuala Lumpur,2023-02-07,Regular,Organic Search,Sports,1,75.99,10.0,4.99,Credit Card,Desktop,6.0,Delivered,4.0,75.99,7.6,73.38,73.38,832,25-34,Medium ($50-150),2025-05,Monday,0,1
ORD100003,2024-01-02,C1570,18,Female,Thailand,Chiang Mai,2022-08-14,Regular,Organic Search,Electronics,1,93.64,0.0,4.99,Credit Card,Mobile,2.0,Delivered,,93.64,0.0,98.63,98.63,506,18-24,Medium ($50-150),2024-01,Tuesday,0,0
ORD101175,2024-11-24,C1278,47,Female,Cambodia,Battambang,2022-03-13,VIP,Social Media,Electronics,2,218.12,5.0,0.0,E-Wallet,Desktop,8.0,Delivered,,436.24,21.81,414.43,414.43,987,45-54,Premium (>$400),2024-11,Sunday,0,0
ORD100467,2024-06-06,C1650,54,Male,Thailand,Chiang Mai,2024-01-28,VIP,Social Media,Electronics,2,437.67,5.0,0.0,E-Wallet,Mobile,9.0,Delivered,,875.34,43.77,831.57,831.57,130,45-54,Premium (>$400),2024-06,Thursday,0,0
ORD100005,2024-01-03,C1538,18,Male,Vietnam,Ho Chi Minh City,2023-06-04,Regular,Organic Search,Home & Kitchen,1,100.6,0.0,2.99,Credit Card,Mobile,10.0,Delivered,3.0,100.6,0.0,103.59,103.59,213,18-24,Medium ($50-150),2024-01,Wednesday,0,1
ORD101403,2025-01-02,C1174,20,Female,Cambodia,Siem Reap,2023-12-29,VIP,Organic Search,Fashion,3,58.98,0.0,0.0,Credit Card,Mobile,2.0,Delivered,,176.94,0.0,176.94,176.94,370,18-24,High ($150-400),2025-01,Thursday,0,0
ORD100547,2024-06-27,C1315,34,Male,Thailand,Phuket,2024-04-08,Regular,Organic Search,Electronics,4,35.65,0.0,0.0,E-Wallet,Desktop,3.0,Delivered,,142.6,0.0,142.6,142.6,80,25-34,Medium ($50-150),2024-06,Thursday,0,0
ORD100228,2024-04-03,C1091,33,Female,Singapore,Singapore,2023-07-05,New,Social Media,Beauty,4,18.35,15.0,6.99,E-Wallet,Mobile,7.0,Delivered,,73.4,11.01,69.38,69.38,273,25-34,Medium ($50-150),2024-04,Wednesday,0,0
ORD100542,2024-06-25,C1251,38,Female,Cambodia,Phnom Penh,2023-02-07,Regular,Social Media,Home & Kitchen,2,26.92,10.0,2.99,Cash on Delivery,Mobile,11.0,Delivered,4.0,53.84,5.38,51.45,51.45,504,35-44,Medium ($50-150),2024-06,Tuesday,0,1
ORD100242,2024-04-08,C1321,32,Male,Thailand,Phuket,2023-06-22,VIP,Email,Fashion,3,43.1,0.0,0.0,Credit Card,Mobile,11.0,Delivered,4.0,129.3,0.0,129.3,129.3,291,25-34,Medium ($50-150),2024-04,Monday,0,1
ORD100898,2024-09-21,C1105,32,Female,Thailand,Chiang Mai,2024-09-20,New,Organic Search,Fashion,1,51.9,0.0,4.99,Credit Card,Mobile,2.0,Returned,4.0,51.9,0.0,56.89,0.0,1,25-34,Medium ($50-150),2024-09,Saturday,1,1
ORD101159,2024-11-21,C1002,42,Male,Thailand,Phuket,2024-05-07,Regular,Email,Home & Kitchen,4,119.04,10.0,0.0,Credit Card,Mobile,8.0,Delivered,3.0,476.16,47.62,428.54,428.54,198,35-44,Premium (>$400),2024-11,Thursday,0,1
ORD101330,2024-12-20,C1328,21,Male,Cambodia,Sihanoukville,2023-12-11,New,Organic Search,Electronics,2,6.47,20.0,4.99,E-Wallet,Desktop,7.0,Delivered,3.0,12.94,2.59,15.34,15.34,375,18-24,Low (<$50),2024-12,Friday,0,1
ORD101110,2024-11-13,C1047,36,Male,Philippines,Davao,2022-06-28,VIP,Organic Search,Fashion,2,45.07,5.0,9.99,Credit Card,Mobile,2.0,Delivered,,90.14,4.51,95.62,95.62,869,35-44,Medium ($50-150),2024-11,Wednesday,0,0
ORD100842,2024-09-07,C1237,32,Female,Philippines,Cebu,2024-02-13,Regular,Organic Search,Beauty,4,21.98,20.0,4.99,Credit Card,Tablet,5.0,Delivered,2.0,87.92,17.58,75.33,75.33,207,25-34,Medium ($50-150),2024-09,Saturday,0,1
ORD101448,2025-01-16,C1007,31,Male,Malaysia,Johor Bahru,2022-04-16,VIP,Paid Ads,Sports,3,102.26,5.0,0.0,Bank Transfer,Mobile,4.0,Delivered,4.0,306.78,15.34,291.44,291.44,1006,25-34,High ($150-400),2025-01,Thursday,0,1
ORD101916,2025-06-08,C1597,43,Female,Philippines,Cebu,2022-05-23,Regular,Referral,Electronics,3,47.86,5.0,0.0,Credit Card,Desktop,8.0,Delivered,4.0,143.58,7.18,136.4,136.4,1112,35-44,Medium ($50-150),2025-06,Sunday,0,1
ORD100661,2024-07-27,C1023,32,Male,Singapore,Singapore,2023-04-22,VIP,Email,Electronics,2,159.62,0.0,0.0,E-Wallet,Mobile,8.0,Returned,1.0,319.24,0.0,319.24,0.0,462,25-34,High ($150-400),2024-07,Saturday,1,1
ORD101284,2024-12-14,C1402,43,Female,Cambodia,Phnom Penh,2023-02-13,Regular,Social Media,Electronics,3,432.82,10.0,0.0,Credit Card,Mobile,4.0,Delivered,4.0,1298.46,129.85,1168.61,1168.61,670,35-44,Premium (>$400),2024-12,Saturday,0,1
ORD100314,2024-04-28,C1605,40,Male,Singapore,Singapore,2022-09-07,New,Organic Search,Sports,1,13.25,15.0,6.99,Cash on Delivery,Tablet,2.0,Delivered,4.0,13.25,1.99,18.25,18.25,599,35-44,Low (<$50),2024-04,Sunday,0,1
ORD100691,2024-08-04,C1451,38,Male,Thailand,Bangkok,2022-04-10,VIP,Organic Search,Electronics,1,419.0,0.0,0.0,Credit Card,Desktop,11.0,Delivered,3.0,419.0,0.0,419.0,419.0,847,35-44,Premium (>$400),2024-08,Sunday,0,1
ORD101536,2025-02-18,C1220,32,Female,Malaysia,Johor Bahru,2022-07-13,Regular,Organic Search,Toys,1,36.68,0.0,4.99,Credit Card,Mobile,9.0,Delivered,4.0,36.68,0.0,41.67,41.67,951,25-34,Low (<$50),2025-02,Tuesday,0,1
ORD100424,2024-05-25,C1295,36,Female,Cambodia,Sihanoukville,2022-07-14,VIP,Paid Ads,Fashion,1,65.24,5.0,2.99,Credit Card,Desktop,9.0,Returned,2.0,65.24,3.26,64.97,0.0,681,35-44,Medium ($50-150),2024-05,Saturday,1,1
ORD100594,2024-07-11,C1148,46,Male,Vietnam,Ho Chi Minh City,2024-05-24,VIP,Social Media,Toys,1,9.98,15.0,9.99,Credit Card,Desktop,3.0,Delivered,4.0,9.98,1.5,18.47,18.47,48,45-54,Low (<$50),2024-07,Thursday,0,1
ORD100622,2024-07-16,C1249,21,Female,Thailand,Chiang Mai,2022-06-10,New,Social Media,Fashion,1,20.27,15.0,4.99,E-Wallet,Desktop,2.0,Delivered,,20.27,3.04,22.22,22.22,767,18-24,Low (<$50),2024-07,Tuesday,0,0
ORD101196,2024-11-26,C1411,18,Male,Cambodia,Battambang,2022-07-25,VIP,Referral,Home & Kitchen,1,10.25,10.0,6.99,Credit Card,Mobile,8.0,Delivered,,10.25,1.02,16.22,16.22,855,18-24,Low (<$50),2024-11,Tuesday,0,0
ORD101433,2025-01-10,C1341,37,Female,Malaysia,Johor Bahru,2023-05-04,Regular,Paid Ads,Beauty,1,16.43,0.0,4.99,Credit Card,Desktop,9.0,Delivered,2.0,16.43,0.0,21.42,21.42,617,35-44,Low (<$50),2025-01,Friday,0,1
ORD100227,2024-04-03,C1494,31,Female,Singapore,Singapore,2024-03-16,VIP,Referral,Beauty,2,21.6,0.0,2.99,E-Wallet,Desktop,4.0,Delivered,5.0,43.2,0.0,46.19,46.19,18,25-34,Low (<$50),2024-04,Wednesday,0,1
ORD101684,2025-04-06,C1682,48,Female,Vietnam,Ho Chi Minh City,2023-08-19,New,Email,Fashion,3,59.4,0.0,0.0,Bank Transfer,Tablet,6.0,Delivered,3.0,178.2,0.0,178.2,178.2,596,45-54,High ($150-400),2025-04,Sunday,0,1
ORD101358,2024-12-26,C1616,42,Male,Vietnam,Hanoi,2024-07-30,VIP,Organic Search,Books,1,12.07,25.0,4.99,Bank Transfer,Mobile,,Cancelled,,12.07,3.02,14.04,0.0,149,35-44,Low (<$50),2024-12,Thursday,0,0
ORD101457,2025-01-18,C1559,24,Male,Vietnam,Hanoi,2022-05-08,Regular,Email,Toys,1,40.11,15.0,9.99,Credit Card,Mobile,3.0,Delivered,,40.11,6.02,44.08,44.08,986,18-24,Low (<$50),2025-01,Saturday,0,0
ORD100066,2024-01-27,C1093,33,Female,Singapore,Singapore,2023-03-29,New,Organic Search,Fashion,1,57.2,10.0,6.99,Credit Card,Tablet,8.0,Delivered,,57.2,5.72,58.47,58.47,304,25-34,Medium ($50-150),2024-01,Saturday,0,0
ORD100024,2024-01-13,C1484,33,Female,Cambodia,Sihanoukville,2023-10-18,Regular,Social Media,Home & Kitchen,3,132.8,0.0,0.0,Credit Card,Desktop,2.0,Delivered,,398.4,0.0,398.4,398.4,87,25-34,High ($150-400),2024-01,Saturday,0,0
ORD100144,2024-03-01,C1209,30,Male,Thailand,Bangkok,2023-04-16,Regular,Organic Search,Beauty,4,33.05,0.0,0.0,Credit Card,Desktop,4.0,Delivered,3.0,132.2,0.0,132.2,132.2,320,25-34,Medium ($50-150),2024-03,Friday,0,1
ORD100536,2024-06-22,C1021,27,Female,Cambodia,Battambang,2023-08-06,Regular,Organic Search,Beauty,3,22.5,10.0,4.99,E-Wallet,Desktop,8.0,Returned,2.0,67.5,6.75,65.74,0.0,321,25-34,Medium ($50-150),2024-06,Saturday,1,1
ORD100811,2024-08-31,C1193,50,Male,Thailand,Chiang Mai,2024-02-03,New,Social Media,Toys,3,86.05,0.0,0.0,E-Wallet,Desktop,7.0,Delivered,4.0,258.15,0.0,258.15,258.15,210,45-54,High ($150-400),2024-08,Saturday,0,1
ORD101851,2025-05-25,C1701,31,Male,Vietnam,Ho Chi Minh City,2023-03-09,Regular,Email,Sports,2,134.49,10.0,0.0,Cash on Delivery,Tablet,9.0,Delivered,3.0,268.98,26.9,242.08,242.08,808,25-34,High ($150-400),2025-05,Sunday,0,1
ORD100085,2024-02-04,C1767,34,Male,Philippines,Manila,2022-09-09,Regular,Social Media,Beauty,4,12.35,5.0,2.99,Credit Card,Mobile,4.0,Delivered,2.0,49.4,2.47,49.92,49.92,513,25-34,Low (<$50),2024-02,Sunday,0,1
ORD101359,2024-12-26,C1699,32,Male,Indonesia,Jakarta,2024-07-27,Regular,Organic Search,Electronics,2,111.19,10.0,0.0,PayPal,Mobile,6.0,Delivered,,222.38,22.24,200.14,200.14,152,25-34,High ($150-400),2024-12,Thursday,0,0
ORD101356,2024-12-26,C1016,38,Female,Cambodia,Sihanoukville,2023-04-13,VIP,Referral,Home & Kitchen,1,50.17,0.0,4.99,Credit Card,Tablet,1.0,Returned,4.0,50.17,0.0,55.16,0.0,623,35-44,Medium ($50-150),2024-12,Thursday,1,1
ORD101094,2024-11-08,C1257,30,Male,Vietnam,Da Nang,2024-06-03,New,Referral,Electronics,1,111.78,0.0,4.99,Credit Card,Mobile,1.0,Delivered,5.0,111.78,0.0,116.77,116.77,158,25-34,Medium ($50-150),2024-11,Friday,0,1
ORD101846,2025-05-24,C1567,27,Male,Vietnam,Ho Chi Minh City,2023-10-03,Regular,Social Media,Fashion,2,32.46,30.0,6.99,Bank Transfer,Tablet,5.0,Delivered,,64.92,19.48,52.43,52.43,599,25-34,Medium ($50-150),2025-05,Saturday,0,0
ORD101859,2025-05-28,C1096,19,Male,Thailand,Bangkok,2022-05-05,Regular,Email,Home & Kitchen,4,3.0,20.0,4.99,Cash on Delivery,Mobile,11.0,Delivered,,12.0,2.4,14.59,14.59,1119,18-24,Low (<$50),2025-05,Wednesday,0,0
ORD101401,2025-01-01,C1154,33,Male,Philippines,Davao,2024-01-31,New,Organic Search,Toys,1,27.8,10.0,9.99,E-Wallet,Desktop,6.0,Delivered,,27.8,2.78,35.01,35.01,336,25-34,Low (<$50),2025-01,Wednesday,0,0
ORD101170,2024-11-23,C1232,37,Female,Malaysia,Penang,2023-06-28,VIP,Social Media,Books,1,21.67,5.0,6.99,Bank Transfer,Mobile,,Cancelled,,21.67,1.08,27.58,0.0,514,35-44,Low (<$50),2024-11,Saturday,0,0
ORD100362,2024-05-10,C1099,24,Female,Thailand,Phuket,2024-03-02,New,Social Media,Home & Kitchen,1,97.01,5.0,4.99,Bank Transfer,Mobile,1.0,Delivered,4.0,97.01,4.85,97.15,97.15,69,18-24,Medium ($50-150),2024-05,Friday,0,1
ORD101645,2025-03-25,C1728,21,Male,Indonesia,Surabaya,2023-09-14,New,Organic Search,Sports,1,3.0,0.0,6.99,Credit Card,Desktop,2.0,Returned,4.0,3.0,0.0,9.99,0.0,558,18-24,Low (<$50),2025-03,Tuesday,1,1
ORD101178,2024-11-25,C1069,34,Male,Malaysia,Johor Bahru,2023-07-02,Regular,Social Media,Books,1,24.15,0.0,6.99,PayPal,Desktop,5.0,Delivered,,24.15,0.0,31.14,31.14,512,25-34,Low (<$50),2024-11,Monday,0,0
ORD101026,2024-10-29,C1128,27,Female,Cambodia,Sihanoukville,2022-10-01,Regular,Referral,Sports,1,30.06,15.0,2.99,Credit Card,Mobile,9.0,Delivered,3.0,30.06,4.51,28.54,28.54,759,25-34,Low (<$50),2024-10,Tuesday,0,1
ORD101030,2024-10-30,C1441,38,Female,Malaysia,Johor Bahru,2024-04-18,Regular,Organic Search,Beauty,1,15.54,0.0,9.99,PayPal,Desktop,1.0,Delivered,4.0,15.54,0.0,25.53,25.53,195,35-44,Low (<$50),2024-10,Wednesday,0,1
ORD101309,2024-12-17,C1415,36,Female,Thailand,Bangkok,2023-01-23,VIP,Organic Search,Electronics,1,64.04,10.0,4.99,Credit Card,Mobile,5.0,Delivered,4.0,64.04,6.4,62.63,62.63,694,35-44,Medium ($50-150),2024-12,Tuesday,0,1
ORD101804,2025-05-11,C1524,49,Female,Cambodia,Phnom Penh,2022-08-26,Regular,Organic Search,Fashion,2,95.74,10.0,0.0,Credit Card,Mobile,3.0,Delivered,5.0,191.48,19.15,172.33,172.33,989,45-54,High ($150-400),2025-05,Sunday,0,1
ORD101117,2024-11-14,C1121,36,Female,Cambodia,Phnom Penh,2023-10-04,Regular,Paid Ads,Fashion,5,19.08,0.0,6.99,E-Wallet,Desktop,2.0,Delivered,,95.4,0.0,102.39,102.39,407,35-44,Medium ($50-150),2024-11,Thursday,0,0
ORD100665,2024-07-29,C1639,40,Female,Malaysia,Penang,2022-07-10,VIP,Email,Beauty,1,37.92,0.0,4.99,Cash on Delivery,Mobile,1.0,Delivered,4.0,37.92,0.0,42.91,42.91,750,35-44,Low (<$50),2024-07,Monday,0,1
ORD100364,2024-05-10,C1813,28,Female,Cambodia,Battambang,2022-03-19,Regular,Organic Search,Electronics,2,92.33,10.0,0.0,E-Wallet,Mobile,5.0,Delivered,4.0,184.66,18.47,166.19,166.19,783,25-34,High ($150-400),2024-05,Friday,0,1
ORD100077,2024-02-01,C1299,38,Male,Cambodia,Phnom Penh,2022-08-01,VIP,Paid Ads,Home & Kitchen,2,148.22,10.0,0.0,Credit Card,Tablet,2.0,Delivered,5.0,296.44,29.64,266.8,266.8,549,35-44,High ($150-400),2024-02,Thursday,0,1
ORD100027,2024-01-14,C1638,34,Female,Cambodia,Sihanoukville,2023-04-20,VIP,Social Media,Toys,1,22.8,5.0,6.99,E-Wallet,Mobile,3.0,Delivered,,22.8,1.14,28.65,28.65,269,25-34,Low (<$50),2024-01,Sunday,0,0
ORD101466,2025-01-21,C1152,18,Male,Vietnam,Hanoi,2022-02-16,Regular,Email,Electronics,2,196.65,15.0,0.0,Bank Transfer,Desktop,,Cancelled,,393.3,59.0,334.3,0.0,1070,18-24,High ($150-400),2025-01,Tuesday,0,0
ORD100525,2024-06-19,C1491,38,Female,Cambodia,Sihanoukville,2023-01-06,Regular,Social Media,Electronics,3,220.05,5.0,0.0,Credit Card,Tablet,8.0,Returned,2.0,660.15,33.01,627.14,0.0,530,35-44,Premium (>$400),2024-06,Wednesday,1,1
ORD101876,2025-06-01,C1117,34,Male,Vietnam,Hanoi,2023-03-14,Regular,Social Media,Fashion,2,6.03,5.0,9.99,Credit Card,Tablet,5.0,Delivered,5.0,12.06,0.6,21.45,21.45,810,25-34,Low (<$50),2025-06,Sunday,0,1
ORD100055,2024-01-23,C1004,18,Female,Thailand,Bangkok,2022-08-06,Regular,Referral,Fashion,1,3.41,0.0,2.99,Cash on Delivery,Desktop,5.0,Delivered,4.0,3.41,0.0,6.4,6.4,535,18-24,Low (<$50),2024-01,Tuesday,0,1
ORD100638,2024-07-21,C1550,38,Female,Thailand,Phuket,2022-05-30,VIP,Referral,Electronics,2,212.13,35.0,0.0,Credit Card,Mobile,6.0,Delivered,,424.26,148.49,275.77,275.77,783,35-44,High ($150-400),2024-07,Sunday,0,0
ORD100302,2024-04-24,C1210,44,Male,Thailand,Bangkok,2024-03-04,VIP,Organic Search,Toys,3,39.72,10.0,4.99,Credit Card,Desktop,10.0,Delivered,3.0,119.16,11.92,112.23,112.23,51,35-44,Medium ($50-150),2024-04,Wednesday,0,1
ORD100718,2024-08-10,C1149,36,Male,Indonesia,Jakarta,2023-12-18,VIP,Social Media,Electronics,1,85.61,5.0,6.99,E-Wallet,Tablet,8.0,Delivered,,85.61,4.28,88.32,88.32,236,35-44,Medium ($50-150),2024-08,Saturday,0,0
ORD100624,2024-07-16,C1639,40,Female,Malaysia,Penang,2022-07-10,VIP,Email,Electronics,1,224.82,0.0,0.0,Cash on Delivery,Desktop,1.0,Delivered,,224.82,0.0,224.82,224.82,737,35-44,High ($150-400),2024-07,Tuesday,0,0
ORD100007,2024-01-05,C1365,50,Female,Cambodia,Sihanoukville,2022-12-17,Regular,Email,Beauty,2,72.23,25.0,0.0,Credit Card,Mobile,8.0,Delivered,5.0,144.46,36.12,108.34,108.34,384,45-54,Medium ($50-150),2024-01,Friday,0,1
ORD100803,2024-08-30,C1170,27,Male,Thailand,Chiang Mai,2023-04-17,New,Social Media,Books,2,10.57,0.0,6.99,Credit Card,Mobile,6.0,Delivered,5.0,21.14,0.0,28.13,28.13,501,25-34,Low (<$50),2024-08,Friday,0,1
ORD101049,2024-11-02,C1459,34,Female,Cambodia,Battambang,2023-11-08,Regular,Paid Ads,Electronics,1,136.68,0.0,0.0,Bank Transfer,Mobile,1.0,Delivered,4.0,136.68,0.0,136.68,136.68,360,25-34,Medium ($50-150),2024-11,Saturday,0,1
ORD100336,2024-05-05,C1772,37,Female,Malaysia,Penang,2024-05-04,New,Organic Search,Beauty,1,12.53,0.0,4.99,Credit Card,Mobile,3.0,Delivered,,12.53,0.0,17.52,17.52,1,35-44,Low (<$50),2024-05,Sunday,0,0
ORD100047,2024-01-20,C1428,19,Female,Philippines,Manila,2023-07-07,Regular,Organic Search,Home & Kitchen,1,75.41,15.0,9.99,E-Wallet,Tablet,2.0,Delivered,,75.41,11.31,74.09,74.09,197,18-24,Medium ($50-150),2024-01,Saturday,0,0
ORD101512,2025-02-07,C1347,40,Female,Cambodia,Battambang,2024-02-11,Regular,Social Media,Electronics,1,210.24,15.0,0.0,E-Wallet,Desktop,10.0,Delivered,3.0,210.24,31.54,178.7,178.7,362,35-44,High ($150-400),2025-02,Friday,0,1
ORD100106,2024-02-13,C1163,25,Male,Malaysia,Johor Bahru,2022-10-08,VIP,Referral,Books,1,11.21,25.0,6.99,E-Wallet,Desktop,7.0,Delivered,4.0,11.21,2.8,15.4,15.4,493,25-34,Low (<$50),2024-02,Tuesday,0,1
ORD100349,2024-05-07,C1135,23,Female,Vietnam,Da Nang,2024-05-06,Regular,Paid Ads,Fashion,1,80.79,0.0,6.99,E-Wallet,Desktop,4.0,Delivered,5.0,80.79,0.0,87.78,87.78,1,18-24,Medium ($50-150),2024-05,Tuesday,0,1
ORD101079,2024-11-07,C1480,36,Female,Singapore,Singapore,2022-10-29,Regular,Paid Ads,Fashion,1,28.32,0.0,4.99,Bank Transfer,Mobile,4.0,Delivered,,28.32,0.0,33.31,33.31,740,35-44,Low (<$50),2024-11,Thursday,0,0
ORD100238,2024-04-06,C1700,46,Male,Thailand,Chiang Mai,2022-08-25,VIP,Organic Search,Fashion,3,45.78,10.0,0.0,Credit Card,Mobile,10.0,Returned,,137.34,13.73,123.61,0.0,590,45-54,Medium ($50-150),2024-04,Saturday,1,0
ORD100213,2024-03-30,C1478,34,Male,Cambodia,Siem Reap,2023-01-30,VIP,Paid Ads,Toys,1,52.31,0.0,6.99,Credit Card,Mobile,3.0,Delivered,,52.31,0.0,59.3,59.3,425,25-34,Medium ($50-150),2024-03,Saturday,0,0
ORD101164,2024-11-22,C1114,35,Female,Vietnam,Da Nang,2023-03-31,Regular,Paid Ads,Electronics,2,149.4,0.0,0.0,Credit Card,Mobile,4.0,Delivered,,298.8,0.0,298.8,298.8,602,35-44,High ($150-400),2024-11,Friday,0,0
ORD100793,2024-08-27,C1630,52,Female,Singapore,Singapore,2023-01-25,Regular,Organic Search,Beauty,1,34.26,0.0,2.99,E-Wallet,Mobile,7.0,Returned,3.0,34.26,0.0,37.25,0.0,580,45-54,Low (<$50),2024-08,Tuesday,1,1
ORD101096,2024-11-08,C1729,22,Female,Cambodia,Phnom Penh,2023-07-28,New,Social Media,Electronics,2,186.2,25.0,0.0,E-Wallet,Mobile,3.0,Delivered,5.0,372.4,93.1,279.3,279.3,469,18-24,High ($150-400),2024-11,Friday,0,1
ORD101318,2024-12-19,C1577,48,Female,Cambodia,Phnom Penh,2023-11-11,Regular,Organic Search,Sports,3,45.55,15.0,0.0,Bank Transfer,Mobile,7.0,Delivered,4.0,136.65,20.5,116.15,116.15,404,45-54,Medium ($50-150),2024-12,Thursday,0,1
ORD101547,2025-02-22,C1377,18,Male,Thailand,Chiang Mai,2023-05-18,VIP,Social Media,Home & Kitchen,2,80.04,5.0,0.0,Credit Card,Mobile,8.0,Delivered,3.0,160.08,8.0,152.08,152.08,646,18-24,High ($150-400),2025-02,Saturday,0,1
ORD101615,2025-03-14,C1446,46,Male,Thailand,Bangkok,2024-02-26,VIP,Social Media,Home & Kitchen,1,37.9,5.0,2.99,Bank Transfer,Desktop,3.0,Delivered,4.0,37.9,1.9,38.99,38.99,382,45-54,Low (<$50),2025-03,Friday,0,1
ORD101708,2025-04-13,C1322,47,Male,Cambodia,Siem Reap,2023-10-21,VIP,Organic Search,Beauty,2,7.44,10.0,6.99,Cash on Delivery,Desktop,8.0,Delivered,3.0,14.88,1.49,20.38,20.38,540,45-54,Low (<$50),2025-04,Sunday,0,1
ORD100523,2024-06-19,C1742,23,Male,Vietnam,Hanoi,2023-04-11,Regular,Paid Ads,Beauty,1,34.01,0.0,9.99,Bank Transfer,Desktop,2.0,Returned,2.0,34.01,0.0,44.0,0.0,435,18-24,Low (<$50),2024-06,Wednesday,1,1
ORD100232,2024-04-05,C1580,18,Male,Vietnam,Ho Chi Minh City,2023-04-26,Regular,Paid Ads,Electronics,1,124.52,5.0,0.0,Cash on Delivery,Desktop,9.0,Delivered,,124.52,6.23,118.29,118.29,345,18-24,Medium ($50-150),2024-04,Friday,0,0
ORD100644,2024-07-23,C1222,36,Male,Singapore,Singapore,2022-12-11,VIP,Referral,Fashion,4,3.0,5.0,4.99,E-Wallet,Mobile,2.0,Delivered,3.0,12.0,0.6,16.39,16.39,590,35-44,Low (<$50),2024-07,Tuesday,0,1
ORD101540,2025-02-20,C1109,18,Male,Vietnam,Hanoi,2022-10-16,Regular,Social Media,Fashion,1,73.64,5.0,9.99,Bank Transfer,Mobile,,Cancelled,,73.64,3.68,79.95,0.0,858,18-24,Medium ($50-150),2025-02,Thursday,0,0
ORD100533,2024-06-21,C1101,48,Male,Cambodia,Sihanoukville,2023-02-12,VIP,Organic Search,Fashion,3,46.56,5.0,0.0,PayPal,Mobile,5.0,Delivered,3.0,139.68,6.98,132.7,132.7,495,45-54,Medium ($50-150),2024-06,Friday,0,1
ORD101541,2025-02-21,C1524,49,Female,Cambodia,Phnom Penh,2022-08-26,Regular,Organic Search,Fashion,1,104.02,5.0,4.99,Credit Card,Mobile,10.0,Delivered,4.0,104.02,5.2,103.81,103.81,910,45-54,Medium ($50-150),2025-02,Friday,0,1
ORD100603,2024-07-11,C1003,44,Male,Malaysia,Johor Bahru,2024-06-13,Regular,Email,Sports,1,37.31,0.0,4.99,Credit Card,Mobile,8.0,Returned,,37.31,0.0,42.3,0.0,28,35-44,Low (<$50),2024-07,Thursday,1,0
ORD101235,2024-12-05,C1367,25,Female,Cambodia,Siem Reap,2022-05-17,Regular,Social Media,Fashion,2,50.09,10.0,4.99,E-Wallet,Mobile,2.0,Delivered,2.0,100.18,10.02,95.15,95.15,933,25-34,Medium ($50-150),2024-12,Thursday,0,1
ORD101074,2024-11-06,C1441,38,Female,Malaysia,Johor Bahru,2024-04-18,Regular,Organic Search,Books,1,14.32,0.0,4.99,Bank Transfer,Desktop,11.0,Delivered,2.0,14.32,0.0,19.31,19.31,202,35-44,Low (<$50),2024-11,Wednesday,0,1
ORD101331,2024-12-21,C1738,18,Female,Singapore,Singapore,2023-08-06,New,Organic Search,Electronics,1,157.03,20.0,0.0,Bank Transfer,Mobile,1.0,Delivered,4.0,157.03,31.41,125.62,125.62,503,18-24,Medium ($50-150),2024-12,Saturday,0,1
ORD100060,2024-01-25,C1540,18,Male,Thailand,Phuket,2023-07-09,Regular,Email,Electronics,2,78.52,20.0,0.0,Credit Card,Desktop,10.0,Delivered,4.0,157.04,31.41,125.63,125.63,200,18-24,Medium ($50-150),2024-01,Thursday,0,1
ORD100092,2024-02-07,C1533,34,Female,Cambodia,Sihanoukville,2023-06-06,Regular,Email,Beauty,1,66.23,0.0,6.99,Cash on Delivery,Mobile,10.0,Delivered,3.0,66.23,0.0,73.22,73.22,246,25-34,Medium ($50-150),2024-02,Wednesday,0,1
ORD100666,2024-07-29,C1793,38,Male,Cambodia,Phnom Penh,2022-09-19,Regular,Paid Ads,Electronics,3,3.0,10.0,6.99,Credit Card,Tablet,7.0,Delivered,2.0,9.0,0.9,15.09,15.09,679,35-44,Low (<$50),2024-07,Monday,0,1
ORD100280,2024-04-19,C1370,34,Female,Singapore,Singapore,2023-05-07,Regular,Social Media,Beauty,1,54.7,0.0,6.99,Bank Transfer,Desktop,5.0,Delivered,,54.7,0.0,61.69,61.69,348,25-34,Medium ($50-150),2024-04,Friday,0,0
ORD101601,2025-03-09,C1526,50,Male,Thailand,Phuket,2023-03-19,New,Organic Search,Electronics,2,116.85,0.0,0.0,E-Wallet,Desktop,7.0,Delivered,,233.7,0.0,233.7,233.7,721,45-54,High ($150-400),2025-03,Sunday,0,0
ORD100359,2024-05-09,C1670,43,Female,Cambodia,Siem Reap,2024-05-08,VIP,Paid Ads,Fashion,3,53.66,10.0,0.0,Cash on Delivery,Mobile,1.0,Returned,3.0,160.98,16.1,144.88,0.0,1,35-44,Medium ($50-150),2024-05,Thursday,1,1
ORD101688,2025-04-07,C1345,18,Male,Thailand,Bangkok,2024-01-24,Regular,Paid Ads,Electronics,1,138.35,20.0,0.0,Credit Card,Desktop,6.0,Delivered,4.0,138.35,27.67,110.68,110.68,439,18-24,Medium ($50-150),2025-04,Monday,0,1
ORD101619,2025-03-16,C1377,18,Male,Thailand,Chiang Mai,2023-05-18,VIP,Social Media,Beauty,2,55.5,20.0,9.99,Cash on Delivery,Mobile,10.0,Delivered,,111.0,22.2,98.79,98.79,668,18-24,Medium ($50-150),2025-03,Sunday,0,0
ORD100847,2024-09-08,C1696,18,Female,Thailand,Chiang Mai,2024-09-07,Regular,Social Media,Fashion,1,70.89,10.0,4.99,Cash on Delivery,Mobile,,Cancelled,,70.89,7.09,68.79,0.0,1,18-24,Medium ($50-150),2024-09,Sunday,0,0
ORD101406,2025-01-02,C1359,32,Male,Thailand,Bangkok,2024-08-08,Regular,Organic Search,Fashion,2,21.61,5.0,6.99,Cash on Delivery,Desktop,11.0,Delivered,3.0,43.22,2.16,48.05,48.05,147,25-34,Low (<$50),2025-01,Thursday,0,1
ORD100110,2024-02-13,C1562,35,Female,Malaysia,Penang,2022-04-20,New,Paid Ads,Electronics,1,135.77,0.0,0.0,Credit Card,Mobile,8.0,Delivered,,135.77,0.0,135.77,135.77,664,35-44,Medium ($50-150),2024-02,Tuesday,0,0
ORD100042,2024-01-18,C1137,43,Female,Singapore,Singapore,2022-02-06,VIP,Social Media,Electronics,4,3.0,30.0,2.99,Cash on Delivery,Desktop,10.0,Delivered,,12.0,3.6,11.39,11.39,711,35-44,Low (<$50),2024-01,Thursday,0,0
ORD100125,2024-02-22,C1219,26,Male,Vietnam,Hanoi,2022-03-05,Regular,Organic Search,Electronics,1,209.55,5.0,0.0,E-Wallet,Tablet,3.0,Delivered,4.0,209.55,10.48,199.07,199.07,719,25-34,High ($150-400),2024-02,Thursday,0,1
ORD100204,2024-03-26,C1428,19,Female,Philippines,Manila,2023-07-07,Regular,Organic Search,Home & Kitchen,2,58.61,5.0,9.99,Bank Transfer,Mobile,8.0,Delivered,,117.22,5.86,121.35,121.35,263,18-24,Medium ($50-150),2024-03,Tuesday,0,0
ORD100052,2024-01-22,C1472,31,Male,Vietnam,Ho Chi Minh City,2023-03-01,Regular,Social Media,Fashion,2,82.49,5.0,0.0,Credit Card,Mobile,9.0,Returned,,164.98,8.25,156.73,0.0,327,25-34,High ($150-400),2024-01,Monday,1,0
ORD100545,2024-06-27,C1742,23,Male,Vietnam,Hanoi,2023-04-11,Regular,Paid Ads,Sports,3,56.8,25.0,0.0,Credit Card,Mobile,1.0,Returned,2.0,170.4,42.6,127.8,0.0,443,18-24,Medium ($50-150),2024-06,Thursday,1,1
ORD100068,2024-01-28,C1786,34,Female,Malaysia,Penang,2022-12-20,VIP,Organic Search,Fashion,1,73.37,10.0,6.99,Bank Transfer,Desktop,5.0,Delivered,4.0,73.37,7.34,73.02,73.02,404,25-34,Medium ($50-150),2024-01,Sunday,0,1
ORD101904,2025-06-06,C1815,37,Female,Philippines,Davao,2024-08-25,New,Paid Ads,Electronics,1,244.01,20.0,0.0,Bank Transfer,Desktop,8.0,Delivered,4.0,244.01,48.8,195.21,195.21,285,35-44,High ($150-400),2025-06,Friday,0,1
ORD101580,2025-03-03,C1640,18,Male,Cambodia,Siem Reap,2022-12-08,VIP,Referral,Fashion,1,23.26,30.0,9.99,Bank Transfer,Mobile,6.0,Delivered,,23.26,6.98,26.27,26.27,816,18-24,Low (<$50),2025-03,Monday,0,0
ORD100183,2024-03-19,C1101,48,Male,Cambodia,Sihanoukville,2023-02-12,VIP,Organic Search,Beauty,2,48.46,15.0,6.99,Bank Transfer,Mobile,4.0,Delivered,4.0,96.92,14.54,89.37,89.37,401,45-54,Medium ($50-150),2024-03,Tuesday,0,1
ORD100137,2024-02-27,C1186,36,Male,Cambodia,Battambang,2023-06-09,Regular,Referral,Home & Kitchen,1,3.0,0.0,2.99,Credit Card,Desktop,10.0,Returned,1.0,3.0,0.0,5.99,0.0,263,35-44,Low (<$50),2024-02,Tuesday,1,1
ORD100899,2024-09-21,C1105,32,Female,Thailand,Chiang Mai,2024-09-20,New,Organic Search,Beauty,1,33.9,10.0,9.99,Credit Card,Mobile,9.0,Delivered,,33.9,3.39,40.5,40.5,1,25-34,Low (<$50),2024-09,Saturday,0,0
ORD100796,2024-08-28,C1461,25,Male,Cambodia,Battambang,2024-06-04,VIP,Organic Search,Beauty,2,54.49,5.0,2.99,PayPal,Mobile,10.0,Delivered,,108.98,5.45,106.52,106.52,85,25-34,Medium ($50-150),2024-08,Wednesday,0,0
ORD100132,2024-02-24,C1208,24,Female,Vietnam,Da Nang,2022-12-13,Regular,Organic Search,Toys,3,13.82,5.0,6.99,E-Wallet,Desktop,3.0,Delivered,4.0,41.46,2.07,46.38,46.38,438,18-24,Low (<$50),2024-02,Saturday,0,1
ORD100080,2024-02-03,C1735,36,Female,Thailand,Bangkok,2023-11-20,VIP,Social Media,Electronics,2,156.98,0.0,0.0,Bank Transfer,Desktop,6.0,Delivered,,313.96,0.0,313.96,313.96,75,35-44,High ($150-400),2024-02,Saturday,0,0
ORD100541,2024-06-24,C1809,36,Male,Vietnam,Da Nang,2022-07-22,VIP,Organic Search,Sports,1,79.95,10.0,9.99,Credit Card,Desktop,7.0,Returned,,79.95,8.0,81.94,0.0,703,35-44,Medium ($50-150),2024-06,Monday,1,0
ORD101628,2025-03-20,C1670,43,Female,Cambodia,Siem Reap,2024-05-08,VIP,Paid Ads,Sports,2,78.38,0.0,0.0,Bank Transfer,Mobile,,Cancelled,,156.76,0.0,156.76,0.0,316,35-44,High ($150-400),2025-03,Thursday,0,0
ORD100983,2024-10-17,C1140,39,Female,Vietnam,Hanoi,2022-05-23,Regular,Paid Ads,Books,2,24.19,0.0,6.99,Credit Card,Desktop,7.0,Delivered,,48.38,0.0,55.37,55.37,878,35-44,Medium ($50-150),2024-10,Thursday,0,0
ORD100165,2024-03-13,C1664,33,Male,Philippines,Manila,2023-12-26,VIP,Social Media,Beauty,2,45.0,10.0,2.99,Cash on Delivery,Mobile,10.0,Delivered,2.0,90.0,9.0,83.99,83.99,78,25-34,Medium ($50-150),2024-03,Wednesday,0,1
ORD100248,2024-04-10,C1605,40,Male,Singapore,Singapore,2022-09-07,New,Organic Search,Electronics,1,221.85,5.0,0.0,Cash on Delivery,Desktop,11.0,Delivered,2.0,221.85,11.09,210.76,210.76,581,35-44,High ($150-400),2024-04,Wednesday,0,1
ORD100446,2024-05-31,C1177,36,Female,Thailand,Phuket,2023-03-06,Regular,Email,Home & Kitchen,2,31.8,0.0,2.99,E-Wallet,Mobile,5.0,Delivered,,63.6,0.0,66.59,66.59,452,35-44,Medium ($50-150),2024-05,Friday,0,0
ORD101362,2024-12-26,C1832,22,Female,Vietnam,Ho Chi Minh City,2024-04-19,VIP,Social Media,Electronics,3,185.3,30.0,0.0,Cash on Delivery,Desktop,9.0,Delivered,4.0,555.9,166.77,389.13,389.13,251,18-24,High ($150-400),2024-12,Thursday,0,1
ORD100858,2024-09-11,C1586,21,Male,Cambodia,Siem Reap,2024-06-07,VIP,Email,Books,2,7.79,0.0,2.99,Credit Card,Mobile,4.0,Delivered,3.0,15.58,0.0,18.57,18.57,96,18-24,Low (<$50),2024-09,Wednesday,0,1
ORD101237,2024-12-05,C1595,29,Female,Thailand,Bangkok,2024-06-03,VIP,Social Media,Home & Kitchen,2,149.46,10.0,0.0,Bank Transfer,Mobile,3.0,Delivered,5.0,298.92,29.89,269.03,269.03,185,25-34,High ($150-400),2024-12,Thursday,0,1
ORD100097,2024-02-09,C1798,45,Female,Thailand,Phuket,2022-02-13,VIP,Organic Search,Fashion,2,21.05,0.0,6.99,Cash on Delivery,Mobile,8.0,Returned,,42.1,0.0,49.09,0.0,726,45-54,Low (<$50),2024-02,Friday,1,0
ORD100737,2024-08-16,C1369,43,Female,Cambodia,Battambang,2023-03-31,VIP,Organic Search,Electronics,1,319.89,0.0,0.0,Cash on Delivery,Desktop,10.0,Delivered,,319.89,0.0,319.89,319.89,504,35-44,High ($150-400),2024-08,Friday,0,0
ORD101805,2025-05-11,C1225,37,Male,Vietnam,Ho Chi Minh City,2022-02-27,Regular,Social Media,Beauty,2,37.62,5.0,9.99,PayPal,Tablet,,Cancelled,,75.24,3.76,81.47,0.0,1169,35-44,Medium ($50-150),2025-05,Sunday,0,0
ORD100102,2024-02-10,C1550,38,Female,Thailand,Phuket,2022-05-30,VIP,Referral,Fashion,1,51.01,5.0,9.99,E-Wallet,Mobile,6.0,Returned,3.0,51.01,2.55,58.45,0.0,621,35-44,Medium ($50-150),2024-02,Saturday,1,1
ORD100434,2024-05-28,C1719,23,Female,Singapore,Singapore,2022-12-09,Regular,Social Media,Beauty,2,32.54,0.0,2.99,Bank Transfer,Desktop,10.0,Delivered,2.0,65.08,0.0,68.07,68.07,536,18-24,Medium ($50-150),2024-05,Tuesday,0,1
ORD100074,2024-01-31,C1587,25,Female,Singapore,Singapore,2023-12-15,VIP,Organic Search,Sports,2,95.53,10.0,0.0,Bank Transfer,Mobile,11.0,Delivered,2.0,191.06,19.11,171.95,171.95,47,25-34,High ($150-400),2024-01,Wednesday,0,1
ORD101469,2025-01-23,C1075,34,Male,Singapore,Singapore,2023-03-11,Regular,Email,Fashion,3,48.27,0.0,0.0,Credit Card,Desktop,,Cancelled,,144.81,0.0,144.81,0.0,684,25-34,Medium ($50-150),2025-01,Thursday,0,0
ORD100918,2024-09-25,C1128,27,Female,Cambodia,Sihanoukville,2022-10-01,Regular,Referral,Home & Kitchen,2,215.95,0.0,0.0,Credit Card,Mobile,,Cancelled,,431.9,0.0,431.9,0.0,725,25-34,Premium (>$400),2024-09,Wednesday,0,0
ORD101929,2025-06-11,C1146,27,Female,Cambodia,Phnom Penh,2022-03-19,VIP,Paid Ads,Home & Kitchen,1,35.63,10.0,4.99,E-Wallet,Mobile,11.0,Delivered,,35.63,3.56,37.06,37.06,1180,25-34,Low (<$50),2025-06,Wednesday,0,0
ORD101760,2025-04-29,C1139,66,Male,Philippines,Cebu,2023-11-10,Regular,Email,Fashion,2,72.29,0.0,0.0,Credit Card,Desktop,11.0,Delivered,3.0,144.58,0.0,144.58,144.58,536,55+,Medium ($50-150),2025-04,Tuesday,0,1
ORD101654,2025-03-27,C1759,39,Male,Malaysia,Kuala Lumpur,2022-07-19,New,Email,Fashion,3,62.16,5.0,0.0,Credit Card,Mobile,3.0,Delivered,5.0,186.48,9.32,177.16,177.16,982,35-44,High ($150-400),2025-03,Thursday,0,1
ORD100762,2024-08-20,C1129,24,Female,Vietnam,Ho Chi Minh City,2023-11-17,Regular,Email,Books,2,20.79,5.0,9.99,Credit Card,Mobile,9.0,Delivered,4.0,41.58,2.08,49.49,49.49,277,18-24,Low (<$50),2024-08,Tuesday,0,1
ORD100989,2024-10-18,C1465,29,Male,Malaysia,Penang,2024-03-29,Regular,Organic Search,Home & Kitchen,3,41.39,0.0,0.0,E-Wallet,Tablet,4.0,Delivered,3.0,124.17,0.0,124.17,124.17,203,25-34,Medium ($50-150),2024-10,Friday,0,1
ORD100388,2024-05-15,C1413,42,Male,Thailand,Phuket,2024-05-14,Regular,Paid Ads,Fashion,2,35.06,10.0,6.99,E-Wallet,Mobile,,Cancelled,,70.12,7.01,70.1,0.0,1,35-44,Medium ($50-150),2024-05,Wednesday,0,0
ORD100235,2024-04-05,C1177,36,Female,Thailand,Phuket,2023-03-06,Regular,Email,Electronics,1,57.63,10.0,4.99,Bank Transfer,Mobile,6.0,Delivered,,57.63,5.76,56.86,56.86,396,35-44,Medium ($50-150),2024-04,Friday,0,0
ORD101625,2025-03-18,C1661,34,Male,Cambodia,Phnom Penh,2024-02-20,Regular,Organic Search,Home & Kitchen,3,10.12,20.0,6.99,E-Wallet,Desktop,8.0,Delivered,,30.36,6.07,31.28,31.28,392,25-34,Low (<$50),2025-03,Tuesday,0,0
ORD100267,2024-04-15,C1499,18,Male,Thailand,Chiang Mai,2022-05-10,Regular,Social Media,Electronics,1,332.83,10.0,0.0,Bank Transfer,Desktop,1.0,Delivered,4.0,332.83,33.28,299.55,299.55,706,18-24,High ($150-400),2024-04,Monday,0,1
ORD101395,2024-12-31,C1578,31,Male,Indonesia,Jakarta,2023-11-23,Regular,Paid Ads,Beauty,3,8.3,20.0,9.99,Bank Transfer,Tablet,9.0,Delivered,3.0,24.9,4.98,29.91,29.91,404,25-34,Low (<$50),2024-12,Tuesday,0,1
ORD100117,2024-02-16,C1317,26,Male,Vietnam,Hanoi,2022-06-11,New,Social Media,Electronics,1,177.6,0.0,0.0,E-Wallet,Mobile,6.0,Delivered,4.0,177.6,0.0,177.6,177.6,615,25-34,High ($150-400),2024-02,Friday,0,1
ORD101640,2025-03-23,C1136,37,Male,Thailand,Phuket,2022-10-09,New,Paid Ads,Electronics,1,218.67,0.0,0.0,E-Wallet,Mobile,9.0,Delivered,4.0,218.67,0.0,218.67,218.67,896,35-44,High ($150-400),2025-03,Sunday,0,1
ORD100673,2024-07-31,C1616,42,Male,Vietnam,Hanoi,2024-07-30,VIP,Organic Search,Home & Kitchen,2,81.43,0.0,0.0,Credit Card,Mobile,5.0,Delivered,,162.86,0.0,162.86,162.86,1,35-44,High ($150-400),2024-07,Wednesday,0,0
ORD100249,2024-04-10,C1802,38,Male,Cambodia,Battambang,2024-02-14,Regular,Email,Electronics,3,287.92,10.0,0.0,Credit Card,Mobile,,Cancelled,,863.76,86.38,777.38,0.0,56,35-44,Premium (>$400),2024-04,Wednesday,0,0
ORD101483,2025-01-28,C1269,34,Male,Thailand,Chiang Mai,2023-08-12,Regular,Social Media,Beauty,3,5.42,15.0,4.99,Bank Transfer,Mobile,4.0,Delivered,4.0,16.26,2.44,18.81,18.81,535,25-34,Low (<$50),2025-01,Tuesday,0,1
ORD100094,2024-02-08,C1703,33,Female,Cambodia,Siem Reap,2023-06-05,New,Organic Search,Sports,1,50.49,0.0,6.99,E-Wallet,Mobile,4.0,Delivered,3.0,50.49,0.0,57.48,57.48,248,25-34,Medium ($50-150),2024-02,Thursday,0,1
ORD100033,2024-01-16,C1384,18,Male,Cambodia,Battambang,2023-04-25,VIP,Organic Search,Sports,1,112.95,10.0,6.99,E-Wallet,Desktop,5.0,Delivered,4.0,112.95,11.3,108.64,108.64,266,18-24,Medium ($50-150),2024-01,Tuesday,0,1
ORD101790,2025-05-08,C1139,66,Male,Philippines,Cebu,2023-11-10,Regular,Email,Electronics,2,136.4,30.0,0.0,E-Wallet,Desktop,2.0,Delivered,,272.8,81.84,190.96,190.96,545,55+,High ($150-400),2025-05,Thursday,0,0
ORD101704,2025-04-11,C1475,30,Female,Vietnam,Hanoi,2023-11-22,VIP,Paid Ads,Beauty,2,52.29,10.0,4.99,E-Wallet,Desktop,3.0,Delivered,,104.58,10.46,99.11,99.11,506,25-34,Medium ($50-150),2025-04,Friday,0,0
ORD100448,2024-05-31,C1701,31,Male,Vietnam,Ho Chi Minh City,2023-03-09,Regular,Email,Electronics,2,260.98,0.0,0.0,Cash on Delivery,Mobile,10.0,Delivered,5.0,521.96,0.0,521.96,521.96,449,25-34,Premium (>$400),2024-05,Friday,0,1
ORD100716,2024-08-09,C1221,37,Female,Malaysia,Johor Bahru,2024-04-30,Regular,Social Media,Electronics,1,226.74,0.0,0.0,E-Wallet,Desktop,4.0,Delivered,4.0,226.74,0.0,226.74,226.74,101,35-44,High ($150-400),2024-08,Friday,0,1
ORD101435,2025-01-12,C1316,35,Female,Vietnam,Hanoi,2023-05-23,VIP,Paid Ads,Home & Kitchen,1,3.0,5.0,6.99,E-Wallet,Desktop,1.0,Delivered,,3.0,0.15,9.84,9.84,600,35-44,Low (<$50),2025-01,Sunday,0,0
ORD101550,2025-02-23,C1518,44,Male,Thailand,Bangkok,2023-10-25,VIP,Paid Ads,Electronics,3,439.89,5.0,0.0,Credit Card,Mobile,6.0,Delivered,4.0,1319.67,65.98,1253.69,1253.69,487,35-44,Premium (>$400),2025-02,Sunday,0,1
ORD100000,2024-01-01,C1833,30,Male,Thailand,Phuket,2023-06-20,New,Social Media,Toys,1,32.3,20.0,2.99,Cash on Delivery,Mobile,6.0,Delivered,,32.3,6.46,28.83,28.83,195,25-34,Low (<$50),2024-01,Monday,0,0
ORD101404,2025-01-02,C1323,42,Female,Malaysia,Johor Bahru,2022-03-27,Regular,Organic Search,Electronics,1,325.41,5.0,0.0,Credit Card,Desktop,7.0,Delivered,,325.41,16.27,309.14,309.14,1012,35-44,High ($150-400),2025-01,Thursday,0,0
ORD101101,2024-11-10,C1396,42,Female,Thailand,Bangkok,2023-04-08,Regular,Paid Ads,Beauty,1,38.31,15.0,9.99,Credit Card,Mobile,8.0,Delivered,,38.31,5.75,42.55,42.55,582,35-44,Low (<$50),2024-11,Sunday,0,0
ORD101108,2024-11-12,C1661,34,Male,Cambodia,Phnom Penh,2024-02-20,Regular,Organic Search,Fashion,1,68.31,5.0,6.99,Cash on Delivery,Mobile,7.0,Delivered,4.0,68.31,3.42,71.88,71.88,266,25-34,Medium ($50-150),2024-11,Tuesday,0,1
ORD101281,2024-12-13,C1040,42,Male,Philippines,Manila,2023-09-15,New,Email,Electronics,2,169.78,10.0,0.0,E-Wallet,Mobile,8.0,Delivered,3.0,339.56,33.96,305.6,305.6,455,35-44,High ($150-400),2024-12,Friday,0,1
ORD100082,2024-02-03,C1050,37,Male,Cambodia,Siem Reap,2022-09-30,Regular,Social Media,Toys,1,16.32,0.0,4.99,Bank Transfer,Mobile,4.0,Delivered,4.0,16.32,0.0,21.31,21.31,491,35-44,Low (<$50),2024-02,Saturday,0,1
ORD101315,2024-12-18,C1620,29,Male,Malaysia,Johor Bahru,2024-03-25,Regular,Social Media,Fashion,2,62.18,5.0,0.0,Cash on Delivery,Desktop,11.0,Delivered,3.0,124.36,6.22,118.14,118.14,268,25-34,Medium ($50-150),2024-12,Wednesday,0,1
ORD100676,2024-08-01,C1472,31,Male,Vietnam,Ho Chi Minh City,2023-03-01,Regular,Social Media,Sports,3,55.05,25.0,0.0,Credit Card,Tablet,3.0,Returned,2.0,165.15,41.29,123.86,0.0,519,25-34,Medium ($50-150),2024-08,Thursday,1,1
ORD101481,2025-01-28,C1410,18,Female,Cambodia,Siem Reap,2023-06-02,Regular,Email,Books,3,21.51,0.0,9.99,Credit Card,Mobile,4.0,Delivered,2.0,64.53,0.0,74.52,74.52,606,18-24,Medium ($50-150),2025-01,Tuesday,0,1
ORD101046,2024-11-02,C1014,39,Female,Thailand,Bangkok,2023-11-07,VIP,Organic Search,Fashion,1,32.76,10.0,9.99,Cash on Delivery,Desktop,1.0,Delivered,3.0,32.76,3.28,39.47,39.47,361,35-44,Low (<$50),2024-11,Saturday,0,1
ORD100770,2024-08-22,C1798,45,Female,Thailand,Phuket,2022-02-13,VIP,Organic Search,Home & Kitchen,3,77.52,5.0,0.0,E-Wallet,Mobile,8.0,Delivered,4.0,232.56,11.63,220.93,220.93,921,45-54,High ($150-400),2024-08,Thursday,0,1
ORD101867,2025-05-30,C1461,25,Male,Cambodia,Battambang,2024-06-04,VIP,Organic Search,Home & Kitchen,2,34.97,15.0,2.99,Bank Transfer,Mobile,4.0,Delivered,,69.94,10.49,62.44,62.44,360,25-34,Medium ($50-150),2025-05,Friday,0,0
ORD101307,2024-12-17,C1493,39,Female,Vietnam,Ho Chi Minh City,2022-03-16,VIP,Organic Search,Beauty,1,17.92,10.0,9.99,Cash on Delivery,Mobile,2.0,Delivered,,17.92,1.79,26.12,26.12,1007,35-44,Low (<$50),2024-12,Tuesday,0,0
ORD101613,2025-03-14,C1551,40,Female,Cambodia,Sihanoukville,2024-07-14,VIP,Paid Ads,Fashion,2,3.0,5.0,6.99,Bank Transfer,Tablet,5.0,Delivered,5.0,6.0,0.3,12.69,12.69,243,35-44,Low (<$50),2025-03,Friday,0,1
ORD101521,2025-02-12,C1516,41,Male,Cambodia,Siem Reap,2024-02-15,New,Email,Fashion,1,11.5,0.0,2.99,Credit Card,Mobile,1.0,Delivered,,11.5,0.0,14.49,14.49,363,35-44,Low (<$50),2025-02,Wednesday,0,0
ORD100404,2024-05-20,C1715,21,Male,Singapore,Singapore,2023-07-25,New,Email,Electronics,2,245.91,15.0,0.0,Credit Card,Tablet,7.0,Returned,4.0,491.82,73.77,418.05,0.0,300,18-24,Premium (>$400),2024-05,Monday,1,1
ORD101765,2025-05-02,C1614,25,Male,Cambodia,Battambang,2023-01-23,VIP,Social Media,Electronics,2,184.94,0.0,0.0,E-Wallet,Desktop,6.0,Delivered,,369.88,0.0,369.88,369.88,830,25-34,High ($150-400),2025-05,Friday,0,0
ORD101429,2025-01-10,C1542,37,Female,Indonesia,Jakarta,2022-08-10,New,Referral,Electronics,2,49.02,0.0,6.99,Credit Card,Desktop,5.0,Delivered,,98.04,0.0,105.03,105.03,884,35-44,Medium ($50-150),2025-01,Friday,0,0
ORD101909,2025-06-07,C1530,30,Male,Thailand,Chiang Mai,2023-03-10,VIP,Social Media,Fashion,2,44.53,10.0,4.99,Cash on Delivery,Mobile,5.0,Delivered,4.0,89.06,8.91,85.14,85.14,820,25-34,Medium ($50-150),2025-06,Saturday,0,1
ORD100104,2024-02-12,C1125,38,Female,Thailand,Chiang Mai,2023-01-27,New,Email,Sports,1,54.65,30.0,4.99,E-Wallet,Mobile,6.0,Delivered,5.0,54.65,16.4,43.24,43.24,381,35-44,Low (<$50),2024-02,Monday,0,1
ORD100688,2024-08-03,C1118,52,Male,Thailand,Phuket,2023-08-03,Regular,Referral,Books,2,14.71,0.0,9.99,E-Wallet,Mobile,6.0,Delivered,2.0,29.42,0.0,39.41,39.41,366,45-54,Low (<$50),2024-08,Saturday,0,1
ORD100826,2024-09-04,C1551,40,Female,Cambodia,Sihanoukville,2024-07-14,VIP,Paid Ads,Fashion,1,39.99,20.0,2.99,E-Wallet,Mobile,3.0,Delivered,4.0,39.99,8.0,34.98,34.98,52,35-44,Low (<$50),2024-09,Wednesday,0,1
ORD100062,2024-01-26,C1200,38,Female,Philippines,Davao,2022-10-24,Regular,Social Media,Sports,3,62.76,0.0,0.0,PayPal,Mobile,2.0,Returned,3.0,188.28,0.0,188.28,0.0,459,35-44,High ($150-400),2024-01,Friday,1,1
ORD100852,2024-09-08,C1107,30,Female,Vietnam,Da Nang,2023-03-27,New,Organic Search,Sports,1,49.74,10.0,4.99,Credit Card,Tablet,7.0,Delivered,,49.74,4.97,49.76,49.76,531,25-34,Low (<$50),2024-09,Sunday,0,0
ORD101380,2024-12-28,C1631,62,Female,Cambodia,Phnom Penh,2023-10-21,VIP,Paid Ads,Electronics,1,122.07,0.0,0.0,Bank Transfer,Desktop,4.0,Delivered,,122.07,0.0,122.07,122.07,434,55+,Medium ($50-150),2024-12,Saturday,0,0
ORD100223,2024-04-01,C1598,37,Male,Indonesia,Jakarta,2023-12-12,Regular,Paid Ads,Beauty,3,32.5,10.0,6.99,Credit Card,Desktop,5.0,Delivered,,97.5,9.75,94.74,94.74,111,35-44,Medium ($50-150),2024-04,Monday,0,0
ORD100145,2024-03-01,C1704,46,Male,Cambodia,Sihanoukville,2022-08-31,New,Referral,Beauty,1,29.82,0.0,2.99,Credit Card,Mobile,10.0,Delivered,,29.82,0.0,32.81,32.81,548,45-54,Low (<$50),2024-03,Friday,0,0
ORD101088,2024-11-07,C1020,32,Female,Singapore,Singapore,2022-10-14,New,Referral,Home & Kitchen,1,36.65,5.0,2.99,E-Wallet,Mobile,3.0,Returned,2.0,36.65,1.83,37.81,0.0,755,25-34,Low (<$50),2024-11,Thursday,1,1
ORD100373,2024-05-12,C1039,41,Male,Cambodia,Battambang,2023-09-27,Regular,Organic Search,Fashion,1,75.96,5.0,6.99,E-Wallet,Mobile,,Cancelled,,75.96,3.8,79.15,0.0,228,35-44,Medium ($50-150),2024-05,Sunday,0,0
ORD101450,2025-01-17,C1000,37,Male,Indonesia,Jakarta,2023-08-13,Regular,Social Media,Fashion,1,52.8,0.0,6.99,Bank Transfer,Mobile,9.0,Delivered,5.0,52.8,0.0,59.79,59.79,523,35-44,Medium ($50-150),2025-01,Friday,0,1
ORD101142,2024-11-18,C1183,46,Male,Cambodia,Sihanoukville,2022-06-18,VIP,Social Media,Toys,1,23.04,10.0,6.99,Cash on Delivery,Mobile,9.0,Delivered,,23.04,2.3,27.73,27.73,884,45-54,Low (<$50),2024-11,Monday,0,0
ORD101868,2025-05-30,C1390,18,Female,Malaysia,Johor Bahru,2023-03-13,Regular,Referral,Home & Kitchen,2,106.68,15.0,0.0,Credit Card,Desktop,5.0,Delivered,4.0,213.36,32.0,181.36,181.36,809,18-24,High ($150-400),2025-05,Friday,0,1
ORD101658,2025-03-29,C1310,47,Female,Cambodia,Phnom Penh,2023-05-17,VIP,Email,Fashion,2,44.13,10.0,9.99,E-Wallet,Mobile,2.0,Delivered,5.0,88.26,8.83,89.42,89.42,682,45-54,Medium ($50-150),2025-03,Saturday,0,1
ORD101635,2025-03-22,C1513,34,Female,Cambodia,Battambang,2022-10-12,Regular,Paid Ads,Toys,5,45.4,5.0,0.0,Bank Transfer,Mobile,5.0,Delivered,,227.0,11.35,215.65,215.65,892,25-34,High ($150-400),2025-03,Saturday,0,0
ORD101980,2025-06-24,C1203,41,Female,Cambodia,Sihanoukville,2023-05-16,VIP,Organic Search,Fashion,1,78.9,20.0,2.99,Credit Card,Mobile,11.0,Returned,1.0,78.9,15.78,66.11,0.0,770,35-44,Medium ($50-150),2025-06,Tuesday,1,1
ORD100009,2024-01-05,C1264,39,Female,Thailand,Chiang Mai,2022-02-19,New,Social Media,Toys,5,76.01,0.0,0.0,Bank Transfer,Tablet,11.0,Delivered,3.0,380.05,0.0,380.05,380.05,685,35-44,High ($150-400),2024-01,Friday,0,1
ORD100449,2024-06-01,C1189,52,Male,Cambodia,Phnom Penh,2023-04-24,Regular,Email,Beauty,2,37.97,5.0,2.99,Credit Card,Mobile,6.0,Delivered,,75.94,3.8,75.13,75.13,404,45-54,Medium ($50-150),2024-06,Saturday,0,0
ORD100708,2024-08-08,C1412,27,Male,Thailand,Chiang Mai,2023-11-12,New,Email,Toys,1,3.0,5.0,2.99,Bank Transfer,Mobile,4.0,Delivered,,3.0,0.15,5.84,5.84,270,25-34,Low (<$50),2024-08,Thursday,0,0
ORD100255,2024-04-12,C1329,28,Male,Malaysia,Penang,2022-02-14,VIP,Social Media,Beauty,1,27.1,0.0,2.99,Credit Card,Mobile,8.0,Returned,3.0,27.1,0.0,30.09,0.0,788,25-34,Low (<$50),2024-04,Friday,1,1
ORD100882,2024-09-18,C1065,43,Female,Thailand,Bangkok,2022-06-21,VIP,Email,Home & Kitchen,1,57.27,5.0,4.99,Bank Transfer,Tablet,3.0,Delivered,,57.27,2.86,59.4,59.4,820,35-44,Medium ($50-150),2024-09,Wednesday,0,0
ORD100389,2024-05-16,C1763,41,Female,Cambodia,Siem Reap,2023-07-08,Regular,Email,Sports,3,55.11,5.0,0.0,Credit Card,Mobile,,Cancelled,,165.33,8.27,157.06,0.0,313,35-44,High ($150-400),2024-05,Thursday,0,0
ORD100908,2024-09-24,C1765,18,Male,Cambodia,Battambang,2022-07-22,Regular,Social Media,Books,1,30.71,10.0,9.99,Credit Card,Mobile,5.0,Delivered,,30.71,3.07,37.63,37.63,795,18-24,Low (<$50),2024-09,Tuesday,0,0
ORD100924,2024-09-27,C1568,40,Female,Thailand,Chiang Mai,2024-09-26,New,Paid Ads,Beauty,1,25.28,0.0,2.99,PayPal,Desktop,3.0,Delivered,4.0,25.28,0.0,28.27,28.27,1,35-44,Low (<$50),2024-09,Friday,0,1
ORD101740,2025-04-25,C1554,33,Female,Singapore,Singapore,2023-08-26,Regular,Paid Ads,Beauty,1,18.72,20.0,9.99,PayPal,Desktop,2.0,Delivered,4.0,18.72,3.74,24.97,24.97,608,25-34,Low (<$50),2025-04,Friday,0,1
ORD101258,2024-12-10,C1285,29,Female,Thailand,Phuket,2023-01-31,Regular,Email,Fashion,1,71.4,10.0,2.99,Cash on Delivery,Mobile,7.0,Delivered,,71.4,7.14,67.25,67.25,679,25-34,Medium ($50-150),2024-12,Tuesday,0,0
ORD100460,2024-06-04,C1052,18,Female,Cambodia,Sihanoukville,2023-03-24,Regular,Email,Fashion,3,40.77,0.0,0.0,Bank Transfer,Mobile,7.0,Delivered,4.0,122.31,0.0,122.31,122.31,438,18-24,Medium ($50-150),2024-06,Tuesday,0,1
ORD101642,2025-03-24,C1411,18,Male,Cambodia,Battambang,2022-07-25,VIP,Referral,Toys,1,52.09,15.0,4.99,Credit Card,Mobile,1.0,Delivered,3.0,52.09,7.81,49.27,49.27,973,18-24,Low (<$50),2025-03,Monday,0,1
ORD101737,2025-04-24,C1615,20,Female,Cambodia,Phnom Penh,2024-06-28,Regular,Social Media,Fashion,3,43.55,5.0,0.0,Credit Card,Mobile,5.0,Delivered,5.0,130.65,6.53,124.12,124.12,300,18-24,Medium ($50-150),2025-04,Thursday,0,1
ORD101168,2024-11-23,C1149,36,Male,Indonesia,Jakarta,2023-12-18,VIP,Social Media,Beauty,1,20.99,5.0,2.99,Bank Transfer,Mobile,,Cancelled,,20.99,1.05,22.93,0.0,341,35-44,Low (<$50),2024-11,Saturday,0,0
ORD100501,2024-06-13,C1000,37,Male,Indonesia,Jakarta,2023-08-13,Regular,Social Media,Electronics,2,169.52,0.0,0.0,Credit Card,Mobile,4.0,Delivered,,339.04,0.0,339.04,339.04,305,35-44,High ($150-400),2024-06,Thursday,0,0
ORD100739,2024-08-16,C1131,19,Female,Philippines,Cebu,2023-03-26,New,Social Media,Books,1,17.28,5.0,9.99,Credit Card,Tablet,4.0,Delivered,4.0,17.28,0.86,26.41,26.41,509,18-24,Low (<$50),2024-08,Friday,0,1
ORD101892,2025-06-03,C1630,52,Female,Singapore,Singapore,2023-01-25,Regular,Organic Search,Fashion,1,55.71,0.0,2.99,Bank Transfer,Desktop,3.0,Delivered,,55.71,0.0,58.7,58.7,860,45-54,Medium ($50-150),2025-06,Tuesday,0,0
ORD100868,2024-09-14,C1569,36,Female,Cambodia,Siem Reap,2022-11-19,VIP,Organic Search,Electronics,2,294.34,30.0,0.0,Credit Card,Mobile,3.0,Returned,3.0,588.68,176.6,412.08,0.0,665,35-44,Premium (>$400),2024-09,Saturday,1,1
ORD100731,2024-08-14,C1023,32,Male,Singapore,Singapore,2023-04-22,VIP,Email,Home & Kitchen,1,3.0,15.0,2.99,Bank Transfer,Mobile,11.0,Delivered,,3.0,0.45,5.54,5.54,480,25-34,Low (<$50),2024-08,Wednesday,0,0
ORD100539,2024-06-24,C1318,45,Female,Cambodia,Phnom Penh,2023-03-15,New,Social Media,Beauty,1,43.61,0.0,9.99,Bank Transfer,Desktop,5.0,Delivered,5.0,43.61,0.0,53.6,53.6,467,45-54,Medium ($50-150),2024-06,Monday,0,1
ORD101201,2024-11-28,C1147,32,Female,Cambodia,Siem Reap,2024-02-28,Regular,Social Media,Electronics,1,177.62,0.0,0.0,Credit Card,Desktop,11.0,Delivered,,177.62,0.0,177.62,177.62,274,25-34,High ($150-400),2024-11,Thursday,0,0
ORD100697,2024-08-06,C1479,63,Male,Vietnam,Ho Chi Minh City,2022-01-07,VIP,Organic Search,Books,1,8.11,0.0,6.99,PayPal,Mobile,6.0,Delivered,4.0,8.11,0.0,15.1,15.1,942,55+,Low (<$50),2024-08,Tuesday,0,1
ORD101422,2025-01-07,C1023,32,Male,Singapore,Singapore,2023-04-22,VIP,Email,Electronics,3,97.12,0.0,0.0,Cash on Delivery,Mobile,11.0,Delivered,3.0,291.36,0.0,291.36,291.36,626,25-34,High ($150-400),2025-01,Tuesday,0,1
ORD101405,2025-01-02,C1262,37,Male,Cambodia,Phnom Penh,2023-11-13,New,Social Media,Electronics,1,405.58,0.0,0.0,E-Wallet,Desktop,4.0,Delivered,4.0,405.58,0.0,405.58,405.58,416,35-44,Premium (>$400),2025-01,Thursday,0,1
ORD101145,2024-11-19,C1114,35,Female,Vietnam,Da Nang,2023-03-31,Regular,Paid Ads,Home & Kitchen,1,62.19,5.0,2.99,E-Wallet,Mobile,8.0,Delivered,3.0,62.19,3.11,62.07,62.07,599,35-44,Medium ($50-150),2024-11,Tuesday,0,1
ORD101031,2024-10-30,C1537,47,Male,Thailand,Phuket,2023-12-10,New,Social Media,Electronics,1,90.02,10.0,2.99,Credit Card,Mobile,1.0,Delivered,4.0,90.02,9.0,84.01,84.01,325,45-54,Medium ($50-150),2024-10,Wednesday,0,1
ORD100372,2024-05-12,C1819,34,Male,Vietnam,Ho Chi Minh City,2022-03-06,Regular,Paid Ads,Electronics,1,31.21,5.0,2.99,E-Wallet,Mobile,4.0,Delivered,4.0,31.21,1.56,32.64,32.64,798,25-34,Low (<$50),2024-05,Sunday,0,1
ORD100667,2024-07-30,C1274,51,Male,Cambodia,Siem Reap,2024-02-19,Regular,Social Media,Fashion,1,55.41,20.0,4.99,Credit Card,Desktop,6.0,Returned,4.0,55.41,11.08,49.32,0.0,162,45-54,Low (<$50),2024-07,Tuesday,1,1
ORD101558,2025-02-25,C1539,25,Male,Malaysia,Johor Bahru,2022-10-19,Regular,Organic Search,Fashion,5,3.0,0.0,4.99,E-Wallet,Mobile,9.0,Returned,2.0,15.0,0.0,19.99,0.0,860,25-34,Low (<$50),2025-02,Tuesday,1,1
ORD100357,2024-05-08,C1829,18,Male,Thailand,Phuket,2023-08-19,New,Referral,Sports,1,140.31,0.0,0.0,Credit Card,Mobile,4.0,Delivered,4.0,140.31,0.0,140.31,140.31,263,18-24,Medium ($50-150),2024-05,Wednesday,0,1
ORD100967,2024-10-11,C1325,42,Male,Cambodia,Phnom Penh,2024-01-08,Regular,Paid Ads,Fashion,1,64.53,30.0,9.99,PayPal,Mobile,10.0,Delivered,,64.53,19.36,55.16,55.16,277,35-44,Medium ($50-150),2024-10,Friday,0,0
ORD100783,2024-08-25,C1539,25,Male,Malaysia,Johor Bahru,2022-10-19,Regular,Organic Search,Electronics,1,123.76,10.0,0.0,Credit Card,Mobile,7.0,Delivered,3.0,123.76,12.38,111.38,111.38,676,25-34,Medium ($50-150),2024-08,Sunday,0,1
ORD100735,2024-08-15,C1561,38,Female,Malaysia,Kuala Lumpur,2024-04-10,Regular,Paid Ads,Toys,1,36.35,10.0,9.99,E-Wallet,Desktop,11.0,Delivered,,36.35,3.64,42.7,42.7,127,35-44,Low (<$50),2024-08,Thursday,0,0
ORD101035,2024-10-31,C1812,37,Female,Philippines,Cebu,2023-06-16,Regular,Social Media,Beauty,1,3.0,0.0,9.99,E-Wallet,Mobile,9.0,Delivered,,3.0,0.0,12.99,12.99,503,35-44,Low (<$50),2024-10,Thursday,0,0
ORD100970,2024-10-13,C1596,28,Male,Vietnam,Da Nang,2024-05-28,New,Email,Beauty,2,41.53,0.0,6.99,Credit Card,Mobile,8.0,Delivered,2.0,83.06,0.0,90.05,90.05,138,25-34,Medium ($50-150),2024-10,Sunday,0,1
ORD101557,2025-02-25,C1743,18,Female,Vietnam,Ho Chi Minh City,2023-05-28,Regular,Social Media,Home & Kitchen,1,21.42,10.0,9.99,E-Wallet,Mobile,9.0,Delivered,3.0,21.42,2.14,29.27,29.27,639,18-24,Low (<$50),2025-02,Tuesday,0,1
ORD101519,2025-02-12,C1085,34,Female,Cambodia,Siem Reap,2024-01-21,VIP,Organic Search,Fashion,3,43.63,5.0,0.0,Bank Transfer,Tablet,6.0,Returned,2.0,130.89,6.54,124.35,0.0,388,25-34,Medium ($50-150),2025-02,Wednesday,1,1
ORD101556,2025-02-24,C1263,28,Female,Cambodia,Battambang,2022-07-06,New,Referral,Home & Kitchen,3,107.37,0.0,0.0,Credit Card,Desktop,7.0,Delivered,4.0,322.11,0.0,322.11,322.11,964,25-34,High ($150-400),2025-02,Monday,0,1
ORD101554,2025-02-24,C1595,29,Female,Thailand,Bangkok,2024-06-03,VIP,Social Media,Beauty,2,45.18,0.0,2.99,E-Wallet,Mobile,4.0,Delivered,4.0,90.36,0.0,93.35,93.35,266,25-34,Medium ($50-150),2025-02,Monday,0,1
ORD101523,2025-02-13,C1275,38,Male,Singapore,Singapore,2023-01-01,VIP,Paid Ads,Electronics,5,156.79,0.0,0.0,Bank Transfer,Mobile,9.0,Delivered,3.0,783.95,0.0,783.95,783.95,774,35-44,Premium (>$400),2025-02,Thursday,0,1
ORD101676,2025-04-02,C1658,47,Female,Thailand,Chiang Mai,2023-09-24,VIP,Email,Electronics,1,201.61,10.0,0.0,Credit Card,Mobile,5.0,Returned,3.0,201.61,20.16,181.45,0.0,556,45-54,High ($150-400),2025-04,Wednesday,1,1
ORD101252,2024-12-09,C1499,34,Male,Thailand,Chiang Mai,2022-05-10,Regular,Social Media,Beauty,4,49.06,0.0,0.0,E-Wallet,Mobile,11.0,Delivered,4.0,196.24,0.0,196.24,196.24,944,25-34,High ($150-400),2024-12,Monday,0,1
ORD101730,2025-04-21,C1628,23,Male,Cambodia,Battambang,2023-02-12,New,Social Media,Sports,5,28.76,0.0,0.0,Cash on Delivery,Mobile,2.0,Delivered,5.0,143.8,0.0,143.8,143.8,799,18-24,Medium ($50-150),2025-04,Monday,0,1
ORD101752,2025-04-27,C1247,54,Male,Vietnam,Hanoi,2024-02-14,VIP,Organic Search,Books,2,13.03,10.0,9.99,Credit Card,Desktop,5.0,Delivered,3.0,26.06,2.61,33.44,33.44,438,45-54,Low (<$50),2025-04,Sunday,0,1
ORD101236,2024-12-05,C1597,43,Female,Philippines,Cebu,2022-05-23,Regular,Referral,Electronics,5,186.3,5.0,0.0,Credit Card,Mobile,3.0,Returned,1.0,931.5,46.58,884.92,0.0,927,35-44,Premium (>$400),2024-12,Thursday,1,1
ORD100885,2024-09-18,C1605,40,Male,Singapore,Singapore,2022-09-07,New,Organic Search,Home & Kitchen,1,67.39,15.0,4.99,E-Wallet,Desktop,5.0,Delivered,4.0,67.39,10.11,62.27,62.27,742,35-44,Medium ($50-150),2024-09,Wednesday,0,1
ORD100079,2024-02-02,C1369,43,Female,Cambodia,Battambang,2023-03-31,VIP,Organic Search,Home & Kitchen,1,39.15,5.0,6.99,Cash on Delivery,Mobile,10.0,Delivered,4.0,39.15,1.96,44.18,44.18,308,35-44,Low (<$50),2024-02,Friday,0,1
ORD101172,2024-11-23,C1363,22,Female,Vietnam,Ho Chi Minh City,2023-12-13,Regular,Referral,Electronics,1,146.6,15.0,0.0,Credit Card,Tablet,3.0,Delivered,3.0,146.6,21.99,124.61,124.61,346,18-24,Medium ($50-150),2024-11,Saturday,0,1
ORD100814,2024-09-01,C1008,34,Female,Cambodia,Battambang,2024-08-31,Regular,Paid Ads,Sports,1,14.1,10.0,9.99,E-Wallet,Mobile,2.0,Delivered,,14.1,1.41,22.68,22.68,1,25-34,Low (<$50),2024-09,Sunday,0,0
ORD101753,2025-04-27,C1297,30,Female,Singapore,Singapore,2024-03-25,Regular,Email,Fashion,4,3.0,15.0,4.99,Credit Card,Mobile,1.0,Delivered,5.0,12.0,1.8,15.19,15.19,398,25-34,Low (<$50),2025-04,Sunday,0,1
ORD100671,2024-07-31,C1173,21,Female,Thailand,Bangkok,2023-03-01,New,Organic Search,Sports,1,52.34,0.0,6.99,PayPal,Mobile,9.0,Delivered,,52.34,0.0,59.33,59.33,518,18-24,Medium ($50-150),2024-07,Wednesday,0,0
ORD101564,2025-02-27,C1329,28,Male,Malaysia,Penang,2022-02-14,VIP,Social Media,Toys,1,31.02,10.0,4.99,Credit Card,Mobile,,Cancelled,,31.02,3.1,32.91,0.0,1109,25-34,Low (<$50),2025-02,Thursday,0,0
ORD100057,2024-01-24,C1396,42,Female,Thailand,Bangkok,2023-04-08,Regular,Paid Ads,Electronics,1,3.0,5.0,2.99,Bank Transfer,Mobile,11.0,Delivered,1.0,3.0,0.15,5.84,5.84,291,35-44,Low (<$50),2024-01,Wednesday,0,1
ORD100133,2024-02-24,C1631,62,Female,Cambodia,Phnom Penh,2023-10-21,VIP,Paid Ads,Sports,2,68.41,5.0,0.0,E-Wallet,Tablet,1.0,Delivered,4.0,136.82,6.84,129.98,129.98,126,55+,Medium ($50-150),2024-02,Saturday,0,1
ORD101140,2024-11-17,C1118,52,Male,Thailand,Phuket,2023-08-03,Regular,Referral,Electronics,1,237.2,0.0,0.0,Credit Card,Mobile,10.0,Delivered,,237.2,0.0,237.2,237.2,472,45-54,High ($150-400),2024-11,Sunday,0,0
ORD100933,2024-10-01,C1465,29,Male,Malaysia,Penang,2024-03-29,Regular,Organic Search,Fashion,1,29.89,0.0,9.99,Bank Transfer,Desktop,4.0,Delivered,,29.89,0.0,39.88,39.88,186,25-34,Low (<$50),2024-10,Tuesday,0,0
ORD101721,2025-04-18,C1477,21,Female,Philippines,Cebu,2022-09-30,VIP,Social Media,Fashion,3,69.61,0.0,0.0,Bank Transfer,Tablet,11.0,Delivered,2.0,208.83,0.0,208.83,208.83,931,18-24,High ($150-400),2025-04,Friday,0,1
ORD100823,2024-09-03,C1631,62,Female,Cambodia,Phnom Penh,2023-10-21,VIP,Paid Ads,Sports,1,42.57,25.0,4.99,Credit Card,Mobile,6.0,Delivered,4.0,42.57,10.64,36.92,36.92,318,55+,Low (<$50),2024-09,Tuesday,0,1
ORD101214,2024-12-01,C1152,18,Male,Vietnam,Hanoi,2022-02-16,Regular,Email,Fashion,1,48.8,0.0,6.99,E-Wallet,Desktop,6.0,Delivered,3.0,48.8,0.0,55.79,55.79,1019,18-24,Medium ($50-150),2024-12,Sunday,0,1
ORD100504,2024-06-14,C1003,44,Male,Malaysia,Johor Bahru,2024-06-13,Regular,Email,Fashion,4,51.05,0.0,0.0,Bank Transfer,Desktop,8.0,Delivered,,204.2,0.0,204.2,204.2,1,35-44,High ($150-400),2024-06,Friday,0,0
ORD101814,2025-05-14,C1786,34,Female,Malaysia,Penang,2022-12-20,VIP,Organic Search,Beauty,1,3.0,5.0,6.99,Cash on Delivery,Mobile,9.0,Delivered,3.0,3.0,0.15,9.84,9.84,876,25-34,Low (<$50),2025-05,Wednesday,0,1
ORD100347,2024-05-06,C1477,21,Female,Philippines,Cebu,2022-09-30,VIP,Social Media,Toys,3,64.03,0.0,0.0,Credit Card,Mobile,7.0,Delivered,4.0,192.09,0.0,192.09,192.09,584,18-24,High ($150-400),2024-05,Monday,0,1
ORD100386,2024-05-15,C1818,37,Male,Vietnam,Ho Chi Minh City,2022-07-16,New,Email,Home & Kitchen,1,146.92,25.0,0.0,Bank Transfer,Desktop,2.0,Delivered,4.0,146.92,36.73,110.19,110.19,669,35-44,Medium ($50-150),2024-05,Wednesday,0,1
ORD101024,2024-10-28,C1009,25,Male,Cambodia,Sihanoukville,2022-06-02,Regular,Social Media,Books,1,18.74,20.0,2.99,Credit Card,Desktop,4.0,Delivered,4.0,18.74,3.75,17.98,17.98,879,25-34,Low (<$50),2024-10,Monday,0,1
ORD100894,2024-09-20,C1543,32,Male,Vietnam,Hanoi,2023-07-29,VIP,Email,Home & Kitchen,3,121.94,0.0,0.0,Credit Card,Desktop,5.0,Returned,3.0,365.82,0.0,365.82,0.0,419,25-34,High ($150-400),2024-09,Friday,1,1
ORD100828,2024-09-04,C1443,49,Male,Malaysia,Johor Bahru,2024-08-31,Regular,Organic Search,Electronics,2,295.41,25.0,0.0,E-Wallet,Mobile,9.0,Delivered,,590.82,147.71,443.11,443.11,4,45-54,Premium (>$400),2024-09,Wednesday,0,0
ORD101936,2025-06-13,C1502,26,Male,Philippines,Cebu,2023-04-09,VIP,Paid Ads,Fashion,1,41.8,5.0,6.99,Credit Card,Desktop,7.0,Delivered,4.0,41.8,2.09,46.7,46.7,796,25-34,Low (<$50),2025-06,Friday,0,1
ORD100475,2024-06-08,C1590,21,Female,Thailand,Chiang Mai,2023-05-14,Regular,Referral,Beauty,1,63.85,0.0,2.99,Cash on Delivery,Mobile,5.0,Delivered,4.0,63.85,0.0,66.84,66.84,391,18-24,Medium ($50-150),2024-06,Saturday,0,1
ORD101502,2025-02-03,C1115,28,Female,Vietnam,Da Nang,2022-06-13,VIP,Referral,Electronics,1,105.2,35.0,4.99,E-Wallet,Mobile,10.0,Delivered,2.0,105.2,36.82,73.37,73.37,966,25-34,Medium ($50-150),2025-02,Monday,0,1
ORD101477,2025-01-26,C1163,25,Male,Malaysia,Johor Bahru,2022-10-08,VIP,Referral,Home & Kitchen,1,17.66,0.0,9.99,PayPal,Mobile,2.0,Delivered,5.0,17.66,0.0,27.65,27.65,841,25-34,Low (<$50),2025-01,Sunday,0,1
ORD101764,2025-05-01,C1004,18,Female,Thailand,Bangkok,2022-08-06,Regular,Referral,Beauty,5,21.02,0.0,6.99,Credit Card,Desktop,9.0,Delivered,,105.1,0.0,112.09,112.09,999,18-24,Medium ($50-150),2025-05,Thursday,0,0
ORD100652,2024-07-24,C1806,33,Male,Vietnam,Hanoi,2023-12-03,Regular,Organic Search,Toys,5,41.34,30.0,0.0,E-Wallet,Mobile,1.0,Delivered,5.0,206.7,62.01,144.69,144.69,234,25-34,Medium ($50-150),2024-07,Wednesday,0,1
ORD100172,2024-03-16,C1108,43,Male,Philippines,Davao,2022-06-05,VIP,Referral,Beauty,1,65.41,5.0,9.99,E-Wallet,Mobile,,Cancelled,,65.41,3.27,72.13,0.0,650,35-44,Medium ($50-150),2024-03,Saturday,0,0
ORD101149,2024-11-20,C1555,31,Female,Vietnam,Da Nang,2022-12-22,Regular,Email,Books,3,18.58,5.0,4.99,Credit Card,Mobile,5.0,Delivered,3.0,55.74,2.79,57.94,57.94,699,25-34,Medium ($50-150),2024-11,Wednesday,0,1
ORD100038,2024-01-17,C1456,34,Female,Thailand,Phuket,2024-01-11,VIP,Social Media,Fashion,2,31.12,0.0,2.99,Cash on Delivery,Mobile,8.0,Delivered,3.0,62.24,0.0,65.23,65.23,6,25-34,Medium ($50-150),2024-01,Wednesday,0,1
ORD100713,2024-08-09,C1349,50,Female,Cambodia,Sihanoukville,2023-07-06,VIP,Organic Search,Books,5,27.61,25.0,0.0,Bank Transfer,Mobile,11.0,Delivered,2.0,138.05,34.51,103.54,103.54,400,45-54,Medium ($50-150),2024-08,Friday,0,1
ORD100090,2024-02-07,C1501,44,Male,Vietnam,Hanoi,2023-06-04,VIP,Paid Ads,Electronics,2,107.26,20.0,0.0,Credit Card,Mobile,3.0,Delivered,4.0,214.52,42.9,171.62,171.62,248,35-44,High ($150-400),2024-02,Wednesday,0,1
ORD101205,2024-11-29,C1192,30,Female,Vietnam,Hanoi,2023-03-21,New,Organic Search,Fashion,2,43.67,0.0,2.99,PayPal,Desktop,1.0,Delivered,,87.34,0.0,90.33,90.33,619,25-34,Medium ($50-150),2024-11,Friday,0,0
ORD100875,2024-09-16,C1538,18,Male,Vietnam,Ho Chi Minh City,2023-06-04,Regular,Organic Search,Electronics,1,266.93,5.0,0.0,E-Wallet,Mobile,8.0,Returned,,266.93,13.35,253.58,0.0,470,18-24,High ($150-400),2024-09,Monday,1,0
ORD101378,2024-12-28,C1437,22,Male,Cambodia,Phnom Penh,2024-09-07,Regular,Email,Beauty,4,26.35,0.0,6.99,Cash on Delivery,Desktop,10.0,Delivered,3.0,105.4,0.0,112.39,112.39,112,18-24,Medium ($50-150),2024-12,Saturday,0,1
ORD101933,2025-06-12,C1571,33,Female,Singapore,Singapore,2024-09-18,Regular,Organic Search,Sports,1,167.15,15.0,0.0,Credit Card,Mobile,11.0,Returned,2.0,167.15,25.07,142.08,0.0,267,25-34,Medium ($50-150),2025-06,Thursday,1,1
ORD101093,2024-11-08,C1053,30,Female,Cambodia,Battambang,2023-09-16,VIP,Paid Ads,Toys,1,52.65,15.0,4.99,PayPal,Desktop,2.0,Delivered,4.0,52.65,7.9,49.74,49.74,419,25-34,Low (<$50),2024-11,Friday,0,1
ORD101155,2024-11-20,C1528,37,Female,Cambodia,Battambang,2023-09-28,VIP,Paid Ads,Fashion,1,8.99,0.0,9.99,E-Wallet,Mobile,8.0,Delivered,,8.99,0.0,18.98,18.98,419,35-44,Low (<$50),2024-11,Wednesday,0,0
ORD101391,2024-12-30,C1420,34,Male,Indonesia,Jakarta,2022-01-16,Regular,Organic Search,Beauty,2,34.87,0.0,6.99,Cash on Delivery,Mobile,6.0,Delivered,,69.74,0.0,76.73,76.73,1079,25-34,Medium ($50-150),2024-12,Monday,0,0
ORD100499,2024-06-13,C1444,30,Male,Cambodia,Phnom Penh,2023-02-18,VIP,Email,Beauty,5,43.41,10.0,0.0,Credit Card,Desktop,10.0,Delivered,,217.05,21.7,195.35,195.35,481,25-34,High ($150-400),2024-06,Thursday,0,0
ORD100338,2024-05-05,C1631,62,Female,Cambodia,Phnom Penh,2023-10-21,VIP,Paid Ads,Electronics,4,140.17,5.0,0.0,Credit Card,Desktop,4.0,Delivered,5.0,560.68,28.03,532.65,532.65,197,55+,Premium (>$400),2024-05,Sunday,0,1
ORD101188,2024-11-26,C1784,34,Female,Vietnam,Hanoi,2023-04-17,VIP,Organic Search,Beauty,2,21.79,15.0,2.99,Bank Transfer,Mobile,6.0,Delivered,4.0,43.58,6.54,40.03,40.03,589,25-34,Low (<$50),2024-11,Tuesday,0,1
ORD100028,2024-01-14,C1124,43,Male,Cambodia,Siem Reap,2022-12-07,VIP,Organic Search,Home & Kitchen,2,34.16,5.0,6.99,E-Wallet,Desktop,6.0,Delivered,,68.32,3.42,71.89,71.89,403,35-44,Medium ($50-150),2024-01,Sunday,0,0
ORD101217,2024-12-02,C1027,38,Female,Malaysia,Penang,2023-10-06,VIP,Organic Search,Electronics,3,151.66,0.0,0.0,Cash on Delivery,Desktop,2.0,Delivered,,454.98,0.0,454.98,454.98,423,35-44,Premium (>$400),2024-12,Monday,0,0
ORD101352,2024-12-25,C1816,30,Male,Malaysia,Kuala Lumpur,2023-12-28,VIP,Paid Ads,Books,1,10.55,30.0,6.99,Credit Card,Mobile,5.0,Delivered,4.0,10.55,3.16,14.38,14.38,363,25-34,Low (<$50),2024-12,Wednesday,0,1
ORD101911,2025-06-07,C1611,37,Female,Cambodia,Sihanoukville,2022-08-08,Regular,Organic Search,Electronics,5,77.04,20.0,0.0,Bank Transfer,Desktop,3.0,Delivered,,385.2,77.04,308.16,308.16,1034,35-44,High ($150-400),2025-06,Saturday,0,0
ORD100945,2024-10-05,C1177,36,Female,Thailand,Phuket,2023-03-06,Regular,Email,Home & Kitchen,1,39.27,10.0,9.99,Bank Transfer,Desktop,5.0,Delivered,3.0,39.27,3.93,45.33,45.33,579,35-44,Low (<$50),2024-10,Saturday,0,1
ORD100169,2024-03-15,C1065,43,Female,Thailand,Bangkok,2022-06-21,VIP,Email,Fashion,1,3.0,10.0,2.99,Bank Transfer,Mobile,11.0,Delivered,2.0,3.0,0.3,5.69,5.69,633,35-44,Low (<$50),2024-03,Friday,0,1
ORD101801,2025-05-11,C1290,31,Male,Indonesia,Surabaya,2022-07-16,Regular,Social Media,Toys,3,41.63,0.0,0.0,Credit Card,Mobile,10.0,Delivered,4.0,124.89,0.0,124.89,124.89,1030,25-34,Medium ($50-150),2025-05,Sunday,0,1
ORD101197,2024-11-27,C1149,36,Male,Indonesia,Jakarta,2023-12-18,VIP,Social Media,Beauty,2,31.12,5.0,9.99,Credit Card,Mobile,4.0,Delivered,5.0,62.24,3.11,69.12,69.12,345,35-44,Medium ($50-150),2024-11,Wednesday,0,1
ORD101253,2024-12-09,C1376,32,Male,Singapore,Singapore,2024-08-13,New,Organic Search,Electronics,2,337.65,20.0,0.0,Cash on Delivery,Tablet,2.0,Delivered,,675.3,135.06,540.24,540.24,118,25-34,Premium (>$400),2024-12,Monday,0,0
ORD101428,2025-01-09,C1686,43,Male,Cambodia,Sihanoukville,2023-10-18,Regular,Email,Beauty,2,30.31,0.0,9.99,E-Wallet,Mobile,3.0,Delivered,,60.62,0.0,70.61,70.61,449,35-44,Medium ($50-150),2025-01,Thursday,0,0
ORD100912,2024-09-24,C1785,37,Male,Cambodia,Battambang,2024-09-23,Regular,Email,Fashion,1,103.18,5.0,6.99,Credit Card,Mobile,3.0,Delivered,4.0,103.18,5.16,105.01,105.01,1,35-44,Medium ($50-150),2024-09,Tuesday,0,1
ORD100491,2024-06-10,C1593,18,Male,Thailand,Chiang Mai,2024-06-09,Regular,Paid Ads,Sports,1,120.22,15.0,0.0,Cash on Delivery,Mobile,9.0,Delivered,3.0,120.22,18.03,102.19,102.19,1,18-24,Medium ($50-150),2024-06,Monday,0,1
ORD100953,2024-10-07,C1452,55,Female,Philippines,Manila,2022-10-27,Regular,Referral,Electronics,1,251.61,15.0,0.0,Bank Transfer,Mobile,,Cancelled,,251.61,37.74,213.87,0.0,711,55+,High ($150-400),2024-10,Monday,0,0
ORD101097,2024-11-09,C1531,24,Female,Cambodia,Siem Reap,2023-06-14,VIP,Email,Electronics,1,154.61,0.0,0.0,Bank Transfer,Mobile,2.0,Delivered,5.0,154.61,0.0,154.61,154.61,514,18-24,High ($150-400),2024-11,Saturday,0,1
ORD101032,2024-10-30,C1009,25,Male,Cambodia,Sihanoukville,2022-06-02,Regular,Social Media,Electronics,2,211.08,10.0,0.0,Credit Card,Desktop,4.0,Delivered,,422.16,42.22,379.94,379.94,881,25-34,High ($150-400),2024-10,Wednesday,0,0
ORD100587,2024-07-08,C1164,43,Female,Cambodia,Sihanoukville,2023-03-30,VIP,Social Media,Electronics,1,236.18,20.0,0.0,Bank Transfer,Tablet,2.0,Delivered,4.0,236.18,47.24,188.94,188.94,466,35-44,High ($150-400),2024-07,Monday,0,1
ORD100750,2024-08-19,C1023,32,Male,Singapore,Singapore,2023-04-22,VIP,Email,Fashion,3,55.34,0.0,0.0,Cash on Delivery,Mobile,5.0,Delivered,,166.02,0.0,166.02,166.02,485,25-34,High ($150-400),2024-08,Monday,0,0
ORD100657,2024-07-27,C1694,25,Female,Vietnam,Hanoi,2022-08-26,Regular,Social Media,Electronics,1,148.11,0.0,0.0,E-Wallet,Desktop,,Cancelled,,148.11,0.0,148.11,0.0,701,25-34,Medium ($50-150),2024-07,Saturday,0,0
ORD100234,2024-04-05,C1327,33,Male,Singapore,Singapore,2023-07-03,Regular,Organic Search,Books,3,18.49,10.0,6.99,E-Wallet,Desktop,10.0,Delivered,4.0,55.47,5.55,56.91,56.91,277,25-34,Medium ($50-150),2024-04,Friday,0,1
ORD100732,2024-08-14,C1800,25,Male,Cambodia,Siem Reap,2023-03-16,VIP,Paid Ads,Sports,5,100.87,5.0,0.0,Bank Transfer,Desktop,3.0,Delivered,3.0,504.35,25.22,479.13,479.13,517,25-34,Premium (>$400),2024-08,Wednesday,0,1
ORD101666,2025-03-31,C1296,37,Male,Cambodia,Siem Reap,2023-04-28,Regular,Organic Search,Electronics,1,157.0,25.0,0.0,Credit Card,Desktop,4.0,Returned,2.0,157.0,39.25,117.75,0.0,703,35-44,Medium ($50-150),2025-03,Monday,1,1
ORD101156,2024-11-20,C1518,44,Male,Thailand,Bangkok,2023-10-25,VIP,Paid Ads,Electronics,1,118.33,5.0,9.99,Bank Transfer,Mobile,9.0,Delivered,,118.33,5.92,122.4,122.4,392,35-44,Medium ($50-150),2024-11,Wednesday,0,0
ORD101501,2025-02-02,C1222,36,Male,Singapore,Singapore,2022-12-11,VIP,Referral,Home & Kitchen,2,60.79,5.0,0.0,Bank Transfer,Mobile,1.0,Delivered,4.0,121.58,6.08,115.5,115.5,784,35-44,Medium ($50-150),2025-02,Sunday,0,1
ORD101454,2025-01-18,C1798,45,Female,Thailand,Phuket,2022-02-13,VIP,Organic Search,Books,3,25.89,10.0,2.99,E-Wallet,Mobile,,Cancelled,,77.67,7.77,72.89,0.0,1070,45-54,Medium ($50-150),2025-01,Saturday,0,0
ORD101763,2025-04-30,C1706,24,Male,Cambodia,Sihanoukville,2022-12-27,Regular,Email,Electronics,1,61.41,10.0,2.99,E-Wallet,Mobile,3.0,Returned,,61.41,6.14,58.26,0.0,855,18-24,Medium ($50-150),2025-04,Wednesday,1,0
ORD100934,2024-10-01,C1647,18,Female,Cambodia,Sihanoukville,2022-12-29,Regular,Organic Search,Beauty,1,51.2,0.0,6.99,E-Wallet,Desktop,9.0,Delivered,4.0,51.2,0.0,58.19,58.19,642,18-24,Medium ($50-150),2024-10,Tuesday,0,1
ORD101209,2024-11-29,C1462,18,Male,Thailand,Phuket,2022-03-15,Regular,Email,Electronics,3,139.82,10.0,0.0,Cash on Delivery,Mobile,3.0,Delivered,,419.46,41.95,377.51,377.51,990,18-24,High ($150-400),2024-11,Friday,0,0
ORD100108,2024-02-13,C1528,37,Female,Cambodia,Battambang,2023-09-28,VIP,Paid Ads,Beauty,1,5.32,15.0,6.99,Cash on Delivery,Mobile,5.0,Returned,3.0,5.32,0.8,11.51,0.0,138,35-44,Low (<$50),2024-02,Tuesday,1,1
ORD101575,2025-03-02,C1655,38,Female,Thailand,Bangkok,2022-09-27,Regular,Organic Search,Home & Kitchen,3,93.05,0.0,0.0,E-Wallet,Mobile,8.0,Delivered,4.0,279.15,0.0,279.15,279.15,887,35-44,High ($150-400),2025-03,Sunday,0,1
ORD100568,2024-07-02,C1012,35,Female,Vietnam,Ho Chi Minh City,2022-10-31,New,Paid Ads,Sports,1,54.48,20.0,4.99,PayPal,Mobile,7.0,Delivered,3.0,54.48,10.9,48.57,48.57,610,35-44,Low (<$50),2024-07,Tuesday,0,1
ORD101167,2024-11-23,C1319,21,Female,Vietnam,Da Nang,2023-11-08,Regular,Referral,Home & Kitchen,2,46.12,0.0,6.99,E-Wallet,Mobile,7.0,Delivered,4.0,92.24,0.0,99.23,99.23,381,18-24,Medium ($50-150),2024-11,Saturday,0,1
ORD101174,2024-11-24,C1037,25,Female,Thailand,Bangkok,2023-05-22,Regular,Organic Search,Electronics,1,254.64,0.0,0.0,Credit Card,Tablet,1.0,Delivered,4.0,254.64,0.0,254.64,254.64,552,25-34,High ($150-400),2024-11,Sunday,0,1
ORD100890,2024-09-19,C1368,36,Male,Thailand,Chiang Mai,2023-11-16,Regular,Social Media,Fashion,4,50.57,0.0,0.0,E-Wallet,Desktop,,Cancelled,,202.28,0.0,202.28,0.0,308,35-44,High ($150-400),2024-09,Thursday,0,0
ORD100947,2024-10-05,C1357,37,Female,Vietnam,Ho Chi Minh City,2023-02-02,New,Social Media,Beauty,3,24.32,0.0,6.99,E-Wallet,Mobile,,Cancelled,,72.96,0.0,79.95,0.0,611,35-44,Medium ($50-150),2024-10,Saturday,0,0
ORD101048,2024-11-02,C1635,31,Female,Malaysia,Johor Bahru,2023-07-27,Regular,Paid Ads,Sports,3,146.44,0.0,0.0,PayPal,Mobile,9.0,Delivered,3.0,439.32,0.0,439.32,439.32,464,25-34,Premium (>$400),2024-11,Saturday,0,1
ORD101379,2024-12-28,C1736,43,Female,Vietnam,Ho Chi Minh City,2024-05-22,VIP,Email,Electronics,2,198.1,10.0,0.0,Bank Transfer,Mobile,2.0,Delivered,,396.2,39.62,356.58,356.58,220,35-44,High ($150-400),2024-12,Saturday,0,0
ORD101811,2025-05-13,C1636,32,Female,Cambodia,Siem Reap,2024-05-29,VIP,Organic Search,Fashion,2,22.62,10.0,6.99,E-Wallet,Tablet,,Cancelled,,45.24,4.52,47.71,0.0,349,25-34,Low (<$50),2025-05,Tuesday,0,0
ORD101476,2025-01-26,C1388,37,Female,Singapore,Singapore,2024-01-29,New,Email,Electronics,2,74.24,15.0,0.0,E-Wallet,Mobile,6.0,Delivered,5.0,148.48,22.27,126.21,126.21,363,35-44,Medium ($50-150),2025-01,Sunday,0,1
ORD100884,2024-09-18,C1399,34,Female,Vietnam,Hanoi,2024-08-25,VIP,Organic Search,Beauty,1,41.43,0.0,4.99,E-Wallet,Desktop,,Cancelled,,41.43,0.0,46.42,0.0,24,25-34,Low (<$50),2024-09,Wednesday,0,0
ORD101709,2025-04-13,C1800,25,Male,Cambodia,Siem Reap,2023-03-16,VIP,Paid Ads,Electronics,1,115.7,0.0,2.99,Credit Card,Desktop,3.0,Delivered,,115.7,0.0,118.69,118.69,759,25-34,Medium ($50-150),2025-04,Sunday,0,0
ORD100850,2024-09-08,C1696,18,Female,Thailand,Chiang Mai,2024-09-07,Regular,Social Media,Fashion,3,41.52,15.0,0.0,Cash on Delivery,Mobile,11.0,Returned,2.0,124.56,18.68,105.88,0.0,1,18-24,Medium ($50-150),2024-09,Sunday,1,1
ORD100734,2024-08-14,C1518,44,Male,Thailand,Bangkok,2023-10-25,VIP,Paid Ads,Electronics,2,227.19,0.0,0.0,Bank Transfer,Mobile,8.0,Delivered,4.0,454.38,0.0,454.38,454.38,294,35-44,Premium (>$400),2024-08,Wednesday,0,1
ORD100717,2024-08-09,C1359,32,Male,Thailand,Bangkok,2024-08-08,Regular,Organic Search,Home & Kitchen,1,45.2,0.0,4.99,E-Wallet,Tablet,1.0,Delivered,4.0,45.2,0.0,50.19,50.19,1,25-34,Medium ($50-150),2024-08,Friday,0,1
ORD100454,2024-06-02,C1102,30,Female,Malaysia,Penang,2024-06-01,Regular,Email,Electronics,1,145.52,5.0,0.0,E-Wallet,Desktop,2.0,Delivered,,145.52,7.28,138.24,138.24,1,25-34,Medium ($50-150),2024-06,Sunday,0,0
ORD100264,2024-04-15,C1269,34,Male,Thailand,Chiang Mai,2023-08-12,Regular,Social Media,Electronics,2,212.84,0.0,0.0,Credit Card,Desktop,9.0,Delivered,,425.68,0.0,425.68,425.68,247,25-34,Premium (>$400),2024-04,Monday,0,0
ORD101693,2025-04-09,C1284,22,Female,Cambodia,Siem Reap,2023-09-10,Regular,Referral,Electronics,1,3.0,0.0,6.99,E-Wallet,Mobile,,Cancelled,,3.0,0.0,9.99,0.0,577,18-24,Low (<$50),2025-04,Wednesday,0,0
ORD100444,2024-05-30,C1636,32,Female,Cambodia,Siem Reap,2024-05-29,VIP,Organic Search,Home & Kitchen,1,47.73,0.0,6.99,Credit Card,Mobile,9.0,Returned,2.0,47.73,0.0,54.72,0.0,1,25-34,Medium ($50-150),2024-05,Thursday,1,1
ORD100395,2024-05-19,C1724,24,Female,Vietnam,Ho Chi Minh City,2022-11-15,New,Social Media,Electronics,1,335.87,25.0,0.0,Credit Card,Mobile,3.0,Returned,3.0,335.87,83.97,251.9,0.0,551,18-24,High ($150-400),2024-05,Sunday,1,1
ORD100176,2024-03-17,C1164,43,Female,Cambodia,Sihanoukville,2023-03-30,VIP,Social Media,Home & Kitchen,2,52.69,15.0,2.99,E-Wallet,Desktop,1.0,Delivered,4.0,105.38,15.81,92.56,92.56,353,35-44,Medium ($50-150),2024-03,Sunday,0,1
ORD101042,2024-11-01,C1633,18,Female,Cambodia,Sihanoukville,2023-12-30,Regular,Paid Ads,Home & Kitchen,1,34.91,0.0,4.99,Credit Card,Desktop,,Cancelled,,34.91,0.0,39.9,0.0,307,18-24,Low (<$50),2024-11,Friday,0,0
ORD101774,2025-05-04,C1466,31,Male,Cambodia,Battambang,2022-05-03,VIP,Paid Ads,Electronics,1,189.25,25.0,0.0,PayPal,Tablet,7.0,Delivered,4.0,189.25,47.31,141.94,141.94,1097,25-34,Medium ($50-150),2025-05,Sunday,0,1
ORD101431,2025-01-10,C1097,23,Female,Cambodia,Sihanoukville,2023-10-26,Regular,Social Media,Electronics,1,146.9,20.0,0.0,PayPal,Mobile,4.0,Delivered,4.0,146.9,29.38,117.52,117.52,442,18-24,Medium ($50-150),2025-01,Friday,0,1
ORD101543,2025-02-21,C1031,30,Female,Indonesia,Surabaya,2023-10-10,New,Paid Ads,Electronics,1,237.58,0.0,0.0,PayPal,Mobile,10.0,Delivered,4.0,237.58,0.0,237.58,237.58,500,25-34,High ($150-400),2025-02,Friday,0,1
ORD100595,2024-07-11,C1518,44,Male,Thailand,Bangkok,2023-10-25,VIP,Paid Ads,Electronics,1,56.07,5.0,4.99,E-Wallet,Desktop,9.0,Delivered,2.0,56.07,2.8,58.26,58.26,260,35-44,Medium ($50-150),2024-07,Thursday,0,1
ORD100061,2024-01-25,C1686,43,Male,Cambodia,Sihanoukville,2023-10-18,Regular,Email,Electronics,2,214.05,20.0,0.0,Credit Card,Mobile,5.0,Delivered,,428.1,85.62,342.48,342.48,99,35-44,High ($150-400),2024-01,Thursday,0,0
ORD101296,2024-12-16,C1609,40,Female,Cambodia,Sihanoukville,2024-03-10,Regular,Organic Search,Electronics,3,318.58,0.0,0.0,Credit Card,Desktop,8.0,Delivered,,955.74,0.0,955.74,955.74,281,35-44,Premium (>$400),2024-12,Monday,0,0
ORD100872,2024-09-14,C1287,35,Male,Vietnam,Da Nang,2024-07-07,Regular,Social Media,Fashion,3,17.65,0.0,2.99,Credit Card,Mobile,7.0,Returned,,52.95,0.0,55.94,0.0,69,35-44,Medium ($50-150),2024-09,Saturday,1,0
ORD101903,2025-06-06,C1786,34,Female,Malaysia,Penang,2022-12-20,VIP,Organic Search,Home & Kitchen,1,45.21,30.0,4.99,PayPal,Desktop,8.0,Returned,,45.21,13.56,36.64,0.0,899,25-34,Low (<$50),2025-06,Friday,1,0
ORD100278,2024-04-19,C1441,38,Female,Malaysia,Johor Bahru,2024-04-18,Regular,Organic Search,Beauty,1,30.25,15.0,9.99,Bank Transfer,Desktop,9.0,Returned,,30.25,4.54,35.7,0.0,1,35-44,Low (<$50),2024-04,Friday,1,0
ORD101392,2024-12-30,C1004,18,Female,Thailand,Bangkok,2022-08-06,Regular,Referral,Toys,1,44.24,10.0,2.99,Credit Card,Mobile,11.0,Delivered,,44.24,4.42,42.81,42.81,877,18-24,Low (<$50),2024-12,Monday,0,0
ORD100036,2024-01-16,C1743,18,Female,Vietnam,Ho Chi Minh City,2023-05-28,Regular,Social Media,Books,1,14.29,0.0,2.99,E-Wallet,Desktop,11.0,Delivered,,14.29,0.0,17.28,17.28,233,18-24,Low (<$50),2024-01,Tuesday,0,0
ORD101548,2025-02-22,C1049,35,Male,Cambodia,Sihanoukville,2023-01-01,VIP,Social Media,Home & Kitchen,1,62.49,10.0,2.99,E-Wallet,Desktop,10.0,Delivered,,62.49,6.25,59.23,59.23,783,35-44,Medium ($50-150),2025-02,Saturday,0,0
ORD100662,2024-07-28,C1069,32,Male,Malaysia,Johor Bahru,2023-07-02,Regular,Social Media,Books,4,11.44,0.0,2.99,Credit Card,Mobile,5.0,Delivered,5.0,45.76,0.0,48.75,48.75,392,25-34,Low (<$50),2024-07,Sunday,0,1
ORD101848,2025-05-24,C1554,33,Female,Singapore,Singapore,2023-08-26,Regular,Paid Ads,Home & Kitchen,1,75.28,10.0,9.99,Cash on Delivery,Desktop,1.0,Delivered,4.0,75.28,7.53,77.74,77.74,637,25-34,Medium ($50-150),2025-05,Saturday,0,1
ORD101474,2025-01-25,C1124,43,Male,Cambodia,Siem Reap,2022-12-07,VIP,Organic Search,Electronics,1,200.98,25.0,0.0,E-Wallet,Mobile,11.0,Delivered,3.0,200.98,50.24,150.74,150.74,780,35-44,High ($150-400),2025-01,Saturday,0,1
ORD100977,2024-10-15,C1153,29,Female,Malaysia,Johor Bahru,2022-12-08,New,Social Media,Electronics,4,176.43,0.0,0.0,Cash on Delivery,Desktop,8.0,Delivered,,705.72,0.0,705.72,705.72,677,25-34,Premium (>$400),2024-10,Tuesday,0,0
ORD101604,2025-03-10,C1552,37,Female,Vietnam,Da Nang,2023-08-20,VIP,Paid Ads,Fashion,1,48.48,5.0,6.99,Credit Card,Mobile,11.0,Delivered,,48.48,2.42,53.05,53.05,568,35-44,Medium ($50-150),2025-03,Monday,0,0
ORD100738,2024-08-16,C1049,35,Male,Cambodia,Sihanoukville,2023-01-01,VIP,Social Media,Books,1,6.08,0.0,6.99,E-Wallet,Desktop,2.0,Delivered,,6.08,0.0,13.07,13.07,593,35-44,Low (<$50),2024-08,Friday,0,0
ORD100191,2024-03-21,C1109,18,Male,Vietnam,Hanoi,2022-10-16,Regular,Social Media,Toys,2,3.0,25.0,2.99,Credit Card,Mobile,4.0,Returned,3.0,6.0,1.5,7.49,0.0,522,18-24,Low (<$50),2024-03,Thursday,1,1
ORD100919,2024-09-26,C1300,53,Female,Cambodia,Battambang,2023-06-29,Regular,Social Media,Electronics,5,3.0,0.0,6.99,Cash on Delivery,Mobile,7.0,Delivered,4.0,15.0,0.0,21.99,21.99,455,45-54,Low (<$50),2024-09,Thursday,0,1
ORD100456,2024-06-03,C1097,23,Female,Cambodia,Sihanoukville,2023-10-26,Regular,Social Media,Fashion,1,38.71,5.0,4.99,Cash on Delivery,Mobile,7.0,Delivered,,38.71,1.94,41.76,41.76,221,18-24,Low (<$50),2024-06,Monday,0,0
ORD100675,2024-08-01,C1035,46,Female,Vietnam,Ho Chi Minh City,2024-07-10,VIP,Organic Search,Books,2,8.75,5.0,2.99,E-Wallet,Mobile,,Cancelled,,17.5,0.88,19.61,0.0,22,45-54,Low (<$50),2024-08,Thursday,0,0
ORD100760,2024-08-20,C1723,18,Male,Indonesia,Surabaya,2022-01-20,VIP,Social Media,Electronics,1,233.93,0.0,0.0,Credit Card,Mobile,8.0,Returned,,233.93,0.0,233.93,0.0,943,18-24,High ($150-400),2024-08,Tuesday,1,0
ORD101849,2025-05-25,C1234,26,Female,Cambodia,Sihanoukville,2022-09-25,VIP,Paid Ads,Books,1,21.33,5.0,9.99,E-Wallet,Desktop,9.0,Delivered,4.0,21.33,1.07,30.25,30.25,973,25-34,Low (<$50),2025-05,Sunday,0,1
ORD101778,2025-05-05,C1474,41,Female,Malaysia,Kuala Lumpur,2022-10-02,New,Paid Ads,Electronics,1,143.95,0.0,0.0,E-Wallet,Mobile,2.0,Delivered,4.0,143.95,0.0,143.95,143.95,946,35-44,Medium ($50-150),2025-05,Monday,0,1
ORD100728,2024-08-12,C1087,34,Female,Vietnam,Da Nang,2024-04-28,Regular,Social Media,Fashion,2,101.83,20.0,0.0,E-Wallet,Desktop,1.0,Delivered,,203.66,40.73,162.93,162.93,106,25-34,High ($150-400),2024-08,Monday,0,0
ORD101399,2025-01-01,C1191,32,Male,Cambodia,Phnom Penh,2024-09-07,Regular,Referral,Fashion,3,86.3,0.0,0.0,Credit Card,Desktop,11.0,Delivered,4.0,258.9,0.0,258.9,258.9,116,25-34,High ($150-400),2025-01,Wednesday,0,1
ORD100412,2024-05-23,C1712,23,Male,Philippines,Davao,2022-06-09,VIP,Paid Ads,Books,1,19.31,0.0,4.99,Bank Transfer,Desktop,4.0,Delivered,,19.31,0.0,24.3,24.3,714,18-24,Low (<$50),2024-05,Thursday,0,0
ORD101098,2024-11-09,C1606,42,Female,Vietnam,Da Nang,2023-11-14,Regular,Social Media,Sports,1,44.58,20.0,2.99,Cash on Delivery,Mobile,9.0,Delivered,,44.58,8.92,38.65,38.65,361,35-44,Low (<$50),2024-11,Saturday,0,0
ORD100825,2024-09-04,C1739,18,Male,Singapore,Singapore,2023-02-15,Regular,Social Media,Electronics,1,127.02,0.0,0.0,Credit Card,Desktop,11.0,Delivered,,127.02,0.0,127.02,127.02,567,18-24,Medium ($50-150),2024-09,Wednesday,0,0
ORD101567,2025-02-28,C1269,34,Male,Thailand,Chiang Mai,2023-08-12,Regular,Social Media,Home & Kitchen,1,28.04,15.0,9.99,Cash on Delivery,Mobile,4.0,Delivered,5.0,28.04,4.21,33.82,33.82,566,25-34,Low (<$50),2025-02,Friday,0,1
ORD100616,2024-07-15,C1280,39,Female,Thailand,Bangkok,2022-02-06,New,Organic Search,Electronics,2,548.58,0.0,0.0,PayPal,Desktop,9.0,Returned,3.0,1097.16,0.0,1097.16,0.0,890,35-44,Premium (>$400),2024-07,Monday,1,1
ORD100114,2024-02-14,C1167,38,Female,Vietnam,Hanoi,2024-02-13,VIP,Organic Search,Home & Kitchen,2,98.08,5.0,0.0,Credit Card,Mobile,1.0,Delivered,3.0,196.16,9.81,186.35,186.35,1,35-44,High ($150-400),2024-02,Wednesday,0,1
ORD100417,2024-05-24,C1344,52,Female,Indonesia,Bandung,2022-03-23,VIP,Social Media,Home & Kitchen,1,53.99,0.0,4.99,E-Wallet,Desktop,1.0,Delivered,,53.99,0.0,58.98,58.98,793,45-54,Medium ($50-150),2024-05,Friday,0,0
ORD101954,2025-06-17,C1517,26,Female,Singapore,Singapore,2024-05-09,Regular,Organic Search,Home & Kitchen,2,118.13,5.0,0.0,E-Wallet,Mobile,11.0,Delivered,,236.26,11.81,224.45,224.45,404,25-34,High ($150-400),2025-06,Tuesday,0,0
ORD100969,2024-10-13,C1005,20,Female,Vietnam,Ho Chi Minh City,2023-12-19,New,Referral,Electronics,1,23.27,10.0,9.99,Credit Card,Mobile,11.0,Delivered,3.0,23.27,2.33,30.93,30.93,299,18-24,Low (<$50),2024-10,Sunday,0,1
ORD100604,2024-07-11,C1293,34,Male,Philippines,Davao,2022-01-30,New,Paid Ads,Toys,2,58.69,5.0,2.99,Cash on Delivery,Mobile,11.0,Delivered,,117.38,5.87,114.5,114.5,893,25-34,Medium ($50-150),2024-07,Thursday,0,0
ORD101963,2025-06-20,C1119,31,Male,Indonesia,Bandung,2022-04-15,VIP,Organic Search,Electronics,2,223.82,20.0,0.0,Credit Card,Mobile,10.0,Delivered,3.0,447.64,89.53,358.11,358.11,1162,25-34,High ($150-400),2025-06,Friday,0,1
ORD100089,2024-02-06,C1614,25,Male,Cambodia,Battambang,2023-01-23,VIP,Social Media,Toys,3,18.61,0.0,6.99,E-Wallet,Mobile,7.0,Delivered,4.0,55.83,0.0,62.82,62.82,379,25-34,Medium ($50-150),2024-02,Tuesday,0,1
ORD100848,2024-09-08,C1027,38,Female,Malaysia,Penang,2023-10-06,VIP,Organic Search,Electronics,3,162.27,15.0,0.0,Credit Card,Mobile,6.0,Delivered,,486.81,73.02,413.79,413.79,338,35-44,Premium (>$400),2024-09,Sunday,0,0
ORD101552,2025-02-23,C1396,42,Female,Thailand,Bangkok,2023-04-08,Regular,Paid Ads,Fashion,1,27.82,5.0,9.99,Bank Transfer,Mobile,6.0,Returned,3.0,27.82,1.39,36.42,0.0,687,35-44,Low (<$50),2025-02,Sunday,1,1
ORD101962,2025-06-19,C1570,18,Female,Thailand,Chiang Mai,2022-08-14,Regular,Organic Search,Sports,2,29.03,0.0,6.99,Bank Transfer,Mobile,2.0,Delivered,5.0,58.06,0.0,65.05,65.05,1040,18-24,Medium ($50-150),2025-06,Thursday,0,1
ORD100753,2024-08-19,C1530,30,Male,Thailand,Chiang Mai,2023-03-10,VIP,Social Media,Electronics,1,49.89,25.0,2.99,Credit Card,Mobile,1.0,Delivered,,49.89,12.47,40.41,40.41,528,25-34,Low (<$50),2024-08,Monday,0,0
ORD100498,2024-06-12,C1144,25,Male,Cambodia,Phnom Penh,2022-05-13,New,Social Media,Home & Kitchen,5,143.03,0.0,0.0,Bank Transfer,Mobile,6.0,Delivered,4.0,715.15,0.0,715.15,715.15,761,25-34,Premium (>$400),2024-06,Wednesday,0,1
ORD101276,2024-12-13,C1207,21,Female,Indonesia,Jakarta,2022-03-15,New,Organic Search,Electronics,2,199.45,0.0,0.0,E-Wallet,Tablet,4.0,Delivered,3.0,398.9,0.0,398.9,398.9,1004,18-24,High ($150-400),2024-12,Friday,0,1
ORD101325,2024-12-20,C1247,54,Male,Vietnam,Hanoi,2024-02-14,VIP,Organic Search,Beauty,2,43.79,10.0,9.99,Credit Card,Mobile,10.0,Delivered,,87.58,8.76,88.81,88.81,310,45-54,Medium ($50-150),2024-12,Friday,0,0
ORD100011,2024-01-06,C1355,37,Female,Indonesia,Bandung,2022-08-08,New,Paid Ads,Electronics,1,70.91,0.0,4.99,Credit Card,Desktop,6.0,Delivered,,70.91,0.0,75.9,75.9,516,35-44,Medium ($50-150),2024-01,Saturday,0,0
ORD100396,2024-05-19,C1493,39,Female,Vietnam,Ho Chi Minh City,2022-03-16,VIP,Organic Search,Home & Kitchen,1,56.83,5.0,2.99,Credit Card,Mobile,9.0,Delivered,4.0,56.83,2.84,56.98,56.98,795,35-44,Medium ($50-150),2024-05,Sunday,0,1
ORD100284,2024-04-20,C1215,45,Male,Singapore,Singapore,2023-03-12,New,Social Media,Electronics,3,190.61,10.0,0.0,Cash on Delivery,Desktop,1.0,Delivered,,571.83,57.18,514.65,514.65,405,45-54,Premium (>$400),2024-04,Saturday,0,0
ORD101066,2024-11-05,C1559,24,Male,Vietnam,Hanoi,2022-05-08,Regular,Email,Fashion,1,14.58,25.0,2.99,E-Wallet,Desktop,5.0,Returned,3.0,14.58,3.64,13.93,0.0,912,18-24,Low (<$50),2024-11,Tuesday,1,1
ORD101783,2025-05-07,C1226,62,Male,Cambodia,Siem Reap,2023-05-22,Regular,Organic Search,Fashion,1,54.06,30.0,9.99,Credit Card,Mobile,11.0,Delivered,4.0,54.06,16.22,47.83,47.83,716,55+,Low (<$50),2025-05,Wednesday,0,1
ORD100690,2024-08-04,C1664,33,Male,Philippines,Manila,2023-12-26,VIP,Social Media,Fashion,2,57.17,0.0,4.99,Credit Card,Desktop,8.0,Delivered,3.0,114.34,0.0,119.33,119.33,222,25-34,Medium ($50-150),2024-08,Sunday,0,1
ORD101665,2025-03-31,C1369,43,Female,Cambodia,Battambang,2023-03-31,VIP,Organic Search,Home & Kitchen,1,101.15,10.0,4.99,PayPal,Desktop,3.0,Returned,3.0,101.15,10.12,96.02,0.0,731,35-44,Medium ($50-150),2025-03,Monday,1,1
ORD101919,2025-06-09,C1635,31,Female,Malaysia,Johor Bahru,2023-07-27,Regular,Paid Ads,Fashion,1,57.93,15.0,2.99,Bank Transfer,Mobile,7.0,Delivered,,57.93,8.69,52.23,52.23,683,25-34,Medium ($50-150),2025-06,Monday,0,0
ORD100689,2024-08-03,C1126,50,Male,Singapore,Singapore,2024-05-24,Regular,Social Media,Fashion,1,55.95,5.0,2.99,E-Wallet,Mobile,8.0,Delivered,4.0,55.95,2.8,56.14,56.14,71,45-54,Medium ($50-150),2024-08,Saturday,0,1
ORD100159,2024-03-11,C1569,36,Female,Cambodia,Siem Reap,2022-11-19,VIP,Organic Search,Fashion,5,96.62,0.0,0.0,Cash on Delivery,Mobile,2.0,Delivered,,483.1,0.0,483.1,483.1,478,35-44,Premium (>$400),2024-03,Monday,0,0
ORD100895,2024-09-20,C1133,32,Female,Vietnam,Hanoi,2024-09-19,New,Organic Search,Toys,4,53.64,20.0,0.0,Bank Transfer,Desktop,5.0,Delivered,4.0,214.56,42.91,171.65,171.65,1,25-34,High ($150-400),2024-09,Friday,0,1
ORD101608,2025-03-13,C1552,37,Female,Vietnam,Da Nang,2023-08-20,VIP,Paid Ads,Electronics,1,134.36,20.0,0.0,Credit Card,Mobile,8.0,Delivered,3.0,134.36,26.87,107.49,107.49,571,35-44,Medium ($50-150),2025-03,Thursday,0,1
ORD100257,2024-04-13,C1826,34,Male,Cambodia,Phnom Penh,2023-08-24,Regular,Paid Ads,Home & Kitchen,1,51.45,10.0,4.99,Credit Card,Mobile,8.0,Returned,2.0,51.45,5.14,51.3,0.0,233,25-34,Medium ($50-150),2024-04,Saturday,1,1
ORD100335,2024-05-04,C1108,43,Male,Philippines,Davao,2022-06-05,VIP,Referral,Electronics,1,21.33,0.0,2.99,Credit Card,Mobile,4.0,Delivered,5.0,21.33,0.0,24.32,24.32,699,35-44,Low (<$50),2024-05,Saturday,0,1
ORD101923,2025-06-10,C1769,52,Female,Cambodia,Sihanoukville,2023-03-30,Regular,Organic Search,Books,1,11.54,0.0,9.99,Credit Card,Desktop,8.0,Returned,2.0,11.54,0.0,21.53,0.0,803,45-54,Low (<$50),2025-06,Tuesday,1,1
ORD101039,2024-11-01,C1808,30,Male,Cambodia,Battambang,2023-02-07,New,Paid Ads,Home & Kitchen,3,79.96,0.0,0.0,Credit Card,Mobile,3.0,Delivered,,239.88,0.0,239.88,239.88,633,25-34,High ($150-400),2024-11,Friday,0,0
ORD100515,2024-06-16,C1816,34,Male,Malaysia,Kuala Lumpur,2023-12-28,VIP,Paid Ads,Home & Kitchen,1,109.89,10.0,9.99,Cash on Delivery,Desktop,1.0,Delivered,3.0,109.89,10.99,108.89,108.89,171,25-34,Medium ($50-150),2024-06,Sunday,0,1
ORD101348,2024-12-24,C1650,54,Male,Thailand,Chiang Mai,2024-01-28,VIP,Social Media,Sports,3,102.98,25.0,0.0,Credit Card,Mobile,2.0,Delivered,,308.94,77.24,231.7,231.7,331,45-54,High ($150-400),2024-12,Tuesday,0,0
ORD101015,2024-10-25,C1570,18,Female,Thailand,Chiang Mai,2022-08-14,Regular,Organic Search,Electronics,2,295.19,5.0,0.0,Bank Transfer,Mobile,11.0,Delivered,2.0,590.38,29.52,560.86,560.86,803,18-24,Premium (>$400),2024-10,Friday,0,1
ORD100768,2024-08-20,C1374,40,Male,Thailand,Bangkok,2022-10-02,VIP,Social Media,Electronics,1,127.07,30.0,0.0,Bank Transfer,Mobile,9.0,Delivered,,127.07,38.12,88.95,88.95,688,35-44,Medium ($50-150),2024-08,Tuesday,0,0
ORD101785,2025-05-07,C1646,41,Female,Indonesia,Jakarta,2023-12-18,New,Paid Ads,Fashion,1,28.23,15.0,9.99,Cash on Delivery,Mobile,4.0,Delivered,4.0,28.23,4.23,33.99,33.99,506,35-44,Low (<$50),2025-05,Wednesday,0,1
ORD100761,2024-08-20,C1135,23,Female,Vietnam,Da Nang,2024-05-06,Regular,Paid Ads,Beauty,1,27.98,30.0,9.99,E-Wallet,Mobile,7.0,Delivered,,27.98,8.39,29.58,29.58,106,18-24,Low (<$50),2024-08,Tuesday,0,0
ORD101246,2024-12-08,C1111,37,Female,Vietnam,Hanoi,2024-04-01,New,Referral,Fashion,1,62.98,10.0,4.99,Credit Card,Mobile,8.0,Returned,,62.98,6.3,61.67,0.0,251,35-44,Medium ($50-150),2024-12,Sunday,1,0
ORD101203,2024-11-28,C1709,41,Female,Cambodia,Battambang,2022-08-11,New,Email,Books,3,19.16,20.0,2.99,Credit Card,Desktop,4.0,Delivered,4.0,57.48,11.5,48.97,48.97,840,35-44,Low (<$50),2024-11,Thursday,0,1
ORD100521,2024-06-18,C1203,41,Female,Cambodia,Sihanoukville,2023-05-16,VIP,Organic Search,Sports,3,92.42,5.0,0.0,E-Wallet,Desktop,1.0,Delivered,5.0,277.26,13.86,263.4,263.4,399,35-44,High ($150-400),2024-06,Tuesday,0,1
ORD100022,2024-01-12,C1378,52,Female,Thailand,Chiang Mai,2022-11-12,Regular,Social Media,Sports,2,61.94,10.0,0.0,Credit Card,Desktop,10.0,Delivered,3.0,123.88,12.39,111.49,111.49,426,45-54,Medium ($50-150),2024-01,Friday,0,1
ORD100356,2024-05-08,C1316,35,Female,Vietnam,Hanoi,2023-05-23,VIP,Paid Ads,Toys,2,7.81,0.0,2.99,Bank Transfer,Mobile,5.0,Delivered,,15.62,0.0,18.61,18.61,351,35-44,Low (<$50),2024-05,Wednesday,0,0
ORD101277,2024-12-13,C1384,18,Male,Cambodia,Battambang,2023-04-25,VIP,Organic Search,Electronics,1,7.01,0.0,6.99,E-Wallet,Desktop,,Cancelled,,7.01,0.0,14.0,0.0,598,18-24,Low (<$50),2024-12,Friday,0,0
ORD101312,2024-12-17,C1805,46,Female,Cambodia,Sihanoukville,2024-04-20,VIP,Paid Ads,Electronics,1,376.41,25.0,0.0,Credit Card,Tablet,5.0,Delivered,5.0,376.41,94.1,282.31,282.31,241,45-54,High ($150-400),2024-12,Tuesday,0,1
ORD101719,2025-04-17,C1690,37,Male,Singapore,Singapore,2022-08-16,Regular,Organic Search,Books,1,9.52,10.0,4.99,Cash on Delivery,Desktop,7.0,Delivered,3.0,9.52,0.95,13.56,13.56,975,35-44,Low (<$50),2025-04,Thursday,0,1
ORD100340,2024-05-05,C1569,36,Female,Cambodia,Siem Reap,2022-11-19,VIP,Organic Search,Fashion,3,35.05,15.0,6.99,Bank Transfer,Mobile,,Cancelled,,105.15,15.77,96.37,0.0,533,35-44,Medium ($50-150),2024-05,Sunday,0,0
ORD100431,2024-05-28,C1401,36,Male,Vietnam,Da Nang,2022-03-21,VIP,Social Media,Books,1,28.66,25.0,4.99,Cash on Delivery,Mobile,2.0,Delivered,,28.66,7.16,26.49,26.49,799,35-44,Low (<$50),2024-05,Tuesday,0,0
ORD100473,2024-06-08,C1586,21,Male,Cambodia,Siem Reap,2024-06-07,VIP,Email,Beauty,2,28.72,5.0,9.99,E-Wallet,Tablet,8.0,Delivered,,57.44,2.87,64.56,64.56,1,18-24,Medium ($50-150),2024-06,Saturday,0,0
ORD100217,2024-03-31,C1295,36,Female,Cambodia,Sihanoukville,2022-07-14,VIP,Paid Ads,Books,1,10.76,0.0,9.99,Credit Card,Desktop,11.0,Delivered,,10.76,0.0,20.75,20.75,626,35-44,Low (<$50),2024-03,Sunday,0,0
ORD100911,2024-09-24,C1350,38,Male,Vietnam,Ho Chi Minh City,2022-11-05,Regular,Email,Sports,1,62.5,5.0,2.99,Credit Card,Mobile,7.0,Delivered,,62.5,3.12,62.37,62.37,689,35-44,Medium ($50-150),2024-09,Tuesday,0,0
ORD101227,2024-12-04,C1700,46,Male,Thailand,Chiang Mai,2022-08-25,VIP,Organic Search,Beauty,3,9.12,0.0,4.99,E-Wallet,Mobile,10.0,Delivered,4.0,27.36,0.0,32.35,32.35,832,45-54,Low (<$50),2024-12,Wednesday,0,1
ORD101629,2025-03-20,C1707,40,Male,Philippines,Cebu,2023-11-04,Regular,Organic Search,Electronics,1,390.64,0.0,0.0,E-Wallet,Desktop,5.0,Delivered,3.0,390.64,0.0,390.64,390.64,502,35-44,High ($150-400),2025-03,Thursday,0,1
ORD101011,2024-10-23,C1051,41,Male,Cambodia,Battambang,2022-06-01,Regular,Organic Search,Fashion,3,20.15,0.0,4.99,Credit Card,Tablet,3.0,Returned,4.0,60.45,0.0,65.44,0.0,875,35-44,Medium ($50-150),2024-10,Wednesday,1,1
ORD101994,2025-06-29,C1252,53,Female,Singapore,Singapore,2024-07-05,New,Organic Search,Home & Kitchen,1,104.59,10.0,2.99,Credit Card,Mobile,11.0,Delivered,4.0,104.59,10.46,97.12,97.12,359,45-54,Medium ($50-150),2025-06,Sunday,0,1
ORD100093,2024-02-08,C1523,32,Female,Philippines,Davao,2023-02-03,VIP,Email,Beauty,2,22.98,0.0,4.99,E-Wallet,Mobile,9.0,Delivered,3.0,45.96,0.0,50.95,50.95,370,25-34,Medium ($50-150),2024-02,Thursday,0,1
ORD101008,2024-10-22,C1126,50,Male,Singapore,Singapore,2024-05-24,Regular,Social Media,Home & Kitchen,1,9.95,20.0,6.99,Credit Card,Mobile,4.0,Delivered,4.0,9.95,1.99,14.95,14.95,151,45-54,Low (<$50),2024-10,Tuesday,0,1
ORD101070,2024-11-06,C1122,36,Male,Cambodia,Phnom Penh,2024-03-21,VIP,Referral,Books,1,11.47,20.0,6.99,Cash on Delivery,Desktop,1.0,Delivered,4.0,11.47,2.29,16.17,16.17,230,35-44,Low (<$50),2024-11,Wednesday,0,1
ORD101092,2024-11-08,C1801,22,Female,Cambodia,Sihanoukville,2023-10-16,New,Organic Search,Beauty,1,32.74,0.0,9.99,Credit Card,Mobile,7.0,Delivered,,32.74,0.0,42.73,42.73,389,18-24,Low (<$50),2024-11,Friday,0,0
ORD101618,2025-03-15,C1007,31,Male,Malaysia,Penang,2022-04-16,VIP,Paid Ads,Beauty,1,14.36,0.0,9.99,E-Wallet,Mobile,6.0,Delivered,,14.36,0.0,24.35,24.35,1064,25-34,Low (<$50),2025-03,Saturday,0,0
ORD101308,2024-12-17,C1210,44,Male,Thailand,Bangkok,2024-03-04,VIP,Organic Search,Electronics,4,340.52,0.0,0.0,E-Wallet,Mobile,7.0,Delivered,3.0,1362.08,0.0,1362.08,1362.08,288,35-44,Premium (>$400),2024-12,Tuesday,0,1
ORD100696,2024-08-06,C1586,21,Male,Cambodia,Siem Reap,2024-06-07,VIP,Email,Fashion,3,36.19,0.0,2.99,E-Wallet,Desktop,10.0,Returned,3.0,108.57,0.0,111.56,0.0,60,18-24,Medium ($50-150),2024-08,Tuesday,1,1
ORD101834,2025-05-21,C1641,42,Male,Vietnam,Ho Chi Minh City,2024-04-29,Regular,Social Media,Electronics,3,356.74,0.0,0.0,E-Wallet,Mobile,10.0,Delivered,,1070.22,0.0,1070.22,1070.22,387,35-44,Premium (>$400),2025-05,Wednesday,0,0
ORD100996,2024-10-19,C1609,40,Female,Cambodia,Sihanoukville,2024-03-10,Regular,Organic Search,Home & Kitchen,2,36.37,15.0,9.99,E-Wallet,Desktop,7.0,Delivered,4.0,72.74,10.91,71.82,71.82,223,35-44,Medium ($50-150),2024-10,Saturday,0,1
ORD101458,2025-01-19,C1220,32,Female,Malaysia,Kuala Lumpur,2022-07-13,Regular,Organic Search,Electronics,2,129.51,0.0,0.0,E-Wallet,Tablet,6.0,Delivered,4.0,259.02,0.0,259.02,259.02,921,25-34,High ($150-400),2025-01,Sunday,0,1
ORD100153,2024-03-06,C1305,22,Female,Cambodia,Siem Reap,2023-02-10,New,Email,Toys,1,16.7,0.0,6.99,PayPal,Mobile,4.0,Returned,3.0,16.7,0.0,23.69,0.0,390,18-24,Low (<$50),2024-03,Wednesday,1,1
ORD101099,2024-11-09,C1322,47,Male,Cambodia,Siem Reap,2023-10-21,VIP,Organic Search,Beauty,1,56.55,5.0,4.99,E-Wallet,Desktop,2.0,Delivered,5.0,56.55,2.83,58.71,58.71,385,45-54,Medium ($50-150),2024-11,Saturday,0,1
ORD101755,2025-04-28,C1322,47,Male,Cambodia,Siem Reap,2023-10-21,VIP,Organic Search,Toys,1,36.86,20.0,2.99,PayPal,Mobile,10.0,Delivered,3.0,36.86,7.37,32.48,32.48,555,45-54,Low (<$50),2025-04,Monday,0,1
ORD100789,2024-08-26,C1595,29,Female,Thailand,Bangkok,2024-06-03,VIP,Social Media,Fashion,1,3.0,10.0,2.99,Credit Card,Desktop,9.0,Delivered,3.0,3.0,0.3,5.69,5.69,84,25-34,Low (<$50),2024-08,Monday,0,1
ORD100580,2024-07-05,C1768,20,Male,Vietnam,Ho Chi Minh City,2022-04-14,Regular,Social Media,Fashion,2,93.02,5.0,0.0,Credit Card,Desktop,8.0,Delivered,5.0,186.04,9.3,176.74,176.74,813,18-24,High ($150-400),2024-07,Friday,0,1
ORD101470,2025-01-24,C1700,46,Male,Thailand,Chiang Mai,2022-08-25,VIP,Organic Search,Electronics,2,39.91,10.0,9.99,Bank Transfer,Desktop,7.0,Delivered,4.0,79.82,7.98,81.83,81.83,883,45-54,Medium ($50-150),2025-01,Friday,0,1
ORD100703,2024-08-07,C1301,18,Male,Thailand,Chiang Mai,2023-04-20,New,Email,Beauty,4,33.94,0.0,0.0,Bank Transfer,Desktop,4.0,Delivered,5.0,135.76,0.0,135.76,135.76,475,18-24,Medium ($50-150),2024-08,Wednesday,0,1
ORD101212,2024-11-30,C1672,26,Female,Cambodia,Siem Reap,2022-02-23,VIP,Social Media,Sports,4,130.71,15.0,0.0,E-Wallet,Mobile,4.0,Returned,2.0,522.84,78.43,444.41,0.0,1011,25-34,Premium (>$400),2024-11,Saturday,1,1
ORD101702,2025-04-11,C1670,43,Female,Cambodia,Siem Reap,2024-05-08,VIP,Paid Ads,Home & Kitchen,1,3.0,5.0,9.99,Cash on Delivery,Mobile,7.0,Delivered,,3.0,0.15,12.84,12.84,338,35-44,Low (<$50),2025-04,Friday,0,0
ORD101260,2024-12-11,C1143,37,Female,Indonesia,Bandung,2023-02-13,Regular,Paid Ads,Electronics,3,338.93,15.0,0.0,Cash on Delivery,Mobile,3.0,Delivered,4.0,1016.79,152.52,864.27,864.27,667,35-44,Premium (>$400),2024-12,Wednesday,0,1
ORD100487,2024-06-09,C1819,21,Male,Vietnam,Ho Chi Minh City,2022-03-06,Regular,Paid Ads,Fashion,2,25.88,15.0,4.99,Credit Card,Desktop,11.0,Delivered,,51.76,7.76,48.99,48.99,826,18-24,Low (<$50),2024-06,Sunday,0,0
ORD100559,2024-06-30,C1125,38,Female,Thailand,Chiang Mai,2023-01-27,New,Email,Books,1,11.14,0.0,2.99,Cash on Delivery,Mobile,9.0,Delivered,3.0,11.14,0.0,14.13,14.13,520,35-44,Low (<$50),2024-06,Sunday,0,1
ORD101141,2024-11-17,C1072,24,Female,Cambodia,Phnom Penh,2022-01-01,VIP,Paid Ads,Toys,3,60.05,5.0,0.0,Credit Card,Desktop,6.0,Delivered,4.0,180.15,9.01,171.14,171.14,1051,18-24,High ($150-400),2024-11,Sunday,0,1
ORD101119,2024-11-14,C1792,40,Male,Cambodia,Siem Reap,2023-10-25,VIP,Organic Search,Home & Kitchen,2,37.55,0.0,6.99,E-Wallet,Tablet,7.0,Delivered,3.0,75.1,0.0,82.09,82.09,386,35-44,Medium ($50-150),2024-11,Thursday,0,1
ORD100801,2024-08-29,C1004,18,Female,Thailand,Bangkok,2022-08-06,Regular,Referral,Home & Kitchen,1,51.23,0.0,9.99,Cash on Delivery,Desktop,3.0,Delivered,5.0,51.23,0.0,61.22,61.22,754,18-24,Medium ($50-150),2024-08,Thursday,0,1
ORD100512,2024-06-16,C1260,31,Female,Singapore,Singapore,2024-01-16,Regular,Email,Home & Kitchen,1,15.1,0.0,2.99,E-Wallet,Desktop,5.0,Delivered,,15.1,0.0,18.09,18.09,152,25-34,Low (<$50),2024-06,Sunday,0,0
ORD100633,2024-07-19,C1248,66,Male,Vietnam,Da Nang,2023-02-15,Regular,Email,Electronics,1,87.05,10.0,6.99,Credit Card,Mobile,5.0,Delivered,4.0,87.05,8.7,85.34,85.34,520,55+,Medium ($50-150),2024-07,Friday,0,1
ORD101511,2025-02-07,C1359,32,Male,Thailand,Bangkok,2024-08-08,Regular,Organic Search,Electronics,1,345.79,5.0,0.0,Bank Transfer,Mobile,4.0,Delivered,3.0,345.79,17.29,328.5,328.5,183,25-34,High ($150-400),2025-02,Friday,0,1
ORD101828,2025-05-19,C1710,34,Female,Singapore,Singapore,2022-06-08,VIP,Social Media,Sports,4,64.09,10.0,0.0,E-Wallet,Desktop,4.0,Delivered,,256.36,25.64,230.72,230.72,1076,25-34,High ($150-400),2025-05,Monday,0,0
ORD101578,2025-03-03,C1687,50,Male,Vietnam,Hanoi,2023-10-20,VIP,Email,Electronics,1,302.09,15.0,0.0,Credit Card,Mobile,9.0,Delivered,,302.09,45.31,256.78,256.78,500,45-54,High ($150-400),2025-03,Monday,0,0
ORD101150,2024-11-20,C1687,50,Male,Vietnam,Hanoi,2023-10-20,VIP,Email,Sports,1,90.94,0.0,9.99,Credit Card,Mobile,11.0,Delivered,,90.94,0.0,100.93,100.93,397,45-54,Medium ($50-150),2024-11,Wednesday,0,0
ORD100790,2024-08-26,C1494,34,Female,Singapore,Singapore,2024-03-16,VIP,Referral,Beauty,2,31.48,15.0,9.99,Bank Transfer,Mobile,4.0,Delivered,3.0,62.96,9.44,63.51,63.51,163,25-34,Medium ($50-150),2024-08,Monday,0,1
ORD100116,2024-02-16,C1457,25,Female,Vietnam,Da Nang,2022-06-26,Regular,Organic Search,Home & Kitchen,1,11.4,15.0,2.99,Cash on Delivery,Mobile,8.0,Delivered,,11.4,1.71,12.68,12.68,600,25-34,Low (<$50),2024-02,Friday,0,0
ORD101497,2025-02-02,C1787,32,Female,Vietnam,Ho Chi Minh City,2023-07-20,Regular,Email,Home & Kitchen,1,83.58,20.0,2.99,Cash on Delivery,Mobile,8.0,Delivered,3.0,83.58,16.72,69.85,69.85,563,25-34,Medium ($50-150),2025-02,Sunday,0,1
ORD100740,2024-08-16,C1581,21,Male,Thailand,Bangkok,2022-02-27,VIP,Paid Ads,Fashion,1,101.06,0.0,4.99,Credit Card,Mobile,,Cancelled,,101.06,0.0,106.05,0.0,901,18-24,Medium ($50-150),2024-08,Friday,0,0
ORD101727,2025-04-20,C1391,35,Male,Philippines,Davao,2022-06-07,New,Organic Search,Home & Kitchen,1,35.82,5.0,6.99,E-Wallet,Desktop,1.0,Delivered,5.0,35.82,1.79,41.02,41.02,1048,35-44,Low (<$50),2025-04,Sunday,0,1
ORD101081,2024-11-07,C1650,54,Male,Thailand,Chiang Mai,2024-01-28,VIP,Social Media,Home & Kitchen,3,56.86,15.0,0.0,Credit Card,Mobile,4.0,Delivered,5.0,170.58,25.59,144.99,144.99,284,45-54,Medium ($50-150),2024-11,Thursday,0,1
ORD100830,2024-09-05,C1364,33,Female,Indonesia,Bandung,2024-01-20,Regular,Paid Ads,Fashion,1,38.22,0.0,2.99,Bank Transfer,Mobile,5.0,Delivered,4.0,38.22,0.0,41.21,41.21,229,25-34,Low (<$50),2024-09,Thursday,0,1
ORD100119,2024-02-17,C1388,37,Female,Singapore,Singapore,2024-01-29,New,Email,Sports,1,68.96,0.0,6.99,Bank Transfer,Desktop,6.0,Returned,2.0,68.96,0.0,75.95,0.0,19,35-44,Medium ($50-150),2024-02,Saturday,1,1
ORD100656,2024-07-27,C1816,30,Male,Malaysia,Kuala Lumpur,2023-12-28,VIP,Paid Ads,Fashion,3,57.56,25.0,0.0,Credit Card,Mobile,11.0,Returned,2.0,172.68,43.17,129.51,0.0,212,25-34,Medium ($50-150),2024-07,Saturday,1,1
ORD101951,2025-06-16,C1723,18,Male,Indonesia,Surabaya,2022-01-20,VIP,Social Media,Home & Kitchen,1,129.77,25.0,0.0,Credit Card,Mobile,10.0,Returned,,129.77,32.44,97.33,0.0,1243,18-24,Medium ($50-150),2025-06,Monday,1,0
ORD100635,2024-07-20,C1444,30,Male,Cambodia,Phnom Penh,2023-02-18,VIP,Email,Sports,1,160.88,0.0,0.0,Bank Transfer,Mobile,2.0,Delivered,,160.88,0.0,160.88,160.88,518,25-34,High ($150-400),2024-07,Saturday,0,0
ORD100369,2024-05-11,C1424,24,Female,Thailand,Bangkok,2023-05-16,New,Organic Search,Sports,1,67.26,30.0,4.99,E-Wallet,Mobile,10.0,Delivered,3.0,67.26,20.18,52.07,52.07,361,18-24,Medium ($50-150),2024-05,Saturday,0,1
ORD100268,2024-04-16,C1732,40,Female,Vietnam,Da Nang,2022-03-12,VIP,Paid Ads,Sports,1,14.91,5.0,2.99,Credit Card,Desktop,,Cancelled,,14.91,0.75,17.15,0.0,766,35-44,Low (<$50),2024-04,Tuesday,0,0
ORD100655,2024-07-27,C1275,38,Male,Singapore,Singapore,2023-01-01,VIP,Paid Ads,Sports,3,19.78,0.0,9.99,Cash on Delivery,Mobile,5.0,Delivered,5.0,59.34,0.0,69.33,69.33,573,35-44,Medium ($50-150),2024-07,Saturday,0,1
ORD100935,2024-10-02,C1607,39,Female,Philippines,Cebu,2023-04-01,New,Organic Search,Books,3,15.36,25.0,2.99,Credit Card,Mobile,2.0,Delivered,4.0,46.08,11.52,37.55,37.55,550,35-44,Low (<$50),2024-10,Wednesday,0,1
ORD100822,2024-09-03,C1210,34,Male,Thailand,Bangkok,2024-03-04,VIP,Organic Search,Electronics,1,147.66,15.0,0.0,Cash on Delivery,Tablet,6.0,Delivered,3.0,147.66,22.15,125.51,125.51,183,25-34,Medium ($50-150),2024-09,Tuesday,0,1
ORD100866,2024-09-14,C1103,42,Male,Vietnam,Ho Chi Minh City,2022-04-21,Regular,Social Media,Fashion,1,97.43,0.0,2.99,Credit Card,Tablet,3.0,Delivered,3.0,97.43,0.0,100.42,100.42,877,35-44,Medium ($50-150),2024-09,Saturday,0,1
ORD100046,2024-01-19,C1120,23,Male,Thailand,Chiang Mai,2023-02-13,Regular,Referral,Toys,4,73.85,20.0,0.0,Credit Card,Tablet,1.0,Delivered,5.0,295.4,59.08,236.32,236.32,340,18-24,High ($150-400),2024-01,Friday,0,1
ORD101373,2024-12-28,C1039,41,Male,Cambodia,Battambang,2023-09-27,Regular,Organic Search,Home & Kitchen,5,153.48,0.0,0.0,E-Wallet,Mobile,3.0,Delivered,,767.4,0.0,767.4,767.4,458,35-44,Premium (>$400),2024-12,Saturday,0,0
ORD101745,2025-04-26,C1776,22,Male,Cambodia,Sihanoukville,2022-12-22,Regular,Referral,Home & Kitchen,1,89.48,20.0,9.99,E-Wallet,Mobile,9.0,Delivered,4.0,89.48,17.9,81.57,81.57,856,18-24,Medium ($50-150),2025-04,Saturday,0,1
ORD100991,2024-10-18,C1391,35,Male,Philippines,Davao,2022-06-07,New,Organic Search,Books,2,8.19,15.0,6.99,Cash on Delivery,Mobile,3.0,Delivered,5.0,16.38,2.46,20.91,20.91,864,35-44,Low (<$50),2024-10,Friday,0,1
ORD100876,2024-09-17,C1304,33,Female,Cambodia,Battambang,2024-09-16,Regular,Social Media,Home & Kitchen,1,3.0,10.0,9.99,Cash on Delivery,Mobile,10.0,Delivered,,3.0,0.3,12.69,12.69,1,25-34,Low (<$50),2024-09,Tuesday,0,0
ORD100773,2024-08-23,C1436,28,Female,Malaysia,Kuala Lumpur,2023-12-06,Regular,Organic Search,Fashion,2,18.42,5.0,2.99,Bank Transfer,Mobile,2.0,Delivered,,36.84,1.84,37.99,37.99,261,25-34,Low (<$50),2024-08,Friday,0,0
ORD101219,2024-12-02,C1394,42,Female,Singapore,Singapore,2022-02-16,New,Social Media,Beauty,1,51.05,5.0,6.99,E-Wallet,Mobile,2.0,Delivered,5.0,51.05,2.55,55.49,55.49,1020,35-44,Medium ($50-150),2024-12,Monday,0,1
ORD100004,2024-01-02,C1107,30,Female,Vietnam,Da Nang,2023-03-27,New,Organic Search,Toys,1,11.07,0.0,9.99,E-Wallet,Desktop,1.0,Delivered,5.0,11.07,0.0,21.06,21.06,281,25-34,Low (<$50),2024-01,Tuesday,0,1
ORD101003,2024-10-21,C1821,50,Male,Cambodia,Sihanoukville,2024-05-06,VIP,Referral,Toys,2,30.5,5.0,6.99,Cash on Delivery,Desktop,4.0,Delivered,4.0,61.0,3.05,64.94,64.94,168,45-54,Medium ($50-150),2024-10,Monday,0,1
ORD101761,2025-04-29,C1398,40,Male,Vietnam,Hanoi,2024-03-25,Regular,Email,Sports,2,33.12,0.0,4.99,Bank Transfer,Mobile,11.0,Returned,3.0,66.24,0.0,71.23,0.0,400,35-44,Medium ($50-150),2025-04,Tuesday,1,1
ORD100263,2024-04-15,C1685,29,Female,Cambodia,Battambang,2024-03-11,New,Referral,Fashion,1,80.76,0.0,6.99,PayPal,Desktop,3.0,Delivered,5.0,80.76,0.0,87.75,87.75,35,25-34,Medium ($50-150),2024-04,Monday,0,1
ORD101602,2025-03-09,C1348,18,Female,Philippines,Davao,2023-10-18,Regular,Paid Ads,Fashion,2,3.0,0.0,6.99,Credit Card,Mobile,7.0,Returned,,6.0,0.0,12.99,0.0,508,18-24,Low (<$50),2025-03,Sunday,1,0
ORD101872,2025-05-31,C1035,46,Female,Vietnam,Ho Chi Minh City,2024-07-10,VIP,Organic Search,Sports,2,125.53,25.0,0.0,Credit Card,Mobile,3.0,Delivered,4.0,251.06,62.76,188.3,188.3,325,45-54,High ($150-400),2025-05,Saturday,0,1
ORD100443,2024-05-30,C1636,32,Female,Cambodia,Siem Reap,2024-05-29,VIP,Organic Search,Sports,1,52.47,15.0,4.99,Credit Card,Desktop,8.0,Delivered,,52.47,7.87,49.59,49.59,1,25-34,Low (<$50),2024-05,Thursday,0,0
ORD101002,2024-10-20,C1360,32,Female,Cambodia,Phnom Penh,2024-05-18,Regular,Social Media,Electronics,1,3.0,5.0,4.99,E-Wallet,Mobile,5.0,Delivered,4.0,3.0,0.15,7.84,7.84,155,25-34,Low (<$50),2024-10,Sunday,0,1
ORD101077,2024-11-07,C1579,38,Male,Singapore,Singapore,2022-07-20,Regular,Referral,Fashion,1,45.31,0.0,6.99,PayPal,Mobile,2.0,Returned,3.0,45.31,0.0,52.3,0.0,841,35-44,Medium ($50-150),2024-11,Thursday,1,1
ORD100837,2024-09-06,C1183,46,Male,Cambodia,Sihanoukville,2022-06-18,VIP,Social Media,Fashion,1,61.02,15.0,4.99,Cash on Delivery,Desktop,3.0,Delivered,,61.02,9.15,56.86,56.86,811,45-54,Medium ($50-150),2024-09,Friday,0,0
ORD101831,2025-05-20,C1365,50,Female,Cambodia,Sihanoukville,2022-12-17,Regular,Email,Sports,1,3.0,10.0,4.99,Credit Card,Mobile,4.0,Delivered,5.0,3.0,0.3,7.69,7.69,885,45-54,Low (<$50),2025-05,Tuesday,0,1
ORD100304,2024-04-25,C1090,41,Female,Cambodia,Sihanoukville,2024-04-24,VIP,Paid Ads,Beauty,3,27.71,0.0,6.99,Credit Card,Mobile,10.0,Delivered,4.0,83.13,0.0,90.12,90.12,1,35-44,Medium ($50-150),2024-04,Thursday,0,1
ORD101365,2024-12-27,C1127,21,Female,Singapore,Singapore,2023-11-25,Regular,Social Media,Sports,1,41.73,25.0,6.99,Cash on Delivery,Mobile,4.0,Delivered,5.0,41.73,10.43,38.29,38.29,398,18-24,Low (<$50),2024-12,Friday,0,1
ORD101991,2025-06-27,C1129,24,Female,Vietnam,Ho Chi Minh City,2023-11-17,Regular,Email,Beauty,2,36.31,15.0,2.99,Credit Card,Mobile,6.0,Delivered,2.0,72.62,10.89,64.72,64.72,588,18-24,Medium ($50-150),2025-06,Friday,0,1
ORD100313,2024-04-28,C1290,31,Male,Indonesia,Surabaya,2022-07-16,Regular,Social Media,Fashion,1,41.47,0.0,6.99,Credit Card,Tablet,3.0,Delivered,5.0,41.47,0.0,48.46,48.46,652,25-34,Low (<$50),2024-04,Sunday,0,1
ORD100149,2024-03-03,C1451,38,Male,Thailand,Bangkok,2022-04-10,VIP,Organic Search,Electronics,1,205.68,10.0,0.0,Credit Card,Tablet,2.0,Delivered,5.0,205.68,20.57,185.11,185.11,693,35-44,High ($150-400),2024-03,Sunday,0,1
ORD101148,2024-11-19,C1057,50,Male,Malaysia,Johor Bahru,2023-12-05,Regular,Organic Search,Sports,1,104.91,0.0,9.99,Credit Card,Mobile,8.0,Returned,2.0,104.91,0.0,114.9,0.0,350,45-54,Medium ($50-150),2024-11,Tuesday,1,1
ORD101213,2024-12-01,C1397,37,Female,Cambodia,Phnom Penh,2023-04-18,VIP,Social Media,Toys,2,20.36,15.0,2.99,E-Wallet,Desktop,5.0,Returned,,40.72,6.11,37.6,0.0,593,35-44,Low (<$50),2024-12,Sunday,1,0
ORD100574,2024-07-03,C1393,39,Male,Singapore,Singapore,2023-03-09,New,Organic Search,Fashion,5,96.16,20.0,0.0,E-Wallet,Desktop,6.0,Returned,2.0,480.8,96.16,384.64,0.0,482,35-44,High ($150-400),2024-07,Wednesday,1,1
ORD100050,2024-01-21,C1189,52,Male,Cambodia,Phnom Penh,2023-04-24,Regular,Email,Electronics,3,312.97,10.0,0.0,Bank Transfer,Mobile,10.0,Returned,3.0,938.91,93.89,845.02,0.0,272,45-54,Premium (>$400),2024-01,Sunday,1,1
ORD101958,2025-06-18,C1047,36,Male,Philippines,Davao,2022-06-28,VIP,Organic Search,Toys,3,29.31,30.0,4.99,E-Wallet,Mobile,4.0,Delivered,,87.93,26.38,66.54,66.54,1086,35-44,Medium ($50-150),2025-06,Wednesday,0,0
ORD100726,2024-08-12,C1713,34,Male,Singapore,Singapore,2022-03-06,Regular,Referral,Beauty,2,28.81,20.0,6.99,E-Wallet,Mobile,8.0,Delivered,,57.62,11.52,53.09,53.09,890,25-34,Medium ($50-150),2024-08,Monday,0,0
ORD100833,2024-09-05,C1177,34,Female,Thailand,Phuket,2023-03-06,Regular,Email,Sports,2,20.11,5.0,6.99,Bank Transfer,Mobile,2.0,Delivered,,40.22,2.01,45.2,45.2,549,25-34,Low (<$50),2024-09,Thursday,0,0
ORD101377,2024-12-28,C1280,39,Female,Thailand,Bangkok,2022-02-06,New,Organic Search,Home & Kitchen,1,98.46,25.0,9.99,E-Wallet,Desktop,6.0,Delivered,,98.46,24.62,83.83,83.83,1056,35-44,Medium ($50-150),2024-12,Saturday,0,0
ORD101115,2024-11-13,C1083,30,Male,Cambodia,Siem Reap,2022-07-12,Regular,Social Media,Sports,3,14.64,5.0,2.99,PayPal,Mobile,8.0,Delivered,4.0,43.92,2.2,44.71,44.71,855,25-34,Low (<$50),2024-11,Wednesday,0,1
ORD101166,2024-11-23,C1478,34,Male,Cambodia,Siem Reap,2023-01-30,VIP,Paid Ads,Home & Kitchen,1,94.64,15.0,6.99,Bank Transfer,Mobile,8.0,Delivered,,94.64,14.2,87.43,87.43,663,25-34,Medium ($50-150),2024-11,Saturday,0,0
ORD100470,2024-06-07,C1628,23,Male,Cambodia,Battambang,2023-02-12,New,Social Media,Toys,2,36.14,15.0,4.99,Cash on Delivery,Mobile,3.0,Delivered,2.0,72.28,10.84,66.43,66.43,481,18-24,Medium ($50-150),2024-06,Friday,0,1
ORD100971,2024-10-13,C1225,37,Male,Vietnam,Ho Chi Minh City,2022-02-27,Regular,Social Media,Home & Kitchen,1,139.4,0.0,0.0,Credit Card,Desktop,5.0,Delivered,4.0,139.4,0.0,139.4,139.4,959,35-44,Medium ($50-150),2024-10,Sunday,0,1
ORD100653,2024-07-26,C1515,38,Female,Cambodia,Phnom Penh,2024-07-25,New,Social Media,Toys,2,41.26,0.0,6.99,Cash on Delivery,Mobile,10.0,Delivered,3.0,82.52,0.0,89.51,89.51,1,35-44,Medium ($50-150),2024-07,Friday,0,1
ORD100399,2024-05-19,C1724,24,Female,Vietnam,Ho Chi Minh City,2022-11-15,New,Social Media,Fashion,1,6.47,15.0,9.99,Credit Card,Mobile,10.0,Delivered,3.0,6.47,0.97,15.49,15.49,551,18-24,Low (<$50),2024-05,Sunday,0,1
ORD100511,2024-06-15,C1361,38,Male,Malaysia,Johor Bahru,2022-06-12,Regular,Social Media,Sports,1,45.88,0.0,6.99,Credit Card,Tablet,11.0,Delivered,2.0,45.88,0.0,52.87,52.87,734,35-44,Medium ($50-150),2024-06,Saturday,0,1
ORD100320,2024-04-30,C1042,27,Male,Thailand,Chiang Mai,2024-04-29,Regular,Referral,Toys,2,17.25,5.0,2.99,Cash on Delivery,Mobile,4.0,Delivered,3.0,34.5,1.72,35.77,35.77,1,25-34,Low (<$50),2024-04,Tuesday,0,1
ORD100684,2024-08-02,C1538,18,Male,Vietnam,Ho Chi Minh City,2023-06-04,Regular,Organic Search,Electronics,2,237.93,5.0,0.0,E-Wallet,Desktop,9.0,Delivered,,475.86,23.79,452.07,452.07,425,18-24,Premium (>$400),2024-08,Friday,0,0
ORD100035,2024-01-16,C1134,18,Male,Thailand,Bangkok,2022-02-04,Regular,Organic Search,Electronics,1,243.97,0.0,0.0,Credit Card,Mobile,8.0,Delivered,,243.97,0.0,243.97,243.97,711,18-24,High ($150-400),2024-01,Tuesday,0,0
ORD100902,2024-09-22,C1354,46,Female,Vietnam,Hanoi,2024-07-05,Regular,Referral,Books,1,16.07,0.0,2.99,Credit Card,Desktop,6.0,Delivered,,16.07,0.0,19.06,19.06,79,45-54,Low (<$50),2024-09,Sunday,0,0
ORD101818,2025-05-15,C1669,18,Female,Cambodia,Battambang,2023-02-03,VIP,Email,Electronics,1,20.06,5.0,2.99,Cash on Delivery,Desktop,3.0,Delivered,3.0,20.06,1.0,22.05,22.05,832,18-24,Low (<$50),2025-05,Thursday,0,1
ORD100827,2024-09-04,C1533,39,Female,Cambodia,Sihanoukville,2023-06-06,Regular,Email,Fashion,2,20.45,0.0,9.99,E-Wallet,Desktop,2.0,Delivered,,40.9,0.0,50.89,50.89,456,35-44,Medium ($50-150),2024-09,Wednesday,0,0
ORD101838,2025-05-22,C1518,44,Male,Thailand,Bangkok,2023-10-25,VIP,Paid Ads,Sports,2,78.07,0.0,0.0,E-Wallet,Mobile,10.0,Delivered,4.0,156.14,0.0,156.14,156.14,575,35-44,High ($150-400),2025-05,Thursday,0,1
ORD100407,2024-05-22,C1010,44,Male,Singapore,Singapore,2024-05-14,New,Paid Ads,Fashion,1,45.97,25.0,2.99,Credit Card,Mobile,5.0,Delivered,4.0,45.97,11.49,37.47,37.47,8,35-44,Low (<$50),2024-05,Wednesday,0,1
ORD100920,2024-09-26,C1701,31,Male,Vietnam,Ho Chi Minh City,2023-03-09,Regular,Email,Books,4,34.62,0.0,0.0,Cash on Delivery,Mobile,,Cancelled,,138.48,0.0,138.48,0.0,567,25-34,Medium ($50-150),2024-09,Thursday,0,0
ORD100537,2024-06-22,C1084,21,Male,Vietnam,Ho Chi Minh City,2022-08-04,New,Social Media,Fashion,2,80.57,0.0,0.0,Bank Transfer,Mobile,4.0,Delivered,,161.14,0.0,161.14,161.14,688,18-24,High ($150-400),2024-06,Saturday,0,0
ORD100758,2024-08-20,C1697,23,Female,Philippines,Manila,2023-09-19,VIP,Referral,Sports,2,48.3,5.0,4.99,Credit Card,Tablet,5.0,Delivered,4.0,96.6,4.83,96.76,96.76,336,18-24,Medium ($50-150),2024-08,Tuesday,0,1
ORD101948,2025-06-16,C1003,44,Male,Malaysia,Johor Bahru,2024-06-13,Regular,Email,Home & Kitchen,2,105.0,0.0,0.0,Bank Transfer,Mobile,9.0,Delivered,3.0,210.0,0.0,210.0,210.0,368,35-44,High ($150-400),2025-06,Monday,0,1
ORD101062,2024-11-05,C1325,42,Male,Cambodia,Phnom Penh,2024-01-08,Regular,Paid Ads,Home & Kitchen,2,29.92,0.0,4.99,E-Wallet,Mobile,11.0,Delivered,4.0,59.84,0.0,64.83,64.83,302,35-44,Medium ($50-150),2024-11,Tuesday,0,1
ORD101199,2024-11-27,C1517,26,Female,Singapore,Singapore,2024-05-09,Regular,Organic Search,Fashion,2,20.98,20.0,6.99,PayPal,Mobile,10.0,Delivered,,41.96,8.39,40.56,40.56,202,25-34,Low (<$50),2024-11,Wednesday,0,0
ORD100245,2024-04-09,C1315,31,Male,Thailand,Phuket,2024-04-08,Regular,Organic Search,Home & Kitchen,4,103.73,5.0,0.0,Cash on Delivery,Desktop,11.0,Delivered,,414.92,20.75,394.17,394.17,1,25-34,High ($150-400),2024-04,Tuesday,0,0
ORD101416,2025-01-06,C1584,42,Female,Singapore,Singapore,2023-05-22,VIP,Organic Search,Electronics,1,160.77,0.0,0.0,Cash on Delivery,Mobile,5.0,Delivered,,160.77,0.0,160.77,160.77,595,35-44,High ($150-400),2025-01,Monday,0,0
ORD101127,2024-11-15,C1020,32,Female,Singapore,Singapore,2022-10-14,New,Referral,Home & Kitchen,2,21.21,30.0,6.99,E-Wallet,Desktop,1.0,Delivered,5.0,42.42,12.73,36.68,36.68,763,25-34,Low (<$50),2024-11,Friday,0,1
ORD100784,2024-08-25,C1724,24,Female,Vietnam,Ho Chi Minh City,2022-11-15,New,Social Media,Toys,2,35.76,0.0,9.99,Credit Card,Mobile,4.0,Delivered,4.0,71.52,0.0,81.51,81.51,649,18-24,Medium ($50-150),2024-08,Sunday,0,1
ORD101781,2025-05-06,C1187,21,Male,Cambodia,Battambang,2024-06-07,Regular,Paid Ads,Electronics,2,3.0,25.0,2.99,E-Wallet,Mobile,8.0,Delivered,4.0,6.0,1.5,7.49,7.49,333,18-24,Low (<$50),2025-05,Tuesday,0,1
ORD100489,2024-06-09,C1095,18,Female,Thailand,Phuket,2023-11-13,Regular,Organic Search,Toys,1,29.56,0.0,4.99,E-Wallet,Mobile,7.0,Delivered,4.0,29.56,0.0,34.55,34.55,209,18-24,Low (<$50),2024-06,Sunday,0,1
ORD100154,2024-03-06,C1284,22,Female,Cambodia,Siem Reap,2023-09-10,Regular,Referral,Fashion,1,51.95,5.0,4.99,E-Wallet,Desktop,1.0,Delivered,3.0,51.95,2.6,54.34,54.34,178,18-24,Medium ($50-150),2024-03,Wednesday,0,1
ORD100961,2024-10-09,C1516,41,Male,Cambodia,Siem Reap,2024-02-15,New,Email,Books,3,10.75,0.0,2.99,Credit Card,Tablet,1.0,Delivered,,32.25,0.0,35.24,35.24,237,35-44,Low (<$50),2024-10,Wednesday,0,0
ORD100853,2024-09-08,C1668,28,Male,Malaysia,Penang,2022-07-07,New,Email,Books,1,12.16,0.0,6.99,Credit Card,Mobile,,Cancelled,,12.16,0.0,19.15,0.0,794,25-34,Low (<$50),2024-09,Sunday,0,0
ORD101311,2024-12-17,C1314,43,Female,Malaysia,Kuala Lumpur,2024-07-10,VIP,Social Media,Sports,2,16.92,10.0,2.99,E-Wallet,Desktop,9.0,Delivered,4.0,33.84,3.38,33.45,33.45,160,35-44,Low (<$50),2024-12,Tuesday,0,1
ORD100625,2024-07-17,C1603,27,Female,Cambodia,Siem Reap,2023-05-28,Regular,Social Media,Home & Kitchen,1,91.29,0.0,2.99,PayPal,Mobile,6.0,Delivered,3.0,91.29,0.0,94.28,94.28,416,25-34,Medium ($50-150),2024-07,Wednesday,0,1
ORD100685,2024-08-03,C1150,32,Male,Indonesia,Surabaya,2024-08-02,New,Social Media,Electronics,1,155.74,10.0,0.0,Credit Card,Mobile,7.0,Delivered,,155.74,15.57,140.17,140.17,1,25-34,Medium ($50-150),2024-08,Saturday,0,0
ORD101594,2025-03-07,C1697,23,Female,Philippines,Manila,2023-09-19,VIP,Referral,Fashion,1,52.38,10.0,2.99,Cash on Delivery,Mobile,7.0,Returned,,52.38,5.24,50.13,0.0,535,18-24,Medium ($50-150),2025-03,Friday,1,0
ORD100569,2024-07-03,C1394,42,Female,Singapore,Singapore,2022-02-16,New,Social Media,Beauty,1,13.03,5.0,4.99,Credit Card,Desktop,4.0,Delivered,3.0,13.03,0.65,17.37,17.37,868,35-44,Low (<$50),2024-07,Wednesday,0,1
ORD101952,2025-06-17,C1509,39,Female,Thailand,Bangkok,2024-03-18,Regular,Organic Search,Home & Kitchen,2,66.34,10.0,0.0,E-Wallet,Mobile,,Cancelled,,132.68,13.27,119.41,0.0,456,35-44,Medium ($50-150),2025-06,Tuesday,0,0
ORD100017,2024-01-08,C1721,46,Female,Thailand,Phuket,2022-01-12,Regular,Organic Search,Toys,1,64.72,0.0,2.99,Credit Card,Mobile,3.0,Delivered,3.0,64.72,0.0,67.71,67.71,726,45-54,Medium ($50-150),2024-01,Monday,0,1
ORD100127,2024-02-22,C1436,28,Female,Malaysia,Kuala Lumpur,2023-12-06,Regular,Organic Search,Fashion,2,44.11,0.0,2.99,E-Wallet,Mobile,4.0,Delivered,3.0,88.22,0.0,91.21,91.21,78,25-34,Medium ($50-150),2024-02,Thursday,0,1
ORD101346,2024-12-24,C1178,33,Male,Cambodia,Phnom Penh,2023-02-04,Regular,Organic Search,Fashion,2,44.18,20.0,4.99,Bank Transfer,Mobile,6.0,Delivered,3.0,88.36,17.67,75.68,75.68,689,25-34,Medium ($50-150),2024-12,Tuesday,0,1
ORD101279,2024-12-13,C1515,38,Female,Cambodia,Phnom Penh,2024-07-25,New,Social Media,Fashion,2,14.48,0.0,6.99,E-Wallet,Mobile,11.0,Delivered,4.0,28.96,0.0,35.95,35.95,141,35-44,Low (<$50),2024-12,Friday,0,1
ORD100927,2024-09-27,C1399,26,Female,Vietnam,Hanoi,2024-08-25,VIP,Organic Search,Fashion,1,47.92,10.0,4.99,Credit Card,Mobile,11.0,Delivered,3.0,47.92,4.79,48.12,48.12,33,25-34,Low (<$50),2024-09,Friday,0,1
ORD100980,2024-10-16,C1263,34,Female,Cambodia,Battambang,2022-07-06,New,Referral,Electronics,5,148.99,5.0,0.0,E-Wallet,Mobile,2.0,Delivered,,744.95,37.25,707.7,707.7,833,25-34,Premium (>$400),2024-10,Wednesday,0,0
ORD100190,2024-03-21,C1455,36,Male,Thailand,Chiang Mai,2023-08-31,VIP,Organic Search,Electronics,2,4.73,0.0,9.99,E-Wallet,Mobile,5.0,Delivered,4.0,9.46,0.0,19.45,19.45,203,35-44,Low (<$50),2024-03,Thursday,0,1
ORD101139,2024-11-17,C1047,36,Male,Philippines,Davao,2022-06-28,VIP,Organic Search,Electronics,1,67.09,5.0,4.99,Bank Transfer,Mobile,5.0,Delivered,,67.09,3.35,68.73,68.73,873,35-44,Medium ($50-150),2024-11,Sunday,0,0
ORD100992,2024-10-18,C1368,36,Male,Thailand,Chiang Mai,2023-11-16,Regular,Social Media,Toys,1,8.13,0.0,6.99,Credit Card,Mobile,2.0,Delivered,,8.13,0.0,15.12,15.12,337,35-44,Low (<$50),2024-10,Friday,0,0
ORD101692,2025-04-08,C1774,34,Female,Malaysia,Penang,2023-12-05,VIP,Organic Search,Fashion,1,8.61,0.0,9.99,Cash on Delivery,Mobile,9.0,Delivered,2.0,8.61,0.0,18.6,18.6,490,25-34,Low (<$50),2025-04,Tuesday,0,1
ORD100606,2024-07-12,C1050,37,Male,Cambodia,Siem Reap,2022-09-30,Regular,Social Media,Toys,4,49.87,0.0,0.0,E-Wallet,Mobile,1.0,Delivered,4.0,199.48,0.0,199.48,199.48,651,35-44,High ($150-400),2024-07,Friday,0,1
ORD100180,2024-03-18,C1164,43,Female,Cambodia,Sihanoukville,2023-03-30,VIP,Social Media,Home & Kitchen,1,115.44,5.0,2.99,Cash on Delivery,Mobile,6.0,Delivered,3.0,115.44,5.77,112.66,112.66,354,35-44,Medium ($50-150),2024-03,Monday,0,1
ORD100301,2024-04-24,C1531,24,Female,Cambodia,Siem Reap,2023-06-14,VIP,Email,Home & Kitchen,1,90.76,5.0,4.99,Credit Card,Desktop,8.0,Delivered,3.0,90.76,4.54,91.21,91.21,315,18-24,Medium ($50-150),2024-04,Wednesday,0,1
ORD100496,2024-06-11,C1072,24,Female,Cambodia,Phnom Penh,2022-01-01,VIP,Paid Ads,Home & Kitchen,1,3.0,5.0,2.99,E-Wallet,Mobile,2.0,Returned,3.0,3.0,0.15,5.84,0.0,892,18-24,Low (<$50),2024-06,Tuesday,1,1
ORD101732,2025-04-22,C1198,34,Male,Cambodia,Phnom Penh,2022-05-14,New,Social Media,Books,2,14.56,0.0,9.99,E-Wallet,Desktop,10.0,Returned,3.0,29.12,0.0,39.11,0.0,1074,25-34,Low (<$50),2025-04,Tuesday,1,1
ORD101746,2025-04-26,C1114,35,Female,Vietnam,Da Nang,2023-03-31,Regular,Paid Ads,Home & Kitchen,3,3.0,10.0,9.99,Cash on Delivery,Mobile,10.0,Returned,2.0,9.0,0.9,18.09,0.0,757,35-44,Low (<$50),2025-04,Saturday,1,1
ORD101697,2025-04-10,C1279,37,Male,Singapore,Singapore,2022-08-14,Regular,Organic Search,Sports,1,108.1,0.0,4.99,Bank Transfer,Desktop,4.0,Delivered,,108.1,0.0,113.09,113.09,970,35-44,Medium ($50-150),2025-04,Thursday,0,0
ORD101672,2025-04-02,C1115,28,Female,Vietnam,Da Nang,2022-06-13,VIP,Referral,Toys,2,58.99,0.0,4.99,Credit Card,Mobile,10.0,Delivered,3.0,117.98,0.0,122.97,122.97,1024,25-34,Medium ($50-150),2025-04,Wednesday,0,1
ORD100517,2024-06-17,C1250,30,Male,Vietnam,Hanoi,2022-11-13,VIP,Organic Search,Sports,1,57.58,5.0,9.99,Bank Transfer,Mobile,5.0,Delivered,,57.58,2.88,64.69,64.69,582,25-34,Medium ($50-150),2024-06,Monday,0,0
ORD101069,2024-11-06,C1047,36,Male,Philippines,Davao,2022-06-28,VIP,Organic Search,Beauty,3,21.54,15.0,6.99,PayPal,Mobile,4.0,Delivered,,64.62,9.69,61.92,61.92,862,35-44,Medium ($50-150),2024-11,Wednesday,0,0
ORD100476,2024-06-08,C1586,21,Male,Cambodia,Siem Reap,2024-06-07,VIP,Email,Beauty,1,21.49,0.0,4.99,Cash on Delivery,Desktop,11.0,Delivered,3.0,21.49,0.0,26.48,26.48,1,18-24,Low (<$50),2024-06,Saturday,0,1
ORD100157,2024-03-10,C1753,57,Male,Singapore,Singapore,2023-10-13,New,Organic Search,Books,2,16.35,15.0,4.99,E-Wallet,Mobile,11.0,Delivered,2.0,32.7,4.9,32.79,32.79,149,55+,Low (<$50),2024-03,Sunday,0,1
ORD101243,2024-12-08,C1788,22,Female,Cambodia,Siem Reap,2023-09-08,VIP,Organic Search,Electronics,1,83.04,10.0,6.99,Credit Card,Mobile,3.0,Delivered,4.0,83.04,8.3,81.73,81.73,457,18-24,Medium ($50-150),2024-12,Sunday,0,1
ORD101195,2024-11-26,C1317,26,Male,Vietnam,Hanoi,2022-06-11,New,Social Media,Books,3,12.56,20.0,4.99,Cash on Delivery,Mobile,10.0,Delivered,,37.68,7.54,35.13,35.13,899,25-34,Low (<$50),2024-11,Tuesday,0,0
ORD100016,2024-01-08,C1749,24,Female,Singapore,Singapore,2022-04-18,VIP,Social Media,Electronics,1,103.64,15.0,2.99,Bank Transfer,Desktop,8.0,Delivered,4.0,103.64,15.55,91.08,91.08,630,18-24,Medium ($50-150),2024-01,Monday,0,1
ORD101535,2025-02-18,C1301,18,Male,Thailand,Chiang Mai,2023-04-20,New,Email,Fashion,1,36.25,10.0,9.99,Credit Card,Mobile,9.0,Delivered,,36.25,3.62,42.62,42.62,670,18-24,Low (<$50),2025-02,Tuesday,0,0
ORD101072,2024-11-06,C1135,23,Female,Vietnam,Da Nang,2024-05-06,Regular,Paid Ads,Beauty,2,16.14,20.0,4.99,Credit Card,Tablet,8.0,Returned,,32.28,6.46,30.81,0.0,184,18-24,Low (<$50),2024-11,Wednesday,1,0
ORD100546,2024-06-27,C1382,18,Female,Philippines,Manila,2022-07-07,Regular,Social Media,Electronics,1,3.0,15.0,6.99,Cash on Delivery,Desktop,2.0,Delivered,,3.0,0.45,9.54,9.54,721,18-24,Low (<$50),2024-06,Thursday,0,0
ORD101539,2025-02-20,C1052,18,Female,Cambodia,Phnom Penh,2023-03-24,Regular,Email,Fashion,3,3.0,10.0,4.99,E-Wallet,Desktop,2.0,Delivered,,9.0,0.9,13.09,13.09,699,18-24,Low (<$50),2025-02,Thursday,0,0
ORD100658,2024-07-27,C1126,50,Male,Singapore,Singapore,2024-05-24,Regular,Social Media,Home & Kitchen,4,166.64,10.0,0.0,Bank Transfer,Mobile,10.0,Delivered,3.0,666.56,66.66,599.9,599.9,64,45-54,Premium (>$400),2024-07,Saturday,0,1
ORD101659,2025-03-29,C1455,36,Male,Thailand,Chiang Mai,2023-08-31,VIP,Organic Search,Home & Kitchen,1,69.42,0.0,2.99,E-Wallet,Mobile,2.0,Delivered,3.0,69.42,0.0,72.41,72.41,576,35-44,Medium ($50-150),2025-03,Saturday,0,1
ORD101019,2024-10-27,C1453,57,Male,Cambodia,Battambang,2022-02-10,VIP,Email,Beauty,2,37.01,5.0,6.99,Bank Transfer,Mobile,5.0,Delivered,,74.02,3.7,77.31,77.31,990,55+,Medium ($50-150),2024-10,Sunday,0,0
ORD101900,2025-06-05,C1505,28,Male,Philippines,Manila,2023-09-06,Regular,Social Media,Electronics,1,160.55,10.0,0.0,PayPal,Mobile,4.0,Delivered,5.0,160.55,16.06,144.49,144.49,638,25-34,Medium ($50-150),2025-06,Thursday,0,1
ORD101504,2025-02-04,C1053,30,Female,Cambodia,Battambang,2023-09-16,VIP,Paid Ads,Books,4,14.53,10.0,6.99,E-Wallet,Desktop,11.0,Delivered,4.0,58.12,5.81,59.3,59.3,507,25-34,Medium ($50-150),2025-02,Tuesday,0,1
ORD100959,2024-10-09,C1385,25,Male,Vietnam,Hanoi,2023-11-11,VIP,Social Media,Fashion,1,13.46,5.0,4.99,Credit Card,Desktop,9.0,Delivered,,13.46,0.67,17.78,17.78,333,25-34,Low (<$50),2024-10,Wednesday,0,0
ORD101925,2025-06-10,C1092,29,Male,Singapore,Singapore,2024-03-13,New,Paid Ads,Beauty,1,25.21,0.0,9.99,E-Wallet,Desktop,5.0,Delivered,4.0,25.21,0.0,35.2,35.2,454,25-34,Low (<$50),2025-06,Tuesday,0,1
ORD100283,2024-04-20,C1146,27,Female,Cambodia,Phnom Penh,2022-03-19,VIP,Paid Ads,Books,1,13.49,15.0,6.99,Credit Card,Desktop,7.0,Delivered,5.0,13.49,2.02,18.46,18.46,763,25-34,Low (<$50),2024-04,Saturday,0,1
ORD101632,2025-03-21,C1223,22,Female,Cambodia,Phnom Penh,2023-02-26,New,Referral,Fashion,2,104.23,10.0,0.0,E-Wallet,Mobile,5.0,Delivered,4.0,208.46,20.85,187.61,187.61,754,18-24,High ($150-400),2025-03,Friday,0,1
ORD100797,2024-08-28,C1137,43,Female,Singapore,Singapore,2022-02-06,VIP,Social Media,Books,1,17.81,0.0,2.99,Credit Card,Mobile,7.0,Returned,,17.81,0.0,20.8,0.0,934,35-44,Low (<$50),2024-08,Wednesday,1,0
ORD101660,2025-03-29,C1839,30,Female,Vietnam,Ho Chi Minh City,2022-11-23,Regular,Social Media,Fashion,1,78.43,20.0,9.99,Bank Transfer,Mobile,3.0,Delivered,5.0,78.43,15.69,72.73,72.73,857,25-34,Medium ($50-150),2025-03,Saturday,0,1
ORD100225,2024-04-02,C1475,30,Female,Vietnam,Hanoi,2023-11-22,VIP,Paid Ads,Toys,3,35.53,5.0,9.99,E-Wallet,Mobile,1.0,Delivered,3.0,106.59,5.33,111.25,111.25,132,25-34,Medium ($50-150),2024-04,Tuesday,0,1
ORD100026,2024-01-13,C1773,49,Female,Thailand,Chiang Mai,2022-09-25,Regular,Social Media,Fashion,1,22.32,5.0,9.99,E-Wallet,Mobile,2.0,Delivered,4.0,22.32,1.12,31.19,31.19,475,45-54,Low (<$50),2024-01,Saturday,0,1
ORD101810,2025-05-13,C1514,43,Male,Singapore,Singapore,2022-09-29,New,Organic Search,Home & Kitchen,3,40.07,5.0,0.0,Credit Card,Mobile,11.0,Delivered,,120.21,6.01,114.2,114.2,957,35-44,Medium ($50-150),2025-05,Tuesday,0,0
ORD100437,2024-05-29,C1040,42,Male,Philippines,Manila,2023-09-15,New,Email,Electronics,1,264.15,0.0,0.0,Credit Card,Desktop,8.0,Delivered,5.0,264.15,0.0,264.15,264.15,257,35-44,High ($150-400),2024-05,Wednesday,0,1
ORD101993,2025-06-29,C1727,42,Female,Singapore,Singapore,2023-09-10,New,Organic Search,Home & Kitchen,3,11.02,30.0,9.99,E-Wallet,Desktop,3.0,Delivered,4.0,33.06,9.92,33.13,33.13,658,35-44,Low (<$50),2025-06,Sunday,0,1
ORD101388,2024-12-29,C1753,57,Male,Singapore,Singapore,2023-10-13,New,Organic Search,Beauty,3,53.64,0.0,0.0,E-Wallet,Desktop,8.0,Delivered,,160.92,0.0,160.92,160.92,443,55+,High ($150-400),2024-12,Sunday,0,0
ORD100229,2024-04-03,C1117,34,Male,Vietnam,Hanoi,2023-03-14,Regular,Social Media,Toys,1,56.57,30.0,4.99,Credit Card,Mobile,10.0,Delivered,4.0,56.57,16.97,44.59,44.59,386,25-34,Low (<$50),2024-04,Wednesday,0,1
ORD100037,2024-01-17,C1365,50,Female,Cambodia,Sihanoukville,2022-12-17,Regular,Email,Electronics,2,268.71,10.0,0.0,Cash on Delivery,Mobile,5.0,Delivered,5.0,537.42,53.74,483.68,483.68,396,45-54,Premium (>$400),2024-01,Wednesday,0,1
ORD100749,2024-08-19,C1059,45,Female,Malaysia,Kuala Lumpur,2024-08-18,New,Social Media,Home & Kitchen,1,21.78,0.0,9.99,Credit Card,Mobile,2.0,Delivered,5.0,21.78,0.0,31.77,31.77,1,45-54,Low (<$50),2024-08,Monday,0,1
ORD101045,2024-11-02,C1060,18,Female,Vietnam,Ho Chi Minh City,2022-02-23,New,Organic Search,Home & Kitchen,1,126.95,0.0,0.0,Cash on Delivery,Desktop,10.0,Delivered,,126.95,0.0,126.95,126.95,983,18-24,Medium ($50-150),2024-11,Saturday,0,0
ORD101398,2025-01-01,C1433,18,Male,Philippines,Cebu,2023-04-19,Regular,Organic Search,Electronics,1,208.15,5.0,0.0,Credit Card,Mobile,4.0,Delivered,4.0,208.15,10.41,197.74,197.74,623,18-24,High ($150-400),2025-01,Wednesday,0,1
ORD100469,2024-06-07,C1744,35,Female,Vietnam,Ho Chi Minh City,2022-07-28,Regular,Email,Books,2,11.06,10.0,4.99,Credit Card,Tablet,11.0,Delivered,3.0,22.12,2.21,24.9,24.9,680,35-44,Low (<$50),2024-06,Friday,0,1
ORD101729,2025-04-21,C1475,30,Female,Vietnam,Hanoi,2023-11-22,VIP,Paid Ads,Beauty,1,31.82,10.0,2.99,Bank Transfer,Mobile,10.0,Delivered,,31.82,3.18,31.63,31.63,516,25-34,Low (<$50),2025-04,Monday,0,0
ORD100687,2024-08-03,C1497,30,Female,Cambodia,Sihanoukville,2024-05-13,Regular,Paid Ads,Books,4,18.17,5.0,4.99,Bank Transfer,Mobile,,Cancelled,,72.68,3.63,74.04,0.0,82,25-34,Medium ($50-150),2024-08,Saturday,0,0
ORD101885,2025-06-02,C1622,37,Female,Thailand,Phuket,2024-01-19,New,Paid Ads,Electronics,5,42.16,0.0,0.0,Bank Transfer,Mobile,6.0,Delivered,,210.8,0.0,210.8,210.8,500,35-44,High ($150-400),2025-06,Monday,0,0
ORD100639,2024-07-21,C1085,39,Female,Cambodia,Siem Reap,2024-01-21,VIP,Organic Search,Electronics,1,185.94,10.0,0.0,Bank Transfer,Mobile,,Cancelled,,185.94,18.59,167.35,0.0,182,35-44,High ($150-400),2024-07,Sunday,0,0
ORD101749,2025-04-26,C1744,34,Female,Vietnam,Ho Chi Minh City,2022-07-28,Regular,Email,Toys,1,21.95,20.0,4.99,E-Wallet,Mobile,5.0,Delivered,,21.95,4.39,22.55,22.55,1003,25-34,Low (<$50),2025-04,Saturday,0,0
ORD101218,2024-12-02,C1492,31,Female,Thailand,Phuket,2024-01-02,New,Referral,Home & Kitchen,1,125.94,0.0,0.0,E-Wallet,Tablet,7.0,Delivered,3.0,125.94,0.0,125.94,125.94,335,25-34,Medium ($50-150),2024-12,Monday,0,1
ORD101158,2024-11-21,C1716,18,Female,Vietnam,Ho Chi Minh City,2022-09-01,VIP,Paid Ads,Fashion,1,53.49,15.0,2.99,Bank Transfer,Mobile,10.0,Delivered,,53.49,8.02,48.46,48.46,812,18-24,Low (<$50),2024-11,Thursday,0,0
ORD101415,2025-01-05,C1511,31,Male,Cambodia,Phnom Penh,2022-05-04,New,Paid Ads,Toys,1,65.25,20.0,6.99,Cash on Delivery,Desktop,6.0,Delivered,3.0,65.25,13.05,59.19,59.19,977,25-34,Medium ($50-150),2025-01,Sunday,0,1
ORD101527,2025-02-15,C1041,34,Male,Malaysia,Johor Bahru,2022-10-05,New,Email,Toys,1,56.61,15.0,2.99,Bank Transfer,Desktop,8.0,Delivered,4.0,56.61,8.49,51.11,51.11,864,25-34,Medium ($50-150),2025-02,Saturday,0,1
ORD101690,2025-04-08,C1119,31,Male,Indonesia,Bandung,2022-04-15,VIP,Organic Search,Electronics,1,66.81,5.0,6.99,Credit Card,Tablet,,Cancelled,,66.81,3.34,70.46,0.0,1089,25-34,Medium ($50-150),2025-04,Tuesday,0,0
ORD101300,2024-12-16,C1604,27,Female,Cambodia,Battambang,2022-05-02,New,Social Media,Electronics,4,339.57,0.0,0.0,E-Wallet,Desktop,6.0,Delivered,4.0,1358.28,0.0,1358.28,1358.28,959,25-34,Premium (>$400),2024-12,Monday,0,1
ORD101864,2025-05-29,C1218,32,Female,Vietnam,Ho Chi Minh City,2023-07-21,VIP,Social Media,Electronics,2,94.75,5.0,0.0,Credit Card,Desktop,1.0,Delivered,5.0,189.5,9.48,180.02,180.02,678,25-34,High ($150-400),2025-05,Thursday,0,1
ORD100800,2024-08-29,C1634,31,Male,Malaysia,Johor Bahru,2022-10-03,Regular,Paid Ads,Home & Kitchen,4,141.49,5.0,0.0,Credit Card,Mobile,10.0,Returned,2.0,565.96,28.3,537.66,0.0,696,25-34,Premium (>$400),2024-08,Thursday,1,1
ORD101603,2025-03-10,C1341,37,Female,Malaysia,Johor Bahru,2023-05-04,Regular,Paid Ads,Electronics,1,507.13,0.0,0.0,E-Wallet,Tablet,5.0,Delivered,,507.13,0.0,507.13,507.13,676,35-44,Premium (>$400),2025-03,Monday,0,0
ORD100160,2024-03-12,C1261,31,Male,Thailand,Chiang Mai,2024-01-26,VIP,Email,Toys,1,35.48,20.0,6.99,Bank Transfer,Mobile,3.0,Delivered,4.0,35.48,7.1,35.37,35.37,46,25-34,Low (<$50),2024-03,Tuesday,0,1
ORD100956,2024-10-08,C1723,18,Male,Indonesia,Surabaya,2022-01-20,VIP,Social Media,Electronics,2,221.85,15.0,0.0,Bank Transfer,Desktop,4.0,Delivered,3.0,443.7,66.56,377.14,377.14,992,18-24,High ($150-400),2024-10,Tuesday,0,1
ORD101186,2024-11-26,C1235,27,Female,Philippines,Manila,2024-08-24,VIP,Social Media,Fashion,1,52.5,25.0,2.99,E-Wallet,Mobile,8.0,Delivered,4.0,52.5,13.12,42.37,42.37,94,25-34,Low (<$50),2024-11,Tuesday,0,1
ORD100821,2024-09-03,C1212,34,Male,Cambodia,Sihanoukville,2022-09-03,Regular,Social Media,Electronics,4,146.41,0.0,0.0,E-Wallet,Desktop,4.0,Delivered,4.0,585.64,0.0,585.64,585.64,731,25-34,Premium (>$400),2024-09,Tuesday,0,1
ORD101718,2025-04-17,C1650,54,Male,Thailand,Chiang Mai,2024-01-28,VIP,Social Media,Home & Kitchen,1,176.04,5.0,0.0,E-Wallet,Mobile,5.0,Delivered,,176.04,8.8,167.24,167.24,445,45-54,High ($150-400),2025-04,Thursday,0,0
ORD100877,2024-09-17,C1304,33,Female,Cambodia,Battambang,2024-09-16,Regular,Social Media,Home & Kitchen,2,125.87,0.0,0.0,Cash on Delivery,Mobile,1.0,Delivered,4.0,251.74,0.0,251.74,251.74,1,25-34,High ($150-400),2024-09,Tuesday,0,1
ORD100913,2024-09-24,C1158,29,Male,Thailand,Phuket,2024-09-23,Regular,Organic Search,Fashion,2,48.84,0.0,2.99,Credit Card,Mobile,10.0,Delivered,4.0,97.68,0.0,100.67,100.67,1,25-34,Medium ($50-150),2024-09,Tuesday,0,1
ORD100152,2024-03-05,C1786,34,Female,Malaysia,Penang,2022-12-20,VIP,Organic Search,Beauty,1,22.32,5.0,4.99,Bank Transfer,Mobile,11.0,Delivered,4.0,22.32,1.12,26.19,26.19,441,25-34,Low (<$50),2024-03,Tuesday,0,1
ORD101878,2025-06-01,C1505,28,Male,Philippines,Manila,2023-09-06,Regular,Social Media,Electronics,3,80.12,5.0,0.0,Credit Card,Mobile,7.0,Delivered,,240.36,12.02,228.34,228.34,634,25-34,High ($150-400),2025-06,Sunday,0,0
ORD101816,2025-05-15,C1136,37,Male,Thailand,Phuket,2022-10-09,New,Paid Ads,Electronics,1,224.6,0.0,0.0,E-Wallet,Desktop,6.0,Returned,3.0,224.6,0.0,224.6,0.0,949,35-44,High ($150-400),2025-05,Thursday,1,1
ORD100509,2024-06-15,C1343,39,Female,Thailand,Chiang Mai,2023-04-14,New,Social Media,Fashion,3,87.58,30.0,0.0,Credit Card,Desktop,,Cancelled,,262.74,78.82,183.92,0.0,428,35-44,High ($150-400),2024-06,Saturday,0,0
ORD101135,2024-11-17,C1556,26,Male,Singapore,Singapore,2022-12-07,VIP,Email,Beauty,1,36.02,0.0,9.99,Credit Card,Desktop,9.0,Delivered,3.0,36.02,0.0,46.01,46.01,711,25-34,Low (<$50),2024-11,Sunday,0,1
ORD101250,2024-12-09,C1027,38,Female,Malaysia,Penang,2023-10-06,VIP,Organic Search,Fashion,1,64.0,0.0,4.99,PayPal,Desktop,7.0,Delivered,4.0,64.0,0.0,68.99,68.99,430,35-44,Medium ($50-150),2024-12,Monday,0,1
ORD101798,2025-05-10,C1165,24,Female,Thailand,Chiang Mai,2023-02-26,VIP,Email,Electronics,5,245.14,5.0,0.0,Cash on Delivery,Mobile,3.0,Delivered,5.0,1225.7,61.28,1164.42,1164.42,804,18-24,Premium (>$400),2025-05,Saturday,0,1
ORD100103,2024-02-11,C1428,19,Female,Philippines,Manila,2023-07-07,Regular,Organic Search,Electronics,1,157.99,25.0,0.0,Cash on Delivery,Mobile,9.0,Delivered,4.0,157.99,39.5,118.49,118.49,219,18-24,Medium ($50-150),2024-02,Sunday,0,1
ORD101445,2025-01-15,C1603,27,Female,Cambodia,Siem Reap,2023-05-28,Regular,Social Media,Sports,2,65.98,25.0,0.0,Credit Card,Mobile,10.0,Delivered,,131.96,32.99,98.97,98.97,598,25-34,Medium ($50-150),2025-01,Wednesday,0,0
ORD101443,2025-01-15,C1087,34,Female,Vietnam,Da Nang,2024-04-28,Regular,Social Media,Fashion,2,113.18,0.0,0.0,Bank Transfer,Desktop,1.0,Delivered,5.0,226.36,0.0,226.36,226.36,262,25-34,High ($150-400),2025-01,Wednesday,0,1
ORD101777,2025-05-05,C1495,44,Female,Thailand,Bangkok,2022-11-16,New,Paid Ads,Electronics,1,201.74,15.0,0.0,Credit Card,Desktop,3.0,Returned,2.0,201.74,30.26,171.48,0.0,901,35-44,High ($150-400),2025-05,Monday,1,1
ORD100586,2024-07-08,C1494,31,Female,Singapore,Singapore,2024-03-16,VIP,Referral,Fashion,3,34.77,5.0,4.99,PayPal,Mobile,11.0,Delivered,,104.31,5.22,104.08,104.08,114,25-34,Medium ($50-150),2024-07,Monday,0,0
ORD101808,2025-05-12,C1368,36,Male,Thailand,Chiang Mai,2023-11-16,Regular,Social Media,Electronics,1,103.14,15.0,6.99,Credit Card,Mobile,10.0,Delivered,4.0,103.14,15.47,94.66,94.66,543,35-44,Medium ($50-150),2025-05,Monday,0,1
ORD100053,2024-01-22,C1798,45,Female,Thailand,Phuket,2022-02-13,VIP,Organic Search,Home & Kitchen,1,74.85,0.0,9.99,Cash on Delivery,Tablet,8.0,Delivered,5.0,74.85,0.0,84.84,84.84,708,45-54,Medium ($50-150),2024-01,Monday,0,1
ORD100151,2024-03-04,C1621,34,Male,Cambodia,Battambang,2023-01-09,VIP,Organic Search,Beauty,4,51.93,0.0,0.0,Credit Card,Desktop,7.0,Delivered,,207.72,0.0,207.72,207.72,420,25-34,High ($150-400),2024-03,Monday,0,0
ORD100403,2024-05-20,C1786,34,Female,Malaysia,Penang,2022-12-20,VIP,Organic Search,Electronics,1,134.83,30.0,0.0,E-Wallet,Mobile,6.0,Delivered,3.0,134.83,40.45,94.38,94.38,517,25-34,Medium ($50-150),2024-05,Monday,0,1
ORD101987,2025-06-26,C1119,34,Male,Indonesia,Bandung,2022-04-15,VIP,Organic Search,Toys,2,33.04,5.0,9.99,Cash on Delivery,Mobile,1.0,Delivered,5.0,66.08,3.3,72.77,72.77,1168,25-34,Medium ($50-150),2025-06,Thursday,0,1
ORD100207,2024-03-27,C1173,21,Female,Thailand,Bangkok,2023-03-01,New,Organic Search,Electronics,2,177.2,25.0,0.0,Credit Card,Mobile,5.0,Delivered,3.0,354.4,88.6,265.8,265.8,392,18-24,High ($150-400),2024-03,Wednesday,0,1
ORD101938,2025-06-14,C1602,48,Female,Thailand,Phuket,2024-05-29,VIP,Organic Search,Electronics,1,174.0,10.0,0.0,E-Wallet,Desktop,2.0,Returned,3.0,174.0,17.4,156.6,0.0,381,45-54,High ($150-400),2025-06,Saturday,1,1
ORD101682,2025-04-05,C1486,25,Male,Cambodia,Siem Reap,2022-05-17,Regular,Organic Search,Toys,2,31.38,15.0,9.99,Bank Transfer,Mobile,,Cancelled,,62.76,9.41,63.34,0.0,1054,25-34,Medium ($50-150),2025-04,Saturday,0,0
ORD101122,2024-11-14,C1499,34,Male,Thailand,Chiang Mai,2022-05-10,Regular,Social Media,Electronics,1,102.8,0.0,9.99,PayPal,Desktop,2.0,Delivered,,102.8,0.0,112.79,112.79,919,25-34,Medium ($50-150),2024-11,Thursday,0,0
ORD101789,2025-05-08,C1550,38,Female,Thailand,Phuket,2022-05-30,VIP,Referral,Electronics,1,289.87,20.0,0.0,E-Wallet,Desktop,4.0,Returned,,289.87,57.97,231.9,0.0,1074,35-44,High ($150-400),2025-05,Thursday,1,0
ORD100008,2024-01-05,C1503,34,Female,Cambodia,Battambang,2023-11-19,VIP,Paid Ads,Sports,1,64.93,0.0,6.99,E-Wallet,Desktop,5.0,Delivered,4.0,64.93,0.0,71.92,71.92,47,25-34,Medium ($50-150),2024-01,Friday,0,1
ORD101014,2024-10-25,C1114,35,Female,Vietnam,Da Nang,2023-03-31,Regular,Paid Ads,Toys,1,16.51,10.0,4.99,E-Wallet,Desktop,5.0,Delivered,5.0,16.51,1.65,19.85,19.85,574,35-44,Low (<$50),2024-10,Friday,0,1
ORD101837,2025-05-22,C1616,42,Male,Vietnam,Hanoi,2024-07-30,VIP,Organic Search,Electronics,1,134.31,30.0,0.0,E-Wallet,Desktop,7.0,Delivered,4.0,134.31,40.29,94.02,94.02,296,35-44,Medium ($50-150),2025-05,Thursday,0,1
ORD101060,2024-11-04,C1158,29,Male,Thailand,Phuket,2024-09-23,Regular,Organic Search,Beauty,2,41.05,10.0,9.99,E-Wallet,Mobile,2.0,Delivered,5.0,82.1,8.21,83.88,83.88,42,25-34,Medium ($50-150),2024-11,Monday,0,1
ORD100452,2024-06-02,C1633,18,Female,Cambodia,Sihanoukville,2023-12-30,Regular,Paid Ads,Home & Kitchen,2,66.26,10.0,0.0,Credit Card,Desktop,11.0,Delivered,4.0,132.52,13.25,119.27,119.27,155,18-24,Medium ($50-150),2024-06,Sunday,0,1
ORD101675,2025-04-02,C1655,38,Female,Thailand,Bangkok,2022-09-27,Regular,Organic Search,Beauty,2,37.9,30.0,2.99,PayPal,Mobile,3.0,Delivered,4.0,75.8,22.74,56.05,56.05,918,35-44,Medium ($50-150),2025-04,Wednesday,0,1
ORD100253,2024-04-12,C1731,35,Male,Vietnam,Ho Chi Minh City,2024-03-20,Regular,Social Media,Books,1,23.32,0.0,9.99,E-Wallet,Mobile,2.0,Delivered,5.0,23.32,0.0,33.31,33.31,23,35-44,Low (<$50),2024-04,Friday,0,1
ORD101327,2024-12-20,C1702,23,Female,Vietnam,Hanoi,2024-05-08,Regular,Referral,Toys,1,24.24,25.0,6.99,PayPal,Desktop,10.0,Returned,2.0,24.24,6.06,25.17,0.0,226,18-24,Low (<$50),2024-12,Friday,1,1
ORD100896,2024-09-20,C1548,42,Male,Singapore,Singapore,2022-12-30,Regular,Organic Search,Electronics,4,313.88,0.0,0.0,E-Wallet,Desktop,1.0,Delivered,,1255.52,0.0,1255.52,1255.52,630,35-44,Premium (>$400),2024-09,Friday,0,0
ORD101927,2025-06-11,C1821,50,Male,Cambodia,Sihanoukville,2024-05-06,VIP,Referral,Home & Kitchen,1,56.35,10.0,9.99,E-Wallet,Mobile,6.0,Delivered,,56.35,5.64,60.7,60.7,401,45-54,Medium ($50-150),2025-06,Wednesday,0,0
ORD100880,2024-09-17,C1304,33,Female,Cambodia,Battambang,2024-09-16,Regular,Social Media,Home & Kitchen,1,78.01,0.0,2.99,Credit Card,Tablet,2.0,Delivered,4.0,78.01,0.0,81.0,81.0,1,25-34,Medium ($50-150),2024-09,Tuesday,0,1
ORD101595,2025-03-07,C1659,30,Female,Thailand,Chiang Mai,2023-10-08,VIP,Social Media,Books,1,29.83,0.0,4.99,E-Wallet,Mobile,4.0,Delivered,3.0,29.83,0.0,34.82,34.82,516,25-34,Low (<$50),2025-03,Friday,0,1
ORD101932,2025-06-12,C1639,40,Female,Malaysia,Penang,2022-07-10,VIP,Email,Beauty,1,15.73,5.0,9.99,Credit Card,Desktop,10.0,Delivered,3.0,15.73,0.79,24.93,24.93,1068,35-44,Low (<$50),2025-06,Thursday,0,1
ORD100623,2024-07-16,C1659,30,Female,Thailand,Chiang Mai,2023-10-08,VIP,Social Media,Beauty,2,13.2,5.0,6.99,Cash on Delivery,Desktop,9.0,Delivered,,26.4,1.32,32.07,32.07,282,25-34,Low (<$50),2024-07,Tuesday,0,0
ORD100345,2024-05-06,C1481,50,Female,Cambodia,Battambang,2023-08-15,New,Organic Search,Fashion,1,95.58,0.0,9.99,Bank Transfer,Mobile,10.0,Returned,3.0,95.58,0.0,105.57,0.0,265,45-54,Medium ($50-150),2024-05,Monday,1,1
ORD101739,2025-04-24,C1444,30,Male,Cambodia,Phnom Penh,2023-02-18,VIP,Email,Home & Kitchen,1,27.86,0.0,9.99,Credit Card,Mobile,5.0,Delivered,,27.86,0.0,37.85,37.85,796,25-34,Low (<$50),2025-04,Thursday,0,0
ORD100262,2024-04-14,C1587,25,Female,Singapore,Singapore,2023-12-15,VIP,Organic Search,Electronics,4,105.48,5.0,0.0,Credit Card,Desktop,11.0,Delivered,,421.92,21.1,400.82,400.82,121,25-34,Premium (>$400),2024-04,Sunday,0,0
ORD101634,2025-03-21,C1502,34,Male,Philippines,Cebu,2023-04-09,VIP,Paid Ads,Books,2,4.86,0.0,2.99,PayPal,Mobile,,Cancelled,,9.72,0.0,12.71,0.0,712,25-34,Low (<$50),2025-03,Friday,0,0
ORD101321,2024-12-19,C1530,30,Male,Thailand,Chiang Mai,2023-03-10,VIP,Social Media,Home & Kitchen,1,36.26,15.0,2.99,Credit Card,Mobile,11.0,Delivered,4.0,36.26,5.44,33.81,33.81,650,25-34,Low (<$50),2024-12,Thursday,0,1
ORD101438,2025-01-12,C1802,38,Male,Cambodia,Battambang,2024-02-14,Regular,Email,Toys,1,73.5,0.0,6.99,Cash on Delivery,Mobile,2.0,Delivered,5.0,73.5,0.0,80.49,80.49,333,35-44,Medium ($50-150),2025-01,Sunday,0,1
ORD100150,2024-03-04,C1735,36,Female,Thailand,Bangkok,2023-11-20,VIP,Social Media,Sports,5,61.04,15.0,0.0,E-Wallet,Mobile,9.0,Delivered,4.0,305.2,45.78,259.42,259.42,105,35-44,High ($150-400),2024-03,Monday,0,1
ORD100472,2024-06-08,C1282,44,Female,Thailand,Bangkok,2023-03-20,New,Social Media,Home & Kitchen,1,8.04,0.0,4.99,Credit Card,Desktop,3.0,Delivered,,8.04,0.0,13.03,13.03,446,35-44,Low (<$50),2024-06,Saturday,0,0
ORD100640,2024-07-21,C1056,31,Male,Cambodia,Sihanoukville,2022-09-29,New,Social Media,Beauty,2,30.19,25.0,9.99,PayPal,Mobile,6.0,Delivered,4.0,60.38,15.1,55.27,55.27,661,25-34,Medium ($50-150),2024-07,Sunday,0,1
ORD101926,2025-06-11,C1701,31,Male,Vietnam,Ho Chi Minh City,2023-03-09,Regular,Email,Fashion,4,29.05,0.0,4.99,Cash on Delivery,Desktop,5.0,Delivered,4.0,116.2,0.0,121.19,121.19,825,25-34,Medium ($50-150),2025-06,Wednesday,0,1
ORD100550,2024-06-28,C1787,32,Female,Vietnam,Ho Chi Minh City,2023-07-20,Regular,Email,Beauty,2,21.94,0.0,9.99,Credit Card,Desktop,9.0,Delivered,3.0,43.88,0.0,53.87,53.87,344,25-34,Medium ($50-150),2024-06,Friday,0,1
ORD101833,2025-05-20,C1420,35,Male,Indonesia,Jakarta,2022-01-16,Regular,Organic Search,Home & Kitchen,3,51.17,20.0,0.0,Credit Card,Desktop,3.0,Delivered,,153.51,30.7,122.81,122.81,1220,35-44,Medium ($50-150),2025-05,Tuesday,0,0
ORD100928,2024-09-27,C1285,29,Female,Thailand,Phuket,2023-01-31,Regular,Email,Fashion,5,65.33,25.0,0.0,E-Wallet,Desktop,5.0,Delivered,5.0,326.65,81.66,244.99,244.99,605,25-34,High ($150-400),2024-09,Friday,0,1
ORD100488,2024-06-09,C1108,43,Male,Philippines,Davao,2022-06-05,VIP,Referral,Toys,4,30.37,20.0,0.0,PayPal,Mobile,8.0,Delivered,,121.48,24.3,97.18,97.18,735,35-44,Medium ($50-150),2024-06,Sunday,0,0
ORD101853,2025-05-26,C1115,28,Female,Vietnam,Da Nang,2022-06-13,VIP,Referral,Sports,5,3.0,5.0,2.99,E-Wallet,Mobile,10.0,Delivered,2.0,15.0,0.75,17.24,17.24,1078,25-34,Low (<$50),2025-05,Monday,0,1
ORD101171,2024-11-23,C1119,31,Male,Indonesia,Bandung,2022-04-15,VIP,Organic Search,Home & Kitchen,1,71.72,10.0,9.99,PayPal,Mobile,4.0,Delivered,,71.72,7.17,74.54,74.54,953,25-34,Medium ($50-150),2024-11,Saturday,0,0
ORD100146,2024-03-01,C1532,29,Female,Thailand,Chiang Mai,2022-09-02,New,Social Media,Electronics,1,10.08,10.0,9.99,Cash on Delivery,Desktop,8.0,Delivered,,10.08,1.01,19.06,19.06,546,25-34,Low (<$50),2024-03,Friday,0,0
ORD101741,2025-04-25,C1022,47,Male,Malaysia,Johor Bahru,2022-05-17,VIP,Social Media,Electronics,2,142.48,35.0,0.0,Credit Card,Mobile,9.0,Delivered,3.0,284.96,99.74,185.22,185.22,1074,45-54,High ($150-400),2025-04,Friday,0,1
ORD101973,2025-06-22,C1057,50,Male,Malaysia,Johor Bahru,2023-12-05,Regular,Organic Search,Electronics,2,229.48,10.0,0.0,Credit Card,Desktop,4.0,Returned,,458.96,45.9,413.06,0.0,565,45-54,Premium (>$400),2025-06,Sunday,1,0
ORD100402,2024-05-19,C1385,25,Male,Vietnam,Hanoi,2023-11-11,VIP,Social Media,Sports,3,74.02,20.0,0.0,Cash on Delivery,Mobile,7.0,Delivered,4.0,222.06,44.41,177.65,177.65,190,25-34,High ($150-400),2024-05,Sunday,0,1
ORD100954,2024-10-08,C1731,35,Male,Vietnam,Ho Chi Minh City,2024-03-20,Regular,Social Media,Electronics,1,90.79,10.0,9.99,Credit Card,Mobile,2.0,Delivered,4.0,90.79,9.08,91.7,91.7,202,35-44,Medium ($50-150),2024-10,Tuesday,0,1
ORD101921,2025-06-10,C1782,54,Male,Philippines,Manila,2022-06-18,Regular,Paid Ads,Books,1,26.44,0.0,2.99,Credit Card,Tablet,8.0,Delivered,3.0,26.44,0.0,29.43,29.43,1088,45-54,Low (<$50),2025-06,Tuesday,0,1
ORD100659,2024-07-27,C1287,35,Male,Vietnam,Da Nang,2024-07-07,Regular,Social Media,Home & Kitchen,3,105.87,20.0,0.0,E-Wallet,Mobile,,Cancelled,,317.61,63.52,254.09,0.0,20,35-44,High ($150-400),2024-07,Saturday,0,0
ORD101372,2024-12-28,C1323,42,Female,Malaysia,Johor Bahru,2022-03-27,Regular,Organic Search,Toys,1,36.39,0.0,6.99,Credit Card,Tablet,1.0,Delivered,4.0,36.39,0.0,43.38,43.38,1007,35-44,Low (<$50),2024-12,Saturday,0,1
ORD100463,2024-06-05,C1182,29,Female,Thailand,Phuket,2023-02-05,New,Paid Ads,Beauty,1,6.09,20.0,6.99,E-Wallet,Desktop,6.0,Delivered,,6.09,1.22,11.86,11.86,486,25-34,Low (<$50),2024-06,Wednesday,0,0
ORD101349,2024-12-24,C1401,36,Male,Vietnam,Da Nang,2022-03-21,VIP,Social Media,Fashion,2,72.35,30.0,0.0,E-Wallet,Mobile,5.0,Delivered,5.0,144.7,43.41,101.29,101.29,1009,35-44,Medium ($50-150),2024-12,Tuesday,0,1
ORD100186,2024-03-20,C1076,29,Male,Malaysia,Johor Bahru,2022-02-08,New,Email,Home & Kitchen,4,116.52,10.0,0.0,Credit Card,Desktop,2.0,Delivered,4.0,466.08,46.61,419.47,419.47,771,25-34,Premium (>$400),2024-03,Wednesday,0,1
ORD101147,2024-11-19,C1333,23,Female,Cambodia,Sihanoukville,2023-10-11,New,Referral,Toys,1,39.1,0.0,6.99,E-Wallet,Mobile,2.0,Delivered,,39.1,0.0,46.09,46.09,405,18-24,Low (<$50),2024-11,Tuesday,0,0
ORD101224,2024-12-03,C1546,36,Male,Cambodia,Sihanoukville,2023-01-23,Regular,Organic Search,Home & Kitchen,2,56.04,20.0,2.99,Cash on Delivery,Desktop,6.0,Delivered,3.0,112.08,22.42,92.65,92.65,680,35-44,Medium ($50-150),2024-12,Tuesday,0,1
ORD100608,2024-07-12,C1286,37,Female,Malaysia,Johor Bahru,2024-05-18,Regular,Social Media,Beauty,1,46.38,0.0,4.99,E-Wallet,Mobile,11.0,Delivered,3.0,46.38,0.0,51.37,51.37,55,35-44,Medium ($50-150),2024-07,Friday,0,1
ORD100143,2024-02-29,C1260,31,Female,Singapore,Singapore,2024-01-16,Regular,Email,Toys,1,52.13,15.0,6.99,Credit Card,Desktop,7.0,Delivered,3.0,52.13,7.82,51.3,51.3,44,25-34,Medium ($50-150),2024-02,Thursday,0,1
ORD100751,2024-08-19,C1359,32,Male,Thailand,Bangkok,2024-08-08,Regular,Organic Search,Books,1,18.46,0.0,9.99,E-Wallet,Mobile,5.0,Delivered,5.0,18.46,0.0,28.45,28.45,11,25-34,Low (<$50),2024-08,Monday,0,1
ORD101534,2025-02-17,C1067,29,Female,Thailand,Chiang Mai,2024-09-06,Regular,Social Media,Fashion,3,65.57,25.0,0.0,Credit Card,Mobile,10.0,Delivered,,196.71,49.18,147.53,147.53,164,25-34,Medium ($50-150),2025-02,Monday,0,0
ORD100981,2024-10-16,C1147,32,Female,Cambodia,Siem Reap,2024-02-28,Regular,Social Media,Beauty,1,26.69,10.0,9.99,PayPal,Desktop,,Cancelled,,26.69,2.67,34.01,0.0,231,25-34,Low (<$50),2024-10,Wednesday,0,0
ORD100197,2024-03-24,C1635,31,Female,Malaysia,Johor Bahru,2023-07-27,Regular,Paid Ads,Sports,1,113.53,5.0,6.99,E-Wallet,Desktop,4.0,Delivered,4.0,113.53,5.68,114.84,114.84,241,25-34,Medium ($50-150),2024-03,Sunday,0,1
ORD101633,2025-03-21,C1260,31,Female,Singapore,Singapore,2024-01-16,Regular,Email,Toys,1,36.98,0.0,4.99,Credit Card,Desktop,11.0,Delivered,,36.98,0.0,41.97,41.97,430,25-34,Low (<$50),2025-03,Friday,0,0
ORD100883,2024-09-18,C1275,38,Male,Singapore,Singapore,2023-01-01,VIP,Paid Ads,Home & Kitchen,2,36.43,25.0,4.99,E-Wallet,Mobile,1.0,Delivered,,72.86,18.22,59.63,59.63,626,35-44,Medium ($50-150),2024-09,Wednesday,0,0
ORD100279,2024-04-19,C1441,38,Female,Malaysia,Johor Bahru,2024-04-18,Regular,Organic Search,Home & Kitchen,1,87.1,30.0,6.99,Credit Card,Desktop,,Cancelled,,87.1,26.13,67.96,0.0,1,35-44,Medium ($50-150),2024-04,Friday,0,0
ORD100293,2024-04-21,C1805,46,Female,Cambodia,Sihanoukville,2024-04-20,VIP,Paid Ads,Fashion,1,43.64,5.0,9.99,E-Wallet,Mobile,5.0,Delivered,,43.64,2.18,51.45,51.45,1,45-54,Medium ($50-150),2024-04,Sunday,0,0
ORD101865,2025-05-29,C1266,36,Female,Singapore,Singapore,2022-05-12,Regular,Email,Fashion,4,15.0,5.0,4.99,E-Wallet,Desktop,3.0,Delivered,,60.0,3.0,61.99,61.99,1113,35-44,Medium ($50-150),2025-05,Thursday,0,0
ORD100400,2024-05-19,C1286,37,Female,Malaysia,Johor Bahru,2024-05-18,Regular,Social Media,Beauty,1,35.66,5.0,6.99,Credit Card,Tablet,2.0,Returned,2.0,35.66,1.78,40.87,0.0,1,35-44,Low (<$50),2024-05,Sunday,1,1
ORD100122,2024-02-18,C1098,38,Female,Cambodia,Siem Reap,2023-02-21,New,Referral,Electronics,2,203.62,0.0,0.0,E-Wallet,Desktop,5.0,Delivered,,407.24,0.0,407.24,407.24,362,35-44,Premium (>$400),2024-02,Sunday,0,0
ORD101207,2024-11-29,C1745,44,Male,Cambodia,Phnom Penh,2024-02-07,Regular,Social Media,Sports,2,72.2,0.0,0.0,E-Wallet,Mobile,9.0,Delivered,3.0,144.4,0.0,144.4,144.4,296,35-44,Medium ($50-150),2024-11,Friday,0,1
ORD100202,2024-03-26,C1145,29,Male,Cambodia,Siem Reap,2023-12-05,VIP,Social Media,Toys,3,9.57,5.0,2.99,Cash on Delivery,Desktop,1.0,Delivered,5.0,28.71,1.44,30.26,30.26,112,25-34,Low (<$50),2024-03,Tuesday,0,1
ORD101462,2025-01-20,C1103,42,Male,Vietnam,Ho Chi Minh City,2022-04-21,Regular,Social Media,Electronics,1,158.54,0.0,0.0,E-Wallet,Desktop,5.0,Delivered,4.0,158.54,0.0,158.54,158.54,1005,35-44,High ($150-400),2025-01,Monday,0,1
ORD100835,2024-09-06,C1494,31,Female,Singapore,Singapore,2024-03-16,VIP,Referral,Fashion,1,84.73,15.0,6.99,Credit Card,Desktop,7.0,Delivered,4.0,84.73,12.71,79.01,79.01,174,25-34,Medium ($50-150),2024-09,Friday,0,1
ORD100246,2024-04-09,C1255,43,Male,Malaysia,Penang,2023-10-01,New,Organic Search,Toys,1,29.66,5.0,9.99,E-Wallet,Mobile,5.0,Delivered,,29.66,1.48,38.17,38.17,191,35-44,Low (<$50),2024-04,Tuesday,0,0
ORD101439,2025-01-13,C1594,20,Female,Vietnam,Hanoi,2022-06-29,Regular,Organic Search,Home & Kitchen,1,112.44,5.0,4.99,Cash on Delivery,Mobile,7.0,Delivered,4.0,112.44,5.62,111.81,111.81,929,18-24,Medium ($50-150),2025-01,Monday,0,1
ORD101733,2025-04-23,C1479,63,Male,Vietnam,Ho Chi Minh City,2022-01-07,VIP,Organic Search,Beauty,1,36.6,15.0,4.99,Credit Card,Mobile,8.0,Delivered,2.0,36.6,5.49,36.1,36.1,1202,55+,Low (<$50),2025-04,Wednesday,0,1
ORD101869,2025-05-31,C1121,36,Female,Cambodia,Phnom Penh,2023-10-04,Regular,Paid Ads,Beauty,2,40.75,0.0,4.99,Cash on Delivery,Desktop,6.0,Delivered,3.0,81.5,0.0,86.49,86.49,605,35-44,Medium ($50-150),2025-05,Saturday,0,1
ORD101945,2025-06-16,C1320,43,Male,Thailand,Bangkok,2022-09-30,New,Social Media,Fashion,1,93.88,20.0,2.99,PayPal,Mobile,11.0,Delivered,,93.88,18.78,78.09,78.09,990,35-44,Medium ($50-150),2025-06,Monday,0,0
ORD101707,2025-04-13,C1495,44,Female,Thailand,Bangkok,2022-11-16,New,Paid Ads,Sports,1,97.9,0.0,6.99,Bank Transfer,Mobile,5.0,Delivered,4.0,97.9,0.0,104.89,104.89,879,35-44,Medium ($50-150),2025-04,Sunday,0,1
ORD101924,2025-06-10,C1839,30,Female,Vietnam,Ho Chi Minh City,2022-11-23,Regular,Social Media,Electronics,1,145.6,5.0,0.0,Credit Card,Desktop,7.0,Delivered,,145.6,7.28,138.32,138.32,930,25-34,Medium ($50-150),2025-06,Tuesday,0,0
ORD101153,2024-11-20,C1250,30,Male,Vietnam,Hanoi,2022-11-13,VIP,Organic Search,Fashion,2,71.63,0.0,0.0,Credit Card,Tablet,4.0,Delivered,,143.26,0.0,143.26,143.26,738,25-34,Medium ($50-150),2024-11,Wednesday,0,0
ORD101661,2025-03-29,C1014,39,Female,Thailand,Bangkok,2023-11-07,VIP,Organic Search,Electronics,3,123.33,15.0,0.0,Credit Card,Tablet,4.0,Delivered,3.0,369.99,55.5,314.49,314.49,508,35-44,High ($150-400),2025-03,Saturday,0,1
ORD101426,2025-01-08,C1176,51,Male,Malaysia,Kuala Lumpur,2024-05-04,VIP,Organic Search,Beauty,1,21.98,15.0,4.99,Bank Transfer,Mobile,11.0,Delivered,4.0,21.98,3.3,23.67,23.67,249,45-54,Low (<$50),2025-01,Wednesday,0,1
ORD100384,2024-05-15,C1087,34,Female,Vietnam,Da Nang,2024-04-28,Regular,Social Media,Fashion,1,79.11,0.0,9.99,E-Wallet,Mobile,4.0,Returned,2.0,79.11,0.0,89.1,0.0,17,25-34,Medium ($50-150),2024-05,Wednesday,1,1
ORD101797,2025-05-09,C1502,26,Male,Philippines,Cebu,2023-04-09,VIP,Paid Ads,Electronics,2,16.39,15.0,4.99,Cash on Delivery,Desktop,1.0,Returned,,32.78,4.92,32.85,0.0,761,25-34,Low (<$50),2025-05,Friday,1,0
ORD101759,2025-04-29,C1365,50,Female,Cambodia,Sihanoukville,2022-12-17,Regular,Email,Electronics,1,3.0,0.0,9.99,Bank Transfer,Mobile,3.0,Delivered,,3.0,0.0,12.99,12.99,864,45-54,Low (<$50),2025-04,Tuesday,0,0
ORD100854,2024-09-08,C1696,18,Female,Thailand,Chiang Mai,2024-09-07,Regular,Social Media,Electronics,4,360.03,15.0,0.0,Credit Card,Mobile,11.0,Delivered,4.0,1440.12,216.02,1224.1,1224.1,1,18-24,Premium (>$400),2024-09,Sunday,0,1
ORD101589,2025-03-06,C1737,43,Female,Vietnam,Hanoi,2024-07-07,Regular,Social Media,Home & Kitchen,1,49.09,25.0,2.99,E-Wallet,Mobile,5.0,Delivered,2.0,49.09,12.27,39.81,39.81,242,35-44,Low (<$50),2025-03,Thursday,0,1
ORD100219,2024-03-31,C1379,29,Female,Malaysia,Penang,2022-08-22,New,Organic Search,Beauty,1,25.56,10.0,4.99,Credit Card,Mobile,,Cancelled,,25.56,2.56,27.99,0.0,587,25-34,Low (<$50),2024-03,Sunday,0,0
ORD100641,2024-07-22,C1484,33,Female,Cambodia,Sihanoukville,2023-10-18,Regular,Social Media,Fashion,1,23.33,25.0,4.99,Cash on Delivery,Desktop,5.0,Delivered,3.0,23.33,5.83,22.49,22.49,278,25-34,Low (<$50),2024-07,Monday,0,1
ORD100001,2024-01-01,C1006,35,Male,Singapore,Singapore,2022-04-17,Regular,Email,Fashion,5,46.98,0.0,0.0,Credit Card,Desktop,8.0,Returned,3.0,234.9,0.0,234.9,0.0,624,35-44,High ($150-400),2024-01,Monday,1,1
ORD100112,2024-02-14,C1429,38,Male,Thailand,Bangkok,2022-12-25,Regular,Social Media,Sports,2,16.94,10.0,6.99,Bank Transfer,Tablet,10.0,Delivered,,33.88,3.39,37.48,37.48,416,35-44,Low (<$50),2024-02,Wednesday,0,0
ORD100698,2024-08-06,C1749,24,Female,Singapore,Singapore,2022-04-18,VIP,Social Media,Toys,2,3.0,0.0,2.99,E-Wallet,Desktop,9.0,Delivered,3.0,6.0,0.0,8.99,8.99,841,18-24,Low (<$50),2024-08,Tuesday,0,1
ORD101960,2025-06-19,C1192,30,Female,Vietnam,Hanoi,2023-03-21,New,Organic Search,Electronics,1,192.71,0.0,0.0,E-Wallet,Mobile,,Cancelled,,192.71,0.0,192.71,0.0,821,25-34,High ($150-400),2025-06,Thursday,0,0
ORD100951,2024-10-06,C1485,32,Female,Vietnam,Da Nang,2023-03-05,New,Organic Search,Beauty,1,41.72,15.0,4.99,Bank Transfer,Mobile,4.0,Delivered,5.0,41.72,6.26,40.45,40.45,581,25-34,Low (<$50),2024-10,Sunday,0,1
ORD101648,2025-03-25,C1370,34,Female,Singapore,Singapore,2023-05-07,Regular,Social Media,Home & Kitchen,2,145.08,0.0,0.0,Credit Card,Mobile,7.0,Delivered,2.0,290.16,0.0,290.16,290.16,688,25-34,High ($150-400),2025-03,Tuesday,0,1
ORD101636,2025-03-22,C1146,27,Female,Cambodia,Phnom Penh,2022-03-19,VIP,Paid Ads,Fashion,1,108.91,15.0,6.99,PayPal,Tablet,3.0,Delivered,4.0,108.91,16.34,99.56,99.56,1099,25-34,Medium ($50-150),2025-03,Saturday,0,1
ORD101787,2025-05-07,C1652,52,Male,Singapore,Singapore,2023-09-22,Regular,Organic Search,Sports,2,78.73,0.0,0.0,E-Wallet,Tablet,10.0,Delivered,3.0,157.46,0.0,157.46,157.46,593,45-54,High ($150-400),2025-05,Wednesday,0,1
ORD101410,2025-01-04,C1276,26,Female,Indonesia,Surabaya,2022-10-13,VIP,Organic Search,Fashion,2,59.57,20.0,2.99,E-Wallet,Desktop,1.0,Delivered,4.0,119.14,23.83,98.3,98.3,814,25-34,Medium ($50-150),2025-01,Saturday,0,1
ORD101409,2025-01-04,C1075,42,Male,Singapore,Singapore,2023-03-11,Regular,Email,Sports,1,96.57,10.0,4.99,E-Wallet,Mobile,10.0,Delivered,4.0,96.57,9.66,91.9,91.9,665,35-44,Medium ($50-150),2025-01,Saturday,0,1
ORD101533,2025-02-17,C1167,38,Female,Vietnam,Hanoi,2024-02-13,VIP,Organic Search,Electronics,1,265.84,30.0,0.0,Credit Card,Mobile,6.0,Delivered,4.0,265.84,79.75,186.09,186.09,370,35-44,High ($150-400),2025-02,Monday,0,1
ORD101850,2025-05-25,C1065,43,Female,Thailand,Bangkok,2022-06-21,VIP,Email,Home & Kitchen,1,123.74,30.0,0.0,Bank Transfer,Mobile,11.0,Delivered,3.0,123.74,37.12,86.62,86.62,1069,35-44,Medium ($50-150),2025-05,Sunday,0,1
ORD100441,2024-05-30,C1310,47,Female,Cambodia,Phnom Penh,2023-05-17,VIP,Email,Electronics,1,128.17,20.0,0.0,Bank Transfer,Mobile,3.0,Delivered,,128.17,25.63,102.54,102.54,379,45-54,Medium ($50-150),2024-05,Thursday,0,0
ORD101520,2025-02-12,C1430,23,Male,Singapore,Singapore,2023-12-16,Regular,Organic Search,Fashion,1,39.45,0.0,6.99,Cash on Delivery,Mobile,3.0,Delivered,4.0,39.45,0.0,46.44,46.44,424,18-24,Low (<$50),2025-02,Wednesday,0,1
ORD101136,2024-11-17,C1142,18,Female,Malaysia,Kuala Lumpur,2022-04-22,Regular,Social Media,Electronics,1,75.96,15.0,6.99,Cash on Delivery,Mobile,2.0,Delivered,,75.96,11.39,71.56,71.56,940,18-24,Medium ($50-150),2024-11,Sunday,0,0
ORD101715,2025-04-17,C1104,24,Female,Singapore,Singapore,2022-04-18,Regular,Social Media,Sports,1,132.77,0.0,0.0,Credit Card,Mobile,1.0,Delivered,5.0,132.77,0.0,132.77,132.77,1095,18-24,Medium ($50-150),2025-04,Thursday,0,1
ORD101256,2024-12-10,C1235,27,Female,Philippines,Manila,2024-08-24,VIP,Social Media,Electronics,1,409.26,0.0,0.0,E-Wallet,Mobile,1.0,Delivered,,409.26,0.0,409.26,409.26,108,25-34,Premium (>$400),2024-12,Tuesday,0,0
ORD101906,2025-06-07,C1280,39,Female,Thailand,Bangkok,2022-02-06,New,Organic Search,Beauty,2,62.92,5.0,0.0,Credit Card,Desktop,2.0,Delivered,4.0,125.84,6.29,119.55,119.55,1217,35-44,Medium ($50-150),2025-06,Saturday,0,1
ORD101631,2025-03-20,C1678,38,Female,Vietnam,Ho Chi Minh City,2023-06-16,VIP,Organic Search,Toys,1,29.52,10.0,9.99,Credit Card,Desktop,4.0,Delivered,,29.52,2.95,36.56,36.56,643,35-44,Low (<$50),2025-03,Thursday,0,0
ORD101397,2024-12-31,C1708,32,Male,Cambodia,Battambang,2023-12-16,Regular,Social Media,Electronics,1,442.27,15.0,0.0,Bank Transfer,Mobile,2.0,Delivered,5.0,442.27,66.34,375.93,375.93,381,25-34,High ($150-400),2024-12,Tuesday,0,1
ORD100663,2024-07-28,C1215,45,Male,Singapore,Singapore,2023-03-12,New,Social Media,Beauty,1,29.59,0.0,4.99,E-Wallet,Mobile,9.0,Delivered,,29.59,0.0,34.58,34.58,504,45-54,Low (<$50),2024-07,Sunday,0,0
ORD101877,2025-06-01,C1223,22,Female,Cambodia,Phnom Penh,2023-02-26,New,Referral,Fashion,2,48.26,0.0,4.99,E-Wallet,Mobile,1.0,Delivered,5.0,96.52,0.0,101.51,101.51,826,18-24,Medium ($50-150),2025-06,Sunday,0,1
ORD101257,2024-12-10,C1424,24,Female,Thailand,Bangkok,2023-05-16,New,Organic Search,Electronics,4,149.53,10.0,0.0,Cash on Delivery,Desktop,8.0,Delivered,5.0,598.12,59.81,538.31,538.31,574,18-24,Premium (>$400),2024-12,Tuesday,0,1
ORD101813,2025-05-14,C1408,18,Female,Cambodia,Siem Reap,2023-08-03,Regular,Paid Ads,Beauty,1,21.26,0.0,6.99,Cash on Delivery,Mobile,10.0,Delivered,2.0,21.26,0.0,28.25,28.25,650,18-24,Low (<$50),2025-05,Wednesday,0,1
ORD101700,2025-04-11,C1375,60,Female,Thailand,Chiang Mai,2024-07-20,New,Social Media,Sports,3,53.7,0.0,0.0,E-Wallet,Desktop,3.0,Delivered,4.0,161.1,0.0,161.1,161.1,265,55+,High ($150-400),2025-04,Friday,0,1
ORD100317,2024-04-29,C1552,37,Female,Vietnam,Da Nang,2023-08-20,VIP,Paid Ads,Sports,1,67.24,5.0,6.99,Cash on Delivery,Desktop,11.0,Delivered,3.0,67.24,3.36,70.87,70.87,253,35-44,Medium ($50-150),2024-04,Monday,0,1
ORD100648,2024-07-24,C1444,30,Male,Cambodia,Phnom Penh,2023-02-18,VIP,Email,Fashion,1,32.66,25.0,4.99,Credit Card,Desktop,7.0,Delivered,3.0,32.66,8.16,29.49,29.49,522,25-34,Low (<$50),2024-07,Wednesday,0,1
ORD101434,2025-01-11,C1659,30,Female,Thailand,Chiang Mai,2023-10-08,VIP,Social Media,Home & Kitchen,1,21.21,5.0,4.99,Credit Card,Desktop,3.0,Delivered,4.0,21.21,1.06,25.14,25.14,461,25-34,Low (<$50),2025-01,Saturday,0,1
ORD101479,2025-01-26,C1528,37,Female,Cambodia,Battambang,2023-09-28,VIP,Paid Ads,Electronics,2,516.98,5.0,0.0,E-Wallet,Desktop,3.0,Delivered,3.0,1033.96,51.7,982.26,982.26,486,35-44,Premium (>$400),2025-01,Sunday,0,1
ORD100709,2024-08-08,C1616,42,Male,Vietnam,Hanoi,2024-07-30,VIP,Organic Search,Electronics,1,178.57,0.0,0.0,E-Wallet,Mobile,8.0,Delivered,,178.57,0.0,178.57,178.57,9,35-44,High ($150-400),2024-08,Thursday,0,0
ORD101382,2024-12-29,C1001,23,Female,Philippines,Cebu,2024-07-26,Regular,Social Media,Fashion,3,69.11,20.0,0.0,Cash on Delivery,Mobile,6.0,Delivered,3.0,207.33,41.47,165.86,165.86,156,18-24,High ($150-400),2024-12,Sunday,0,1
ORD101282,2024-12-14,C1441,38,Female,Malaysia,Johor Bahru,2024-04-18,Regular,Organic Search,Books,1,12.53,0.0,6.99,E-Wallet,Tablet,4.0,Delivered,,12.53,0.0,19.52,19.52,240,35-44,Low (<$50),2024-12,Saturday,0,0
ORD101768,2025-05-03,C1137,43,Female,Singapore,Singapore,2022-02-06,VIP,Social Media,Electronics,1,382.52,25.0,0.0,Credit Card,Mobile,3.0,Delivered,4.0,382.52,95.63,286.89,286.89,1182,35-44,High ($150-400),2025-05,Saturday,0,1
ORD100972,2024-10-15,C1586,21,Male,Cambodia,Siem Reap,2024-06-07,VIP,Email,Electronics,1,77.93,10.0,6.99,E-Wallet,Mobile,6.0,Delivered,3.0,77.93,7.79,77.13,77.13,130,18-24,Medium ($50-150),2024-10,Tuesday,0,1
ORD100627,2024-07-18,C1806,33,Male,Vietnam,Hanoi,2023-12-03,Regular,Organic Search,Electronics,3,202.37,0.0,0.0,E-Wallet,Desktop,10.0,Delivered,3.0,607.11,0.0,607.11,607.11,228,25-34,Premium (>$400),2024-07,Thursday,0,1
ORD100632,2024-07-19,C1579,38,Male,Singapore,Singapore,2022-07-20,Regular,Referral,Toys,5,30.25,5.0,0.0,Credit Card,Mobile,10.0,Delivered,2.0,151.25,7.56,143.69,143.69,730,35-44,Medium ($50-150),2024-07,Friday,0,1
ORD101306,2024-12-17,C1609,40,Female,Cambodia,Sihanoukville,2024-03-10,Regular,Organic Search,Electronics,2,353.95,5.0,0.0,E-Wallet,Mobile,5.0,Delivered,4.0,707.9,35.4,672.5,672.5,282,35-44,Premium (>$400),2024-12,Tuesday,0,1
ORD101400,2025-01-01,C1659,30,Female,Thailand,Chiang Mai,2023-10-08,VIP,Social Media,Electronics,1,248.0,0.0,0.0,E-Wallet,Mobile,3.0,Delivered,5.0,248.0,0.0,248.0,248.0,451,25-34,High ($150-400),2025-01,Wednesday,0,1
ORD101408,2025-01-03,C1705,23,Male,Vietnam,Ho Chi Minh City,2022-03-22,VIP,Organic Search,Electronics,1,142.23,5.0,0.0,PayPal,Mobile,7.0,Delivered,,142.23,7.11,135.12,135.12,1018,18-24,Medium ($50-150),2025-01,Friday,0,0
ORD101248,2024-12-08,C1344,52,Female,Indonesia,Bandung,2022-03-23,VIP,Social Media,Sports,1,68.6,0.0,2.99,E-Wallet,Mobile,4.0,Delivered,,68.6,0.0,71.59,71.59,991,45-54,Medium ($50-150),2024-12,Sunday,0,0
ORD101997,2025-06-30,C1410,34,Female,Cambodia,Siem Reap,2023-06-02,Regular,Email,Home & Kitchen,1,121.23,0.0,0.0,Credit Card,Tablet,3.0,Delivered,4.0,121.23,0.0,121.23,121.23,759,25-34,Medium ($50-150),2025-06,Monday,0,1
ORD101254,2024-12-09,C1332,26,Female,Indonesia,Surabaya,2023-02-02,Regular,Email,Beauty,3,33.28,30.0,6.99,Credit Card,Mobile,10.0,Delivered,3.0,99.84,29.95,76.88,76.88,676,25-34,Medium ($50-150),2024-12,Monday,0,1
ORD101496,2025-02-01,C1664,33,Male,Philippines,Manila,2023-12-26,VIP,Social Media,Beauty,2,26.84,15.0,2.99,Credit Card,Tablet,4.0,Delivered,4.0,53.68,8.05,48.62,48.62,403,25-34,Low (<$50),2025-02,Saturday,0,1
ORD101371,2024-12-28,C1432,33,Male,Thailand,Phuket,2022-10-02,Regular,Organic Search,Electronics,1,3.0,5.0,6.99,Cash on Delivery,Mobile,11.0,Delivered,2.0,3.0,0.15,9.84,9.84,818,25-34,Low (<$50),2024-12,Saturday,0,1
ORD101529,2025-02-16,C1035,46,Female,Vietnam,Ho Chi Minh City,2024-07-10,VIP,Organic Search,Beauty,3,39.73,20.0,9.99,Cash on Delivery,Mobile,1.0,Delivered,,119.19,23.84,105.34,105.34,221,45-54,Medium ($50-150),2025-02,Sunday,0,0
ORD101663,2025-03-30,C1404,40,Female,Cambodia,Siem Reap,2023-08-18,VIP,Referral,Home & Kitchen,2,171.5,15.0,0.0,Credit Card,Mobile,5.0,Delivered,4.0,343.0,51.45,291.55,291.55,590,35-44,High ($150-400),2025-03,Sunday,0,1
ORD101354,2024-12-25,C1189,52,Male,Cambodia,Phnom Penh,2023-04-24,Regular,Email,Sports,3,88.04,10.0,0.0,E-Wallet,Tablet,7.0,Delivered,3.0,264.12,26.41,237.71,237.71,611,45-54,High ($150-400),2024-12,Wednesday,0,1
ORD101821,2025-05-17,C1191,32,Male,Cambodia,Phnom Penh,2024-09-07,Regular,Referral,Toys,4,3.0,0.0,6.99,Cash on Delivery,Desktop,9.0,Delivered,,12.0,0.0,18.99,18.99,252,25-34,Low (<$50),2025-05,Saturday,0,0
ORD101970,2025-06-22,C1411,18,Male,Cambodia,Battambang,2022-07-25,VIP,Referral,Fashion,2,99.46,20.0,0.0,Credit Card,Desktop,8.0,Delivered,4.0,198.92,39.78,159.14,159.14,1063,18-24,High ($150-400),2025-06,Sunday,0,1
ORD101944,2025-06-16,C1633,18,Female,Cambodia,Sihanoukville,2023-12-30,Regular,Paid Ads,Fashion,1,64.97,0.0,6.99,E-Wallet,Desktop,7.0,Delivered,,64.97,0.0,71.96,71.96,534,18-24,Medium ($50-150),2025-06,Monday,0,0
ORD101643,2025-03-24,C1776,22,Male,Cambodia,Sihanoukville,2022-12-22,Regular,Referral,Fashion,1,34.35,0.0,9.99,Cash on Delivery,Mobile,10.0,Delivered,2.0,34.35,0.0,44.34,44.34,823,18-24,Low (<$50),2025-03,Monday,0,1
ORD101891,2025-06-03,C1393,39,Male,Singapore,Singapore,2023-03-09,New,Organic Search,Electronics,1,225.37,25.0,0.0,Credit Card,Desktop,,Cancelled,,225.37,56.34,169.03,0.0,817,35-44,High ($150-400),2025-06,Tuesday,0,0
ORD100795,2024-08-27,C1048,41,Female,Thailand,Chiang Mai,2022-09-23,Regular,Social Media,Sports,3,44.29,5.0,0.0,Bank Transfer,Desktop,10.0,Delivered,3.0,132.87,6.64,126.23,126.23,704,35-44,Medium ($50-150),2024-08,Tuesday,0,1
ORD100645,2024-07-23,C1010,44,Male,Singapore,Singapore,2024-05-14,New,Paid Ads,Home & Kitchen,1,57.79,0.0,2.99,Credit Card,Tablet,6.0,Returned,,57.79,0.0,60.78,0.0,70,35-44,Medium ($50-150),2024-07,Tuesday,1,0
ORD101012,2024-10-24,C1361,38,Male,Malaysia,Johor Bahru,2022-06-12,Regular,Social Media,Books,1,19.58,0.0,4.99,E-Wallet,Mobile,7.0,Delivered,3.0,19.58,0.0,24.57,24.57,865,35-44,Low (<$50),2024-10,Thursday,0,1
ORD101881,2025-06-01,C1270,26,Male,Malaysia,Penang,2022-07-29,Regular,Social Media,Fashion,3,38.92,25.0,2.99,Credit Card,Tablet,11.0,Delivered,2.0,116.76,29.19,90.56,90.56,1038,25-34,Medium ($50-150),2025-06,Sunday,0,1
ORD100556,2024-06-30,C1774,34,Female,Malaysia,Penang,2023-12-05,VIP,Organic Search,Electronics,2,218.41,5.0,0.0,Credit Card,Tablet,10.0,Returned,,436.82,21.84,414.98,0.0,208,25-34,Premium (>$400),2024-06,Sunday,1,0
ORD100681,2024-08-02,C1518,44,Male,Thailand,Bangkok,2023-10-25,VIP,Paid Ads,Fashion,1,64.73,5.0,2.99,Credit Card,Mobile,3.0,Delivered,,64.73,3.24,64.48,64.48,282,35-44,Medium ($50-150),2024-08,Friday,0,0
ORD100577,2024-07-04,C1748,30,Female,Philippines,Manila,2024-07-03,Regular,Organic Search,Electronics,1,64.71,0.0,4.99,E-Wallet,Mobile,11.0,Delivered,,64.71,0.0,69.7,69.7,1,25-34,Medium ($50-150),2024-07,Thursday,0,0
ORD101819,2025-05-15,C1809,36,Male,Vietnam,Da Nang,2022-07-22,VIP,Organic Search,Books,1,25.21,0.0,2.99,E-Wallet,Desktop,6.0,Delivered,4.0,25.21,0.0,28.2,28.2,1028,35-44,Low (<$50),2025-05,Thursday,0,1
ORD101109,2024-11-12,C1110,39,Male,Vietnam,Da Nang,2023-11-18,Regular,Organic Search,Beauty,1,11.52,10.0,6.99,Bank Transfer,Mobile,7.0,Delivered,2.0,11.52,1.15,17.36,17.36,360,35-44,Low (<$50),2024-11,Tuesday,0,1
ORD101266,2024-12-11,C1444,34,Male,Cambodia,Phnom Penh,2023-02-18,VIP,Email,Books,1,19.48,35.0,2.99,PayPal,Desktop,5.0,Delivered,,19.48,6.82,15.65,15.65,662,25-34,Low (<$50),2024-12,Wednesday,0,0
ORD101722,2025-04-18,C1242,18,Male,Philippines,Davao,2024-03-15,New,Organic Search,Sports,1,71.53,0.0,9.99,Credit Card,Mobile,8.0,Delivered,4.0,71.53,0.0,81.52,81.52,399,18-24,Medium ($50-150),2025-04,Friday,0,1
ORD101183,2024-11-25,C1227,55,Female,Cambodia,Phnom Penh,2022-12-13,New,Social Media,Books,1,22.8,15.0,6.99,Credit Card,Desktop,2.0,Delivered,,22.8,3.42,26.37,26.37,713,55+,Low (<$50),2024-11,Monday,0,0
ORD100524,2024-06-19,C1036,33,Female,Thailand,Phuket,2024-06-18,New,Social Media,Sports,2,108.59,25.0,0.0,Credit Card,Mobile,2.0,Delivered,4.0,217.18,54.3,162.88,162.88,1,25-34,High ($150-400),2024-06,Wednesday,0,1
ORD101059,2024-11-04,C1145,34,Male,Cambodia,Siem Reap,2023-12-05,VIP,Social Media,Electronics,5,220.46,10.0,0.0,E-Wallet,Desktop,1.0,Delivered,4.0,1102.3,110.23,992.07,992.07,335,25-34,Premium (>$400),2024-11,Monday,0,1
ORD100540,2024-06-24,C1660,18,Male,Thailand,Phuket,2022-06-03,Regular,Organic Search,Home & Kitchen,1,87.82,0.0,4.99,E-Wallet,Mobile,4.0,Delivered,4.0,87.82,0.0,92.81,92.81,752,18-24,Medium ($50-150),2024-06,Monday,0,1
ORD101194,2024-11-26,C1238,22,Female,Indonesia,Surabaya,2022-03-12,Regular,Social Media,Electronics,1,201.86,0.0,0.0,E-Wallet,Mobile,4.0,Delivered,4.0,201.86,0.0,201.86,201.86,990,18-24,High ($150-400),2024-11,Tuesday,0,1
ORD101678,2025-04-03,C1478,34,Male,Cambodia,Siem Reap,2023-01-30,VIP,Paid Ads,Home & Kitchen,1,71.31,0.0,4.99,Cash on Delivery,Mobile,6.0,Delivered,,71.31,0.0,76.3,76.3,794,25-34,Medium ($50-150),2025-04,Thursday,0,0
ORD100748,2024-08-18,C1215,45,Male,Singapore,Singapore,2023-03-12,New,Social Media,Fashion,2,20.02,10.0,9.99,E-Wallet,Mobile,6.0,Delivered,,40.04,4.0,46.03,46.03,525,45-54,Low (<$50),2024-08,Sunday,0,0
ORD101894,2025-06-03,C1374,40,Male,Thailand,Bangkok,2022-10-02,VIP,Social Media,Sports,2,57.57,10.0,6.99,Cash on Delivery,Mobile,10.0,Delivered,5.0,115.14,11.51,110.62,110.62,975,35-44,Medium ($50-150),2025-06,Tuesday,0,1
ORD101430,2025-01-10,C1561,38,Female,Malaysia,Kuala Lumpur,2024-04-10,Regular,Paid Ads,Home & Kitchen,1,38.32,0.0,4.99,Credit Card,Mobile,10.0,Delivered,4.0,38.32,0.0,43.31,43.31,275,35-44,Low (<$50),2025-01,Friday,0,1
ORD100484,2024-06-09,C1733,32,Female,Vietnam,Ho Chi Minh City,2022-06-18,New,Paid Ads,Electronics,2,184.48,10.0,0.0,Credit Card,Mobile,8.0,Delivered,4.0,368.96,36.9,332.06,332.06,722,25-34,High ($150-400),2024-06,Sunday,0,1
ORD101757,2025-04-28,C1627,49,Male,Cambodia,Siem Reap,2022-04-12,Regular,Email,Electronics,1,221.79,0.0,0.0,E-Wallet,Mobile,7.0,Delivered,5.0,221.79,0.0,221.79,221.79,1112,45-54,High ($150-400),2025-04,Monday,0,1
ORD100095,2024-02-08,C1239,28,Female,Cambodia,Battambang,2024-02-07,Regular,Organic Search,Home & Kitchen,3,97.75,15.0,0.0,Cash on Delivery,Tablet,3.0,Returned,4.0,293.25,43.99,249.26,0.0,1,25-34,High ($150-400),2024-02,Thursday,1,1
ORD101020,2024-10-27,C1462,18,Male,Thailand,Phuket,2022-03-15,Regular,Email,Toys,1,24.19,10.0,6.99,PayPal,Mobile,7.0,Delivered,3.0,24.19,2.42,28.76,28.76,957,18-24,Low (<$50),2024-10,Sunday,0,1
ORD100563,2024-07-01,C1735,36,Female,Thailand,Chiang Mai,2023-11-20,VIP,Social Media,Sports,1,152.68,0.0,0.0,Cash on Delivery,Mobile,11.0,Returned,,152.68,0.0,152.68,0.0,224,35-44,High ($150-400),2024-07,Monday,1,0
ORD101264,2024-12-11,C1235,27,Female,Philippines,Manila,2024-08-24,VIP,Social Media,Beauty,1,54.91,0.0,9.99,Credit Card,Mobile,,Cancelled,,54.91,0.0,64.9,0.0,109,25-34,Medium ($50-150),2024-12,Wednesday,0,0
ORD100863,2024-09-13,C1744,35,Female,Vietnam,Ho Chi Minh City,2022-07-28,Regular,Email,Fashion,1,63.28,0.0,6.99,Bank Transfer,Mobile,1.0,Delivered,5.0,63.28,0.0,70.27,70.27,778,35-44,Medium ($50-150),2024-09,Friday,0,1
ORD101598,2025-03-08,C1702,23,Female,Vietnam,Hanoi,2024-05-08,Regular,Referral,Books,3,4.27,0.0,4.99,E-Wallet,Desktop,2.0,Delivered,5.0,12.81,0.0,17.8,17.8,304,18-24,Low (<$50),2025-03,Saturday,0,1
ORD101714,2025-04-16,C1592,54,Male,Thailand,Chiang Mai,2022-10-16,Regular,Social Media,Home & Kitchen,1,96.04,20.0,9.99,Credit Card,Mobile,9.0,Delivered,,96.04,19.21,86.82,86.82,913,45-54,Medium ($50-150),2025-04,Wednesday,0,0
ORD101484,2025-01-28,C1217,49,Female,Thailand,Chiang Mai,2023-03-16,New,Organic Search,Home & Kitchen,1,21.34,0.0,4.99,Credit Card,Mobile,5.0,Delivered,,21.34,0.0,26.33,26.33,684,45-54,Low (<$50),2025-01,Tuesday,0,0
ORD100891,2024-09-19,C1157,45,Female,Malaysia,Johor Bahru,2024-02-14,Regular,Referral,Sports,1,25.52,0.0,9.99,E-Wallet,Mobile,,Cancelled,,25.52,0.0,35.51,0.0,218,45-54,Low (<$50),2024-09,Thursday,0,0
ORD101577,2025-03-02,C1584,42,Female,Singapore,Singapore,2023-05-22,VIP,Organic Search,Books,1,24.07,15.0,2.99,E-Wallet,Desktop,,Cancelled,,24.07,3.61,23.45,0.0,650,35-44,Low (<$50),2025-03,Sunday,0,0
ORD101038,2024-11-01,C1301,18,Male,Thailand,Chiang Mai,2023-04-20,New,Email,Fashion,2,40.46,10.0,6.99,Credit Card,Desktop,,Cancelled,,80.92,8.09,79.82,0.0,561,18-24,Medium ($50-150),2024-11,Friday,0,0
ORD100206,2024-03-26,C1164,43,Female,Cambodia,Sihanoukville,2023-03-30,VIP,Social Media,Sports,1,3.0,0.0,9.99,Cash on Delivery,Mobile,7.0,Returned,3.0,3.0,0.0,12.99,0.0,362,35-44,Low (<$50),2024-03,Tuesday,1,1
ORD100392,2024-05-17,C1453,57,Male,Cambodia,Battambang,2022-02-10,VIP,Email,Home & Kitchen,2,69.44,5.0,0.0,E-Wallet,Mobile,7.0,Delivered,,138.88,6.94,131.94,131.94,827,55+,Medium ($50-150),2024-05,Friday,0,0
ORD100794,2024-08-27,C1036,33,Female,Thailand,Phuket,2024-06-18,New,Social Media,Electronics,2,196.93,0.0,0.0,E-Wallet,Mobile,5.0,Delivered,,393.86,0.0,393.86,393.86,70,25-34,High ($150-400),2024-08,Tuesday,0,0
ORD100870,2024-09-14,C1685,29,Female,Cambodia,Battambang,2024-03-11,New,Referral,Electronics,1,156.86,5.0,0.0,Credit Card,Mobile,1.0,Delivered,3.0,156.86,7.84,149.02,149.02,187,25-34,Medium ($50-150),2024-09,Saturday,0,1
ORD100397,2024-05-19,C1774,34,Female,Malaysia,Penang,2023-12-05,VIP,Organic Search,Sports,1,131.37,20.0,0.0,Credit Card,Desktop,6.0,Delivered,3.0,131.37,26.27,105.1,105.1,166,25-34,Medium ($50-150),2024-05,Sunday,0,1
ORD100766,2024-08-20,C1590,21,Female,Thailand,Chiang Mai,2023-05-14,Regular,Referral,Electronics,2,3.0,10.0,2.99,Bank Transfer,Tablet,2.0,Delivered,5.0,6.0,0.6,8.39,8.39,464,18-24,Low (<$50),2024-08,Tuesday,0,1
ORD101883,2025-06-02,C1437,22,Male,Cambodia,Phnom Penh,2024-09-07,Regular,Email,Electronics,1,197.56,0.0,0.0,Credit Card,Desktop,10.0,Delivered,3.0,197.56,0.0,197.56,197.56,268,18-24,High ($150-400),2025-06,Monday,0,1
ORD101241,2024-12-06,C1730,34,Male,Cambodia,Sihanoukville,2023-09-19,New,Social Media,Books,1,21.34,10.0,2.99,Cash on Delivery,Desktop,7.0,Delivered,4.0,21.34,2.13,22.2,22.2,444,25-34,Low (<$50),2024-12,Friday,0,1
ORD101028,2024-10-29,C1761,41,Male,Vietnam,Hanoi,2023-08-26,VIP,Email,Electronics,3,199.42,30.0,0.0,E-Wallet,Tablet,8.0,Delivered,3.0,598.26,179.48,418.78,418.78,430,35-44,Premium (>$400),2024-10,Tuesday,0,1
ORD101792,2025-05-08,C1650,54,Male,Thailand,Chiang Mai,2024-01-28,VIP,Social Media,Fashion,2,33.98,5.0,6.99,Credit Card,Mobile,5.0,Delivered,,67.96,3.4,71.55,71.55,466,45-54,Medium ($50-150),2025-05,Thursday,0,0
ORD100642,2024-07-22,C1614,25,Male,Cambodia,Battambang,2023-01-23,VIP,Social Media,Fashion,4,34.28,20.0,0.0,PayPal,Mobile,10.0,Delivered,,137.12,27.42,109.7,109.7,546,25-34,Medium ($50-150),2024-07,Monday,0,0
ORD101935,2025-06-13,C1518,44,Male,Thailand,Bangkok,2023-10-25,VIP,Paid Ads,Home & Kitchen,3,120.01,0.0,0.0,Credit Card,Desktop,2.0,Delivered,4.0,360.03,0.0,360.03,360.03,597,35-44,High ($150-400),2025-06,Friday,0,1
ORD100612,2024-07-13,C1385,25,Male,Vietnam,Hanoi,2023-11-11,VIP,Social Media,Electronics,2,323.19,25.0,0.0,E-Wallet,Mobile,,Cancelled,,646.38,161.6,484.78,0.0,245,25-34,Premium (>$400),2024-07,Saturday,0,0
ORD101762,2025-04-30,C1544,34,Male,Philippines,Cebu,2023-11-12,Regular,Social Media,Home & Kitchen,1,62.61,15.0,2.99,Bank Transfer,Mobile,5.0,Delivered,3.0,62.61,9.39,56.21,56.21,535,25-34,Medium ($50-150),2025-04,Wednesday,0,1
ORD100960,2024-10-09,C1568,40,Female,Thailand,Chiang Mai,2024-09-26,New,Paid Ads,Home & Kitchen,1,92.94,0.0,9.99,PayPal,Mobile,9.0,Delivered,3.0,92.94,0.0,102.93,102.93,13,35-44,Medium ($50-150),2024-10,Wednesday,0,1
ORD101570,2025-02-28,C1252,53,Female,Singapore,Singapore,2024-07-05,New,Organic Search,Books,1,6.78,0.0,2.99,Credit Card,Desktop,7.0,Returned,3.0,6.78,0.0,9.77,0.0,238,45-54,Low (<$50),2025-02,Friday,1,1
ORD100725,2024-08-12,C1210,44,Male,Thailand,Bangkok,2024-03-04,VIP,Organic Search,Home & Kitchen,3,88.95,15.0,0.0,E-Wallet,Mobile,3.0,Returned,3.0,266.85,40.03,226.82,0.0,161,35-44,High ($150-400),2024-08,Monday,1,1
ORD100683,2024-08-02,C1212,34,Male,Cambodia,Sihanoukville,2022-09-03,Regular,Social Media,Fashion,1,3.0,0.0,4.99,Bank Transfer,Mobile,3.0,Delivered,3.0,3.0,0.0,7.99,7.99,699,25-34,Low (<$50),2024-08,Friday,0,1
ORD100098,2024-02-09,C1174,20,Female,Cambodia,Siem Reap,2023-12-29,VIP,Organic Search,Sports,1,89.0,15.0,2.99,E-Wallet,Desktop,4.0,Delivered,3.0,89.0,13.35,78.64,78.64,42,18-24,Medium ($50-150),2024-02,Friday,0,1
ORD100804,2024-08-30,C1678,38,Female,Vietnam,Ho Chi Minh City,2023-06-16,VIP,Organic Search,Home & Kitchen,3,85.48,10.0,0.0,Cash on Delivery,Mobile,4.0,Returned,1.0,256.44,25.64,230.8,0.0,441,35-44,High ($150-400),2024-08,Friday,1,1
ORD101751,2025-04-27,C1556,34,Male,Singapore,Singapore,2022-12-07,VIP,Email,Toys,1,48.43,0.0,6.99,Credit Card,Desktop,7.0,Delivered,,48.43,0.0,55.42,55.42,872,25-34,Medium ($50-150),2025-04,Sunday,0,0
ORD101597,2025-03-08,C1017,34,Male,Thailand,Bangkok,2024-03-20,New,Organic Search,Toys,5,54.85,20.0,0.0,E-Wallet,Mobile,10.0,Delivered,,274.25,54.85,219.4,219.4,353,25-34,High ($150-400),2025-03,Saturday,0,0
ORD100406,2024-05-21,C1100,30,Female,Singapore,Singapore,2024-05-20,New,Email,Beauty,2,3.0,0.0,9.99,E-Wallet,Desktop,3.0,Delivered,3.0,6.0,0.0,15.99,15.99,1,25-34,Low (<$50),2024-05,Tuesday,0,1
ORD100502,2024-06-13,C1030,58,Female,Cambodia,Siem Reap,2022-08-04,New,Email,Electronics,1,3.0,10.0,2.99,Credit Card,Desktop,2.0,Delivered,4.0,3.0,0.3,5.69,5.69,679,55+,Low (<$50),2024-06,Thursday,0,1
ORD101071,2024-11-06,C1045,36,Female,Indonesia,Surabaya,2023-04-22,Regular,Organic Search,Electronics,4,219.07,30.0,0.0,PayPal,Mobile,3.0,Delivered,,876.28,262.88,613.4,613.4,564,35-44,Premium (>$400),2024-11,Wednesday,0,0
ORD101056,2024-11-03,C1321,32,Male,Thailand,Phuket,2023-06-22,VIP,Email,Fashion,1,20.99,20.0,4.99,Credit Card,Mobile,10.0,Delivered,3.0,20.99,4.2,21.78,21.78,500,25-34,Low (<$50),2024-11,Sunday,0,1
ORD100929,2024-09-27,C1338,47,Male,Indonesia,Surabaya,2022-01-07,New,Referral,Sports,1,3.0,0.0,6.99,Credit Card,Tablet,9.0,Delivered,,3.0,0.0,9.99,9.99,994,45-54,Low (<$50),2024-09,Friday,0,0
ORD100779,2024-08-24,C1130,34,Female,Cambodia,Sihanoukville,2022-06-07,Regular,Social Media,Fashion,1,28.26,0.0,6.99,Bank Transfer,Mobile,1.0,Delivered,5.0,28.26,0.0,35.25,35.25,809,25-34,Low (<$50),2024-08,Saturday,0,1
ORD101863,2025-05-29,C1253,23,Male,Cambodia,Phnom Penh,2022-05-05,Regular,Paid Ads,Home & Kitchen,4,108.21,0.0,0.0,E-Wallet,Desktop,1.0,Delivered,5.0,432.84,0.0,432.84,432.84,1120,18-24,Premium (>$400),2025-05,Thursday,0,1
ORD100200,2024-03-25,C1581,21,Male,Thailand,Bangkok,2022-02-27,VIP,Paid Ads,Toys,2,63.97,0.0,0.0,PayPal,Mobile,4.0,Delivered,,127.94,0.0,127.94,127.94,757,18-24,Medium ($50-150),2024-03,Monday,0,0
ORD100134,2024-02-25,C1444,30,Male,Cambodia,Phnom Penh,2023-02-18,VIP,Email,Home & Kitchen,1,174.44,5.0,0.0,E-Wallet,Desktop,4.0,Delivered,4.0,174.44,8.72,165.72,165.72,372,25-34,High ($150-400),2024-02,Sunday,0,1
ORD101051,2024-11-02,C1025,30,Female,Cambodia,Battambang,2023-07-11,Regular,Social Media,Beauty,2,36.63,0.0,6.99,E-Wallet,Mobile,2.0,Returned,3.0,73.26,0.0,80.25,0.0,480,25-34,Medium ($50-150),2024-11,Saturday,1,1
ORD100040,2024-01-18,C1384,18,Male,Cambodia,Battambang,2023-04-25,VIP,Organic Search,Beauty,2,13.05,15.0,4.99,Bank Transfer,Mobile,1.0,Delivered,,26.1,3.92,27.17,27.17,268,18-24,Low (<$50),2024-01,Thursday,0,0
ORD101017,2024-10-27,C1536,28,Male,Thailand,Chiang Mai,2023-08-08,New,Referral,Beauty,5,14.74,0.0,6.99,Cash on Delivery,Mobile,11.0,Delivered,,73.7,0.0,80.69,80.69,446,25-34,Medium ($50-150),2024-10,Sunday,0,0
ORD100230,2024-04-03,C1361,38,Male,Malaysia,Johor Bahru,2022-06-12,Regular,Social Media,Beauty,1,48.46,0.0,9.99,E-Wallet,Desktop,6.0,Delivered,4.0,48.46,0.0,58.45,58.45,661,35-44,Medium ($50-150),2024-04,Wednesday,0,1
ORD101513,2025-02-09,C1417,49,Male,Cambodia,Siem Reap,2023-10-22,New,Social Media,Fashion,5,49.81,5.0,0.0,Credit Card,Desktop,8.0,Returned,2.0,249.05,12.45,236.6,0.0,476,45-54,High ($150-400),2025-02,Sunday,1,1
ORD101796,2025-05-09,C1556,26,Male,Singapore,Singapore,2022-12-07,VIP,Email,Home & Kitchen,1,122.63,10.0,0.0,Cash on Delivery,Mobile,10.0,Delivered,,122.63,12.26,110.37,110.37,884,25-34,Medium ($50-150),2025-05,Friday,0,0
ORD100378,2024-05-14,C1183,46,Male,Cambodia,Sihanoukville,2022-06-18,VIP,Social Media,Fashion,2,71.97,10.0,0.0,Credit Card,Desktop,4.0,Returned,,143.94,14.39,129.55,0.0,696,45-54,Medium ($50-150),2024-05,Tuesday,1,0
ORD100418,2024-05-24,C1720,33,Male,Vietnam,Hanoi,2022-01-10,Regular,Paid Ads,Fashion,4,71.77,0.0,0.0,E-Wallet,Mobile,6.0,Delivered,,287.08,0.0,287.08,287.08,865,25-34,High ($150-400),2024-05,Friday,0,0
ORD101698,2025-04-10,C1571,33,Female,Singapore,Singapore,2024-09-18,Regular,Organic Search,Home & Kitchen,4,132.86,5.0,0.0,Credit Card,Tablet,8.0,Delivered,,531.44,26.57,504.87,504.87,204,25-34,Premium (>$400),2025-04,Thursday,0,0
ORD100391,2024-05-17,C1137,43,Female,Singapore,Singapore,2022-02-06,VIP,Social Media,Sports,3,38.18,25.0,2.99,Credit Card,Mobile,7.0,Delivered,,114.54,28.64,88.89,88.89,831,35-44,Medium ($50-150),2024-05,Friday,0,0
ORD100592,2024-07-10,C1666,18,Male,Cambodia,Battambang,2023-09-24,VIP,Paid Ads,Electronics,1,187.21,10.0,0.0,Credit Card,Mobile,9.0,Delivered,3.0,187.21,18.72,168.49,168.49,290,18-24,High ($150-400),2024-07,Wednesday,0,1
ORD101522,2025-02-13,C1513,33,Female,Cambodia,Battambang,2022-10-12,Regular,Paid Ads,Fashion,1,70.08,10.0,4.99,Bank Transfer,Desktop,1.0,Returned,2.0,70.08,7.01,68.06,0.0,855,25-34,Medium ($50-150),2025-02,Thursday,1,1
ORD101162,2024-11-22,C1193,50,Male,Thailand,Chiang Mai,2024-02-03,New,Social Media,Beauty,2,51.33,0.0,9.99,Bank Transfer,Mobile,6.0,Delivered,3.0,102.66,0.0,112.65,112.65,293,45-54,Medium ($50-150),2024-11,Friday,0,1
ORD101086,2024-11-07,C1631,62,Female,Cambodia,Phnom Penh,2023-10-21,VIP,Paid Ads,Fashion,4,44.56,0.0,0.0,Cash on Delivery,Mobile,7.0,Delivered,3.0,178.24,0.0,178.24,178.24,383,55+,High ($150-400),2024-11,Thursday,0,1
ORD101495,2025-02-01,C1510,18,Female,Thailand,Phuket,2023-05-21,New,Social Media,Electronics,2,151.96,0.0,0.0,E-Wallet,Desktop,3.0,Delivered,4.0,303.92,0.0,303.92,303.92,622,18-24,High ($150-400),2025-02,Saturday,0,1
ORD100647,2024-07-24,C1148,46,Male,Vietnam,Ho Chi Minh City,2024-05-24,VIP,Social Media,Toys,2,6.7,15.0,9.99,E-Wallet,Mobile,11.0,Delivered,,13.4,2.01,21.38,21.38,61,45-54,Low (<$50),2024-07,Wednesday,0,0
ORD101152,2024-11-20,C1506,61,Male,Philippines,Cebu,2022-01-24,VIP,Paid Ads,Electronics,3,248.79,5.0,0.0,Bank Transfer,Mobile,9.0,Returned,,746.37,37.32,709.05,0.0,1031,55+,Premium (>$400),2024-11,Wednesday,1,0
ORD101367,2024-12-27,C1369,43,Female,Cambodia,Battambang,2023-03-31,VIP,Organic Search,Fashion,1,55.31,0.0,6.99,Credit Card,Mobile,6.0,Returned,,55.31,0.0,62.3,0.0,637,35-44,Medium ($50-150),2024-12,Friday,1,0
ORD100520,2024-06-18,C1378,52,Female,Thailand,Chiang Mai,2022-11-12,Regular,Social Media,Electronics,2,137.98,0.0,0.0,Bank Transfer,Desktop,6.0,Delivered,,275.96,0.0,275.96,275.96,584,45-54,High ($150-400),2024-06,Tuesday,0,0
ORD101862,2025-05-28,C1285,29,Female,Thailand,Phuket,2023-01-31,Regular,Email,Home & Kitchen,1,3.38,20.0,4.99,Credit Card,Mobile,9.0,Delivered,,3.38,0.68,7.69,7.69,848,25-34,Low (<$50),2025-05,Wednesday,0,0
ORD101880,2025-06-01,C1805,34,Female,Cambodia,Sihanoukville,2024-04-20,VIP,Paid Ads,Toys,1,15.43,20.0,6.99,Credit Card,Mobile,2.0,Delivered,5.0,15.43,3.09,19.33,19.33,407,25-34,Low (<$50),2025-06,Sunday,0,1
ORD100064,2024-01-26,C1771,49,Female,Thailand,Chiang Mai,2022-12-09,New,Paid Ads,Sports,1,3.0,0.0,6.99,E-Wallet,Mobile,9.0,Delivered,,3.0,0.0,9.99,9.99,413,45-54,Low (<$50),2024-01,Friday,0,0
ORD101836,2025-05-22,C1620,29,Male,Malaysia,Johor Bahru,2024-03-25,Regular,Social Media,Electronics,1,140.52,10.0,0.0,E-Wallet,Mobile,11.0,Delivered,,140.52,14.05,126.47,126.47,423,25-34,Medium ($50-150),2025-05,Thursday,0,0
ORD100014,2024-01-07,C1538,18,Male,Vietnam,Ho Chi Minh City,2023-06-04,Regular,Organic Search,Home & Kitchen,4,91.22,15.0,0.0,Cash on Delivery,Mobile,5.0,Delivered,,364.88,54.73,310.15,310.15,217,18-24,High ($150-400),2024-01,Sunday,0,0
ORD101180,2024-11-25,C1736,43,Female,Vietnam,Ho Chi Minh City,2024-05-22,VIP,Email,Home & Kitchen,1,52.87,20.0,6.99,PayPal,Mobile,6.0,Delivered,3.0,52.87,10.57,49.29,49.29,187,35-44,Low (<$50),2024-11,Monday,0,1
ORD101064,2024-11-05,C1538,18,Male,Vietnam,Ho Chi Minh City,2023-06-04,Regular,Organic Search,Beauty,2,52.27,0.0,6.99,Credit Card,Mobile,2.0,Delivered,,104.54,0.0,111.53,111.53,520,18-24,Medium ($50-150),2024-11,Tuesday,0,0
ORD100492,2024-06-11,C1478,34,Male,Cambodia,Siem Reap,2023-01-30,VIP,Paid Ads,Home & Kitchen,1,91.03,0.0,2.99,Credit Card,Tablet,10.0,Returned,2.0,91.03,0.0,94.02,0.0,498,25-34,Medium ($50-150),2024-06,Tuesday,1,1
ORD100379,2024-05-14,C1247,54,Male,Vietnam,Hanoi,2024-02-14,VIP,Organic Search,Books,1,14.08,20.0,4.99,E-Wallet,Desktop,8.0,Delivered,,14.08,2.82,16.25,16.25,90,45-54,Low (<$50),2024-05,Tuesday,0,0
ORD100187,2024-03-20,C1678,38,Female,Vietnam,Ho Chi Minh City,2023-06-16,VIP,Organic Search,Sports,3,3.0,0.0,4.99,Credit Card,Mobile,5.0,Delivered,,9.0,0.0,13.99,13.99,278,35-44,Low (<$50),2024-03,Wednesday,0,0
ORD100763,2024-08-20,C1434,34,Male,Cambodia,Siem Reap,2023-10-27,New,Organic Search,Home & Kitchen,1,24.35,0.0,2.99,Credit Card,Desktop,2.0,Delivered,4.0,24.35,0.0,27.34,27.34,298,25-34,Low (<$50),2024-08,Tuesday,0,1
ORD100216,2024-03-30,C1564,44,Female,Vietnam,Hanoi,2023-11-27,Regular,Organic Search,Home & Kitchen,1,42.08,15.0,4.99,E-Wallet,Mobile,7.0,Returned,3.0,42.08,6.31,40.76,0.0,124,35-44,Low (<$50),2024-03,Saturday,1,1
ORD100791,2024-08-26,C1710,34,Female,Singapore,Singapore,2022-06-08,VIP,Social Media,Toys,5,25.15,5.0,0.0,Credit Card,Mobile,9.0,Delivered,,125.75,6.29,119.46,119.46,810,25-34,Medium ($50-150),2024-08,Monday,0,0
ORD101076,2024-11-06,C1294,31,Male,Vietnam,Hanoi,2022-12-31,New,Referral,Electronics,5,37.42,0.0,0.0,E-Wallet,Desktop,11.0,Delivered,,187.1,0.0,187.1,187.1,676,25-34,High ($150-400),2024-11,Wednesday,0,0
ORD100878,2024-09-17,C1629,18,Male,Cambodia,Siem Reap,2024-09-16,Regular,Social Media,Fashion,2,24.08,15.0,9.99,Credit Card,Mobile,7.0,Delivered,3.0,48.16,7.22,50.93,50.93,1,18-24,Medium ($50-150),2024-09,Tuesday,0,1
ORD100337,2024-05-05,C1176,51,Male,Malaysia,Kuala Lumpur,2024-05-04,VIP,Organic Search,Electronics,2,17.19,20.0,9.99,Credit Card,Desktop,4.0,Delivered,4.0,34.38,6.88,37.49,37.49,1,45-54,Low (<$50),2024-05,Sunday,0,1
ORD101772,2025-05-04,C1599,18,Female,Cambodia,Siem Reap,2024-09-16,Regular,Organic Search,Fashion,2,19.47,10.0,2.99,Credit Card,Mobile,11.0,Delivered,3.0,38.94,3.89,38.04,38.04,230,18-24,Low (<$50),2025-05,Sunday,0,1
ORD100719,2024-08-10,C1049,35,Male,Cambodia,Sihanoukville,2023-01-01,VIP,Social Media,Electronics,2,292.15,25.0,0.0,E-Wallet,Desktop,4.0,Delivered,4.0,584.3,146.07,438.23,438.23,587,35-44,Premium (>$400),2024-08,Saturday,0,1
ORD101748,2025-04-26,C1096,19,Male,Thailand,Bangkok,2022-05-05,Regular,Email,Fashion,2,55.83,15.0,4.99,Bank Transfer,Desktop,5.0,Delivered,,111.66,16.75,99.9,99.9,1087,18-24,Medium ($50-150),2025-04,Saturday,0,0
ORD100295,2024-04-22,C1822,21,Male,Indonesia,Jakarta,2023-05-22,New,Email,Electronics,3,322.81,20.0,0.0,E-Wallet,Mobile,5.0,Delivered,4.0,968.43,193.69,774.74,774.74,336,18-24,Premium (>$400),2024-04,Monday,0,1
ORD101725,2025-04-19,C1034,41,Female,Singapore,Singapore,2023-10-01,Regular,Organic Search,Books,1,21.44,20.0,4.99,Cash on Delivery,Mobile,9.0,Delivered,,21.44,4.29,22.14,22.14,566,35-44,Low (<$50),2025-04,Saturday,0,0
ORD101016,2024-10-26,C1799,34,Male,Thailand,Chiang Mai,2023-10-16,Regular,Email,Home & Kitchen,1,43.69,5.0,2.99,Bank Transfer,Mobile,2.0,Returned,,43.69,2.18,44.5,0.0,376,25-34,Low (<$50),2024-10,Saturday,1,0
ORD101275,2024-12-13,C1049,35,Male,Cambodia,Sihanoukville,2023-01-01,VIP,Social Media,Fashion,2,74.34,0.0,0.0,Credit Card,Mobile,3.0,Delivered,5.0,148.68,0.0,148.68,148.68,712,35-44,Medium ($50-150),2024-12,Friday,0,1
ORD101750,2025-04-27,C1212,34,Male,Cambodia,Sihanoukville,2022-09-03,Regular,Social Media,Home & Kitchen,3,22.35,10.0,6.99,Credit Card,Desktop,4.0,Returned,,67.05,6.7,67.34,0.0,967,25-34,Medium ($50-150),2025-04,Sunday,1,0
ORD101485,2025-01-29,C1609,40,Female,Cambodia,Sihanoukville,2024-03-10,Regular,Organic Search,Fashion,1,68.26,0.0,6.99,Credit Card,Desktop,9.0,Returned,2.0,68.26,0.0,75.25,0.0,325,35-44,Medium ($50-150),2025-01,Wednesday,1,1
ORD100455,2024-06-03,C1749,24,Female,Singapore,Singapore,2022-04-18,VIP,Social Media,Electronics,1,243.49,5.0,0.0,Cash on Delivery,Desktop,,Cancelled,,243.49,12.17,231.32,0.0,777,18-24,High ($150-400),2024-06,Monday,0,0
ORD100815,2024-09-01,C1186,36,Male,Cambodia,Battambang,2023-06-09,Regular,Referral,Home & Kitchen,1,59.01,10.0,4.99,Bank Transfer,Desktop,4.0,Delivered,4.0,59.01,5.9,58.1,58.1,450,35-44,Medium ($50-150),2024-09,Sunday,0,1
ORD101886,2025-06-02,C1785,37,Male,Cambodia,Battambang,2024-09-23,Regular,Email,Sports,2,3.0,5.0,2.99,Cash on Delivery,Desktop,6.0,Delivered,,6.0,0.3,8.69,8.69,252,35-44,Low (<$50),2025-06,Monday,0,0
ORD100269,2024-04-17,C1259,19,Female,Indonesia,Bandung,2023-01-16,New,Referral,Fashion,1,23.99,0.0,6.99,Credit Card,Mobile,9.0,Delivered,4.0,23.99,0.0,30.98,30.98,457,18-24,Low (<$50),2024-04,Wednesday,0,1
ORD100201,2024-03-25,C1552,37,Female,Vietnam,Da Nang,2023-08-20,VIP,Paid Ads,Electronics,1,16.37,10.0,4.99,Bank Transfer,Mobile,1.0,Delivered,4.0,16.37,1.64,19.72,19.72,218,35-44,Low (<$50),2024-03,Monday,0,1
ORD100161,2024-03-12,C1701,31,Male,Vietnam,Ho Chi Minh City,2023-03-09,Regular,Email,Electronics,1,523.77,15.0,0.0,Cash on Delivery,Mobile,8.0,Delivered,3.0,523.77,78.57,445.2,445.2,369,25-34,Premium (>$400),2024-03,Tuesday,0,1
ORD101579,2025-03-03,C1139,66,Male,Philippines,Cebu,2023-11-10,Regular,Email,Sports,4,101.28,0.0,0.0,E-Wallet,Mobile,2.0,Delivered,5.0,405.12,0.0,405.12,405.12,479,55+,Premium (>$400),2025-03,Monday,0,1
ORD100729,2024-08-13,C1198,34,Male,Cambodia,Sihanoukville,2022-05-14,New,Social Media,Fashion,1,50.7,25.0,9.99,Credit Card,Mobile,,Cancelled,,50.7,12.68,48.01,0.0,822,25-34,Low (<$50),2024-08,Tuesday,0,0
ORD100401,2024-05-19,C1444,30,Male,Cambodia,Phnom Penh,2023-02-18,VIP,Email,Electronics,1,273.32,10.0,0.0,Bank Transfer,Mobile,7.0,Delivered,4.0,273.32,27.33,245.99,245.99,456,25-34,High ($150-400),2024-05,Sunday,0,1
ORD100702,2024-08-06,C1285,29,Female,Thailand,Phuket,2023-01-31,Regular,Email,Fashion,1,126.45,5.0,0.0,Credit Card,Mobile,10.0,Delivered,2.0,126.45,6.32,120.13,120.13,553,25-34,Medium ($50-150),2024-08,Tuesday,0,1
ORD101500,2025-02-02,C1706,24,Male,Cambodia,Sihanoukville,2022-12-27,Regular,Email,Toys,1,26.41,0.0,4.99,Credit Card,Tablet,5.0,Delivered,4.0,26.41,0.0,31.4,31.4,768,18-24,Low (<$50),2025-02,Sunday,0,1
ORD101845,2025-05-24,C1122,36,Male,Cambodia,Phnom Penh,2024-03-21,VIP,Referral,Electronics,2,86.65,0.0,0.0,E-Wallet,Desktop,3.0,Returned,3.0,173.3,0.0,173.3,0.0,429,35-44,High ($150-400),2025-05,Saturday,1,1
ORD101795,2025-05-09,C1664,33,Male,Philippines,Manila,2023-12-26,VIP,Social Media,Electronics,1,159.23,0.0,0.0,Cash on Delivery,Desktop,3.0,Delivered,4.0,159.23,0.0,159.23,159.23,500,25-34,High ($150-400),2025-05,Friday,0,1
ORD101129,2024-11-16,C1588,37,Male,Philippines,Manila,2024-03-03,VIP,Paid Ads,Electronics,3,113.43,10.0,0.0,Bank Transfer,Mobile,10.0,Returned,3.0,340.29,34.03,306.26,0.0,258,35-44,High ($150-400),2024-11,Saturday,1,1
ORD100565,2024-07-02,C1826,34,Male,Cambodia,Phnom Penh,2023-08-24,Regular,Paid Ads,Fashion,1,47.83,0.0,9.99,Credit Card,Desktop,9.0,Delivered,3.0,47.83,0.0,57.82,57.82,313,25-34,Medium ($50-150),2024-07,Tuesday,0,1
ORD101413,2025-01-05,C1438,27,Female,Singapore,Singapore,2023-02-16,New,Paid Ads,Fashion,1,43.68,5.0,6.99,E-Wallet,Desktop,5.0,Delivered,,43.68,2.18,48.49,48.49,689,25-34,Low (<$50),2025-01,Sunday,0,0
ORD101021,2024-10-27,C1086,29,Female,Vietnam,Da Nang,2022-11-07,Regular,Social Media,Fashion,2,73.56,15.0,0.0,Bank Transfer,Mobile,8.0,Delivered,,147.12,22.07,125.05,125.05,720,25-34,Medium ($50-150),2024-10,Sunday,0,0
ORD101025,2024-10-29,C1085,39,Female,Cambodia,Siem Reap,2024-01-21,VIP,Organic Search,Electronics,2,34.29,0.0,2.99,E-Wallet,Desktop,9.0,Delivered,4.0,68.58,0.0,71.57,71.57,282,35-44,Medium ($50-150),2024-10,Tuesday,0,1
ORD101411,2025-01-04,C1496,18,Female,Cambodia,Phnom Penh,2022-05-06,Regular,Social Media,Toys,1,67.49,0.0,9.99,E-Wallet,Mobile,7.0,Delivered,3.0,67.49,0.0,77.48,77.48,974,18-24,Medium ($50-150),2025-01,Saturday,0,1
ORD101895,2025-06-04,C1408,18,Female,Cambodia,Siem Reap,2023-08-03,Regular,Paid Ads,Home & Kitchen,2,4.17,15.0,4.99,Credit Card,Desktop,1.0,Delivered,,8.34,1.25,12.08,12.08,671,18-24,Low (<$50),2025-06,Wednesday,0,0
ORD101585,2025-03-05,C1361,38,Male,Malaysia,Johor Bahru,2022-06-12,Regular,Social Media,Electronics,2,114.41,0.0,0.0,Bank Transfer,Mobile,11.0,Delivered,,228.82,0.0,228.82,228.82,997,35-44,High ($150-400),2025-03,Wednesday,0,0
ORD101955,2025-06-18,C1085,39,Female,Cambodia,Siem Reap,2024-01-21,VIP,Organic Search,Fashion,2,30.44,5.0,4.99,PayPal,Desktop,2.0,Delivered,3.0,60.88,3.04,62.83,62.83,514,35-44,Medium ($50-150),2025-06,Wednesday,0,1
ORD101104,2024-11-10,C1561,38,Female,Malaysia,Kuala Lumpur,2024-04-10,Regular,Paid Ads,Fashion,1,114.54,5.0,9.99,Bank Transfer,Desktop,4.0,Delivered,4.0,114.54,5.73,118.8,118.8,214,35-44,Medium ($50-150),2024-11,Sunday,0,1
ORD100205,2024-03-26,C1319,21,Female,Vietnam,Da Nang,2023-11-08,Regular,Referral,Beauty,2,24.96,0.0,6.99,E-Wallet,Mobile,3.0,Delivered,4.0,49.92,0.0,56.91,56.91,139,18-24,Medium ($50-150),2024-03,Tuesday,0,1
ORD100034,2024-01-16,C1285,29,Female,Thailand,Phuket,2023-01-31,Regular,Email,Fashion,2,100.36,0.0,0.0,Cash on Delivery,Mobile,2.0,Delivered,4.0,200.72,0.0,200.72,200.72,350,25-34,High ($150-400),2024-01,Tuesday,0,1
ORD100775,2024-08-23,C1747,40,Female,Vietnam,Ho Chi Minh City,2022-10-30,New,Organic Search,Fashion,2,10.82,10.0,6.99,Cash on Delivery,Mobile,4.0,Delivered,3.0,21.64,2.16,26.47,26.47,663,35-44,Low (<$50),2024-08,Friday,0,1
ORD100508,2024-06-14,C1692,44,Male,Malaysia,Penang,2024-01-12,New,Organic Search,Beauty,2,37.53,0.0,4.99,Cash on Delivery,Desktop,6.0,Delivered,,75.06,0.0,80.05,80.05,154,35-44,Medium ($50-150),2024-06,Friday,0,0
ORD101451,2025-01-17,C1022,47,Male,Malaysia,Johor Bahru,2022-05-17,VIP,Social Media,Fashion,3,58.94,0.0,0.0,Bank Transfer,Mobile,7.0,Delivered,,176.82,0.0,176.82,176.82,976,45-54,High ($150-400),2025-01,Friday,0,0
ORD101478,2025-01-26,C1401,36,Male,Vietnam,Da Nang,2022-03-21,VIP,Social Media,Electronics,1,19.57,10.0,6.99,E-Wallet,Desktop,8.0,Delivered,4.0,19.57,1.96,24.6,24.6,1042,35-44,Low (<$50),2025-01,Sunday,0,1
ORD101390,2024-12-30,C1279,37,Male,Singapore,Singapore,2022-08-14,Regular,Organic Search,Sports,2,3.0,10.0,6.99,E-Wallet,Mobile,8.0,Delivered,3.0,6.0,0.6,12.39,12.39,869,35-44,Low (<$50),2024-12,Monday,0,1
ORD100091,2024-02-07,C1044,35,Female,Cambodia,Battambang,2022-11-27,Regular,Email,Beauty,1,16.84,0.0,6.99,Cash on Delivery,Mobile,6.0,Delivered,,16.84,0.0,23.83,23.83,437,35-44,Low (<$50),2024-02,Wednesday,0,0
ORD101363,2024-12-27,C1643,36,Female,Malaysia,Penang,2023-10-19,New,Organic Search,Home & Kitchen,1,81.23,0.0,9.99,Credit Card,Desktop,1.0,Returned,3.0,81.23,0.0,91.22,0.0,435,35-44,Medium ($50-150),2024-12,Friday,1,1
ORD100897,2024-09-20,C1588,37,Male,Philippines,Manila,2024-03-03,VIP,Paid Ads,Sports,2,107.31,10.0,0.0,Bank Transfer,Desktop,2.0,Delivered,3.0,214.62,21.46,193.16,193.16,201,35-44,High ($150-400),2024-09,Friday,0,1
ORD100564,2024-07-01,C1127,21,Female,Singapore,Singapore,2023-11-25,Regular,Social Media,Beauty,1,32.05,0.0,4.99,E-Wallet,Desktop,2.0,Delivered,,32.05,0.0,37.04,37.04,219,18-24,Low (<$50),2024-07,Monday,0,0
ORD101369,2024-12-27,C1518,44,Male,Thailand,Bangkok,2023-10-25,VIP,Paid Ads,Books,1,15.95,10.0,2.99,Bank Transfer,Desktop,2.0,Delivered,4.0,15.95,1.6,17.34,17.34,429,35-44,Low (<$50),2024-12,Friday,0,1
ORD100776,2024-08-23,C1789,32,Male,Singapore,Singapore,2022-12-05,VIP,Paid Ads,Electronics,2,41.58,25.0,4.99,Bank Transfer,Mobile,5.0,Returned,4.0,83.16,20.79,67.36,0.0,627,25-34,Medium ($50-150),2024-08,Friday,1,1
ORD100241,2024-04-08,C1040,42,Male,Philippines,Manila,2023-09-15,New,Email,Electronics,2,244.88,0.0,0.0,Bank Transfer,Desktop,,Cancelled,,489.76,0.0,489.76,0.0,206,35-44,Premium (>$400),2024-04,Monday,0,0
ORD100013,2024-01-06,C1212,34,Male,Cambodia,Sihanoukville,2022-09-03,Regular,Social Media,Home & Kitchen,4,3.0,20.0,9.99,E-Wallet,Desktop,2.0,Delivered,,12.0,2.4,19.59,19.59,490,25-34,Low (<$50),2024-01,Saturday,0,0
ORD100315,2024-04-28,C1742,23,Male,Vietnam,Hanoi,2023-04-11,Regular,Paid Ads,Sports,1,60.15,10.0,9.99,Cash on Delivery,Desktop,7.0,Delivered,,60.15,6.02,64.12,64.12,383,18-24,Medium ($50-150),2024-04,Sunday,0,0
ORD100600,2024-07-11,C1035,46,Female,Vietnam,Ho Chi Minh City,2024-07-10,VIP,Organic Search,Sports,2,39.99,15.0,2.99,Credit Card,Desktop,5.0,Delivered,3.0,79.98,12.0,70.97,70.97,1,45-54,Medium ($50-150),2024-07,Thursday,0,1
ORD100387,2024-05-15,C1206,25,Male,Vietnam,Hanoi,2022-06-17,New,Social Media,Fashion,1,76.1,0.0,6.99,Bank Transfer,Desktop,3.0,Delivered,,76.1,0.0,83.09,83.09,698,25-34,Medium ($50-150),2024-05,Wednesday,0,0
ORD101297,2024-12-16,C1570,18,Female,Thailand,Chiang Mai,2022-08-14,Regular,Organic Search,Fashion,1,29.39,15.0,6.99,Bank Transfer,Mobile,10.0,Returned,3.0,29.39,4.41,31.97,0.0,855,18-24,Low (<$50),2024-12,Monday,1,1
ORD100166,2024-03-13,C1400,32,Female,Cambodia,Sihanoukville,2023-12-31,Regular,Organic Search,Electronics,1,89.9,10.0,9.99,Cash on Delivery,Desktop,,Cancelled,,89.9,8.99,90.9,0.0,73,25-34,Medium ($50-150),2024-03,Wednesday,0,0
ORD100840,2024-09-07,C1822,21,Male,Indonesia,Jakarta,2023-05-22,New,Email,Books,1,16.06,30.0,4.99,Cash on Delivery,Tablet,2.0,Returned,3.0,16.06,4.82,16.23,0.0,474,18-24,Low (<$50),2024-09,Saturday,1,1
ORD100020,2024-01-10,C1332,26,Female,Indonesia,Surabaya,2023-02-02,Regular,Email,Fashion,2,53.03,5.0,6.99,Cash on Delivery,Tablet,5.0,Delivered,,106.06,5.3,107.75,107.75,342,25-34,Medium ($50-150),2024-01,Wednesday,0,0
ORD100646,2024-07-24,C1273,57,Female,Philippines,Cebu,2023-03-31,VIP,Paid Ads,Home & Kitchen,1,87.98,30.0,6.99,Cash on Delivery,Mobile,1.0,Delivered,,87.98,26.39,68.58,68.58,481,55+,Medium ($50-150),2024-07,Wednesday,0,0
ORD101842,2025-05-24,C1049,35,Male,Cambodia,Sihanoukville,2023-01-01,VIP,Social Media,Sports,1,87.88,10.0,9.99,Bank Transfer,Mobile,10.0,Delivered,4.0,87.88,8.79,89.08,89.08,874,35-44,Medium ($50-150),2025-05,Saturday,0,1
ORD101508,2025-02-07,C1174,20,Female,Cambodia,Sihanoukville,2023-12-29,VIP,Organic Search,Fashion,3,86.4,10.0,0.0,Bank Transfer,Mobile,6.0,Delivered,2.0,259.2,25.92,233.28,233.28,406,18-24,High ($150-400),2025-02,Friday,0,1
ORD101154,2024-11-20,C1103,42,Male,Vietnam,Ho Chi Minh City,2022-04-21,Regular,Social Media,Beauty,2,34.64,0.0,6.99,E-Wallet,Mobile,1.0,Delivered,5.0,69.28,0.0,76.27,76.27,944,35-44,Medium ($50-150),2024-11,Wednesday,0,1
ORD101528,2025-02-16,C1086,29,Female,Vietnam,Da Nang,2022-11-07,Regular,Social Media,Books,1,27.27,20.0,9.99,Credit Card,Tablet,10.0,Returned,,27.27,5.45,31.81,0.0,832,25-34,Low (<$50),2025-02,Sunday,1,0
ORD100831,2024-09-05,C1413,34,Male,Thailand,Phuket,2024-05-14,Regular,Paid Ads,Home & Kitchen,1,48.9,15.0,6.99,Cash on Delivery,Desktop,4.0,Delivered,4.0,48.9,7.34,48.55,48.55,114,25-34,Low (<$50),2024-09,Thursday,0,1
ORD101267,2024-12-12,C1774,34,Female,Malaysia,Penang,2023-12-05,VIP,Organic Search,Home & Kitchen,3,47.46,5.0,0.0,Credit Card,Tablet,2.0,Returned,3.0,142.38,7.12,135.26,0.0,373,25-34,Medium ($50-150),2024-12,Thursday,1,1
ORD101590,2025-03-06,C1824,18,Female,Malaysia,Johor Bahru,2023-05-02,New,Organic Search,Sports,4,22.62,15.0,2.99,Bank Transfer,Mobile,9.0,Returned,,90.48,13.57,79.9,0.0,674,18-24,Medium ($50-150),2025-03,Thursday,1,0
ORD101899,2025-06-05,C1561,38,Female,Malaysia,Kuala Lumpur,2024-04-10,Regular,Paid Ads,Fashion,1,54.91,0.0,2.99,E-Wallet,Mobile,11.0,Delivered,3.0,54.91,0.0,57.9,57.9,421,35-44,Medium ($50-150),2025-06,Thursday,0,1
ORD100562,2024-06-30,C1234,26,Female,Cambodia,Sihanoukville,2022-09-25,VIP,Paid Ads,Books,1,25.27,15.0,9.99,Credit Card,Desktop,5.0,Delivered,,25.27,3.79,31.47,31.47,644,25-34,Low (<$50),2024-06,Sunday,0,0
ORD101996,2025-06-29,C1460,37,Female,Vietnam,Da Nang,2024-04-06,Regular,Email,Home & Kitchen,1,76.49,0.0,9.99,Credit Card,Mobile,5.0,Returned,4.0,76.49,0.0,86.48,0.0,449,35-44,Medium ($50-150),2025-06,Sunday,1,1
ORD100686,2024-08-03,C1509,39,Female,Thailand,Bangkok,2024-03-18,Regular,Organic Search,Electronics,2,3.0,0.0,2.99,Credit Card,Mobile,11.0,Returned,1.0,6.0,0.0,8.99,0.0,138,35-44,Low (<$50),2024-08,Saturday,1,1
ORD100957,2024-10-09,C1455,36,Male,Thailand,Chiang Mai,2023-08-31,VIP,Organic Search,Sports,2,18.64,10.0,2.99,Cash on Delivery,Desktop,2.0,Delivered,5.0,37.28,3.73,36.54,36.54,405,35-44,Low (<$50),2024-10,Wednesday,0,1
ORD100189,2024-03-21,C1374,40,Male,Thailand,Bangkok,2022-10-02,VIP,Social Media,Sports,2,148.1,10.0,0.0,E-Wallet,Mobile,8.0,Delivered,2.0,296.2,29.62,266.58,266.58,536,35-44,High ($150-400),2024-03,Thursday,0,1
ORD101806,2025-05-12,C1754,54,Female,Malaysia,Penang,2022-11-07,Regular,Organic Search,Beauty,1,12.06,25.0,4.99,Cash on Delivery,Mobile,10.0,Returned,3.0,12.06,3.02,14.03,0.0,917,45-54,Low (<$50),2025-05,Monday,1,1
ORD100975,2024-10-15,C1519,52,Male,Singapore,Singapore,2024-06-29,New,Organic Search,Home & Kitchen,1,97.75,20.0,4.99,Credit Card,Mobile,7.0,Delivered,,97.75,19.55,83.19,83.19,108,45-54,Medium ($50-150),2024-10,Tuesday,0,0
ORD100699,2024-08-06,C1084,21,Male,Vietnam,Ho Chi Minh City,2022-08-04,New,Social Media,Home & Kitchen,2,79.42,10.0,0.0,Credit Card,Mobile,5.0,Returned,2.0,158.84,15.88,142.96,0.0,733,18-24,Medium ($50-150),2024-08,Tuesday,1,1
ORD101499,2025-02-02,C1446,46,Male,Thailand,Bangkok,2024-02-26,VIP,Social Media,Electronics,1,345.81,5.0,0.0,Bank Transfer,Mobile,7.0,Delivered,,345.81,17.29,328.52,328.52,342,45-54,High ($150-400),2025-02,Sunday,0,0
ORD101705,2025-04-11,C1032,28,Male,Singapore,Singapore,2024-07-27,New,Social Media,Toys,2,24.93,20.0,6.99,Credit Card,Mobile,11.0,Delivered,3.0,49.86,9.97,46.88,46.88,258,25-34,Low (<$50),2025-04,Friday,0,1
ORD100510,2024-06-15,C1580,18,Male,Vietnam,Ho Chi Minh City,2023-04-26,Regular,Paid Ads,Fashion,1,50.53,10.0,6.99,Cash on Delivery,Mobile,4.0,Delivered,3.0,50.53,5.05,52.47,52.47,416,18-24,Medium ($50-150),2024-06,Saturday,0,1
ORD101082,2024-11-07,C1475,34,Female,Vietnam,Hanoi,2023-11-22,VIP,Paid Ads,Home & Kitchen,1,96.47,5.0,4.99,PayPal,Desktop,,Cancelled,,96.47,4.82,96.64,0.0,351,25-34,Medium ($50-150),2024-11,Thursday,0,0
ORD100474,2024-06-08,C1136,37,Male,Thailand,Phuket,2022-10-09,New,Paid Ads,Fashion,3,63.73,0.0,0.0,E-Wallet,Mobile,9.0,Delivered,5.0,191.19,0.0,191.19,191.19,608,35-44,High ($150-400),2024-06,Saturday,0,1
ORD101584,2025-03-04,C1769,52,Female,Cambodia,Sihanoukville,2023-03-30,Regular,Organic Search,Fashion,2,53.48,0.0,4.99,Cash on Delivery,Tablet,2.0,Delivered,4.0,106.96,0.0,111.95,111.95,705,45-54,Medium ($50-150),2025-03,Tuesday,0,1
ORD100856,2024-09-09,C1633,18,Female,Cambodia,Sihanoukville,2023-12-30,Regular,Paid Ads,Toys,5,15.4,20.0,6.99,Credit Card,Desktop,2.0,Delivered,5.0,77.0,15.4,68.59,68.59,254,18-24,Medium ($50-150),2024-09,Monday,0,1
ORD100747,2024-08-18,C1314,43,Female,Malaysia,Kuala Lumpur,2024-07-10,VIP,Social Media,Books,3,15.75,10.0,9.99,Credit Card,Tablet,1.0,Delivered,4.0,47.25,4.72,52.52,52.52,39,35-44,Medium ($50-150),2024-08,Sunday,0,1
ORD100252,2024-04-11,C1705,34,Male,Vietnam,Ho Chi Minh City,2022-03-22,VIP,Organic Search,Electronics,1,270.72,5.0,0.0,Bank Transfer,Mobile,,Cancelled,,270.72,13.54,257.18,0.0,751,25-34,High ($150-400),2024-04,Thursday,0,0
ORD100021,2024-01-10,C1334,34,Male,Thailand,Phuket,2022-01-05,New,Social Media,Books,2,15.22,0.0,4.99,Cash on Delivery,Mobile,11.0,Delivered,4.0,30.44,0.0,35.43,35.43,735,25-34,Low (<$50),2024-01,Wednesday,0,1
ORD101337,2024-12-22,C1672,26,Female,Cambodia,Siem Reap,2022-02-23,VIP,Social Media,Beauty,1,36.62,5.0,9.99,E-Wallet,Desktop,7.0,Delivered,4.0,36.62,1.83,44.78,44.78,1033,25-34,Low (<$50),2024-12,Sunday,0,1
ORD100459,2024-06-04,C1606,42,Female,Vietnam,Da Nang,2023-11-14,Regular,Social Media,Electronics,1,322.73,0.0,0.0,Credit Card,Desktop,4.0,Delivered,,322.73,0.0,322.73,322.73,203,35-44,High ($150-400),2024-06,Tuesday,0,0
ORD101184,2024-11-25,C1085,39,Female,Cambodia,Siem Reap,2024-01-21,VIP,Organic Search,Electronics,1,447.2,0.0,0.0,PayPal,Mobile,11.0,Delivered,,447.2,0.0,447.2,447.2,309,35-44,Premium (>$400),2024-11,Monday,0,0
ORD100276,2024-04-18,C1587,25,Female,Singapore,Singapore,2023-12-15,VIP,Organic Search,Books,1,18.5,5.0,9.99,Credit Card,Mobile,6.0,Delivered,,18.5,0.92,27.57,27.57,125,25-34,Low (<$50),2024-04,Thursday,0,0
ORD100955,2024-10-08,C1399,26,Female,Vietnam,Hanoi,2024-08-25,VIP,Organic Search,Beauty,1,3.0,5.0,6.99,Cash on Delivery,Mobile,5.0,Delivered,,3.0,0.15,9.84,9.84,44,25-34,Low (<$50),2024-10,Tuesday,0,0
ORD101215,2024-12-01,C1518,44,Male,Thailand,Bangkok,2023-10-25,VIP,Paid Ads,Electronics,1,104.51,5.0,9.99,Bank Transfer,Mobile,4.0,Delivered,3.0,104.51,5.23,109.27,109.27,403,35-44,Medium ($50-150),2024-12,Sunday,0,1
ORD100385,2024-05-15,C1559,24,Male,Vietnam,Hanoi,2022-05-08,Regular,Email,Sports,5,63.21,5.0,0.0,Credit Card,Mobile,10.0,Delivered,,316.05,15.8,300.25,300.25,738,18-24,High ($150-400),2024-05,Wednesday,0,0
ORD100805,2024-08-30,C1101,48,Male,Cambodia,Sihanoukville,2023-02-12,VIP,Organic Search,Electronics,2,196.69,5.0,0.0,Credit Card,Desktop,8.0,Delivered,4.0,393.38,19.67,373.71,373.71,565,45-54,High ($150-400),2024-08,Friday,0,1
ORD101437,2025-01-12,C1446,46,Male,Thailand,Bangkok,2024-02-26,VIP,Social Media,Home & Kitchen,5,30.87,25.0,0.0,E-Wallet,Mobile,4.0,Delivered,4.0,154.35,38.59,115.76,115.76,321,45-54,Medium ($50-150),2025-01,Sunday,0,1
ORD101515,2025-02-11,C1204,18,Male,Singapore,Singapore,2023-03-04,Regular,Referral,Books,5,15.58,5.0,2.99,E-Wallet,Desktop,8.0,Delivered,,77.9,3.9,76.99,76.99,710,18-24,Medium ($50-150),2025-02,Tuesday,0,0
ORD100343,2024-05-05,C1501,44,Male,Vietnam,Hanoi,2023-06-04,VIP,Paid Ads,Beauty,4,30.97,5.0,0.0,Credit Card,Mobile,10.0,Delivered,,123.88,6.19,117.69,117.69,336,35-44,Medium ($50-150),2024-05,Sunday,0,0
ORD100769,2024-08-22,C1722,18,Male,Singapore,Singapore,2023-01-06,New,Social Media,Fashion,2,59.76,15.0,6.99,Cash on Delivery,Desktop,11.0,Delivered,3.0,119.52,17.93,108.58,108.58,594,18-24,Medium ($50-150),2024-08,Thursday,0,1
ORD101332,2024-12-21,C1749,24,Female,Singapore,Singapore,2022-04-18,VIP,Social Media,Sports,1,3.0,20.0,9.99,Cash on Delivery,Desktop,3.0,Delivered,3.0,3.0,0.6,12.39,12.39,978,18-24,Low (<$50),2024-12,Saturday,0,1
ORD101685,2025-04-06,C1330,51,Male,Vietnam,Ho Chi Minh City,2023-10-07,New,Email,Electronics,1,209.26,10.0,0.0,Credit Card,Mobile,3.0,Delivered,,209.26,20.93,188.33,188.33,547,45-54,High ($150-400),2025-04,Sunday,0,0
ORD100130,2024-02-23,C1054,29,Female,Indonesia,Jakarta,2022-11-22,Regular,Paid Ads,Electronics,3,150.7,0.0,0.0,Credit Card,Mobile,10.0,Delivered,,452.1,0.0,452.1,452.1,458,25-34,Premium (>$400),2024-02,Friday,0,0
ORD101687,2025-04-07,C1246,22,Female,Malaysia,Johor Bahru,2023-08-29,Regular,Referral,Beauty,1,30.46,0.0,9.99,E-Wallet,Mobile,1.0,Delivered,4.0,30.46,0.0,40.45,40.45,587,18-24,Low (<$50),2025-04,Monday,0,1
ORD100871,2024-09-14,C1528,37,Female,Cambodia,Battambang,2023-09-28,VIP,Paid Ads,Electronics,3,291.8,5.0,0.0,Credit Card,Mobile,,Cancelled,,875.4,43.77,831.63,0.0,352,35-44,Premium (>$400),2024-09,Saturday,0,0
ORD101123,2024-11-15,C1042,27,Male,Thailand,Chiang Mai,2024-04-29,Regular,Referral,Home & Kitchen,1,94.65,0.0,2.99,Credit Card,Tablet,7.0,Delivered,3.0,94.65,0.0,97.64,97.64,200,25-34,Medium ($50-150),2024-11,Friday,0,1
ORD101396,2024-12-31,C1372,43,Female,Singapore,Singapore,2022-01-17,Regular,Paid Ads,Beauty,1,6.01,5.0,4.99,Credit Card,Desktop,4.0,Delivered,3.0,6.01,0.3,10.7,10.7,1079,35-44,Low (<$50),2024-12,Tuesday,0,1
ORD100087,2024-02-05,C1585,56,Female,Cambodia,Battambang,2023-09-15,Regular,Organic Search,Sports,1,42.83,5.0,9.99,Cash on Delivery,Mobile,8.0,Delivered,,42.83,2.14,50.68,50.68,143,55+,Medium ($50-150),2024-02,Monday,0,0
ORD101482,2025-01-28,C1601,28,Female,Cambodia,Sihanoukville,2022-12-07,New,Email,Beauty,2,11.22,25.0,4.99,Credit Card,Desktop,5.0,Delivered,,22.44,5.61,21.82,21.82,783,25-34,Low (<$50),2025-01,Tuesday,0,0
ORD100330,2024-05-03,C1146,27,Female,Cambodia,Phnom Penh,2022-03-19,VIP,Paid Ads,Toys,1,56.48,5.0,9.99,PayPal,Tablet,5.0,Delivered,3.0,56.48,2.82,63.65,63.65,776,25-34,Medium ($50-150),2024-05,Friday,0,1
ORD101238,2024-12-05,C1534,18,Male,Cambodia,Battambang,2023-11-27,Regular,Social Media,Fashion,2,27.41,5.0,6.99,E-Wallet,Desktop,1.0,Returned,,54.82,2.74,59.07,0.0,374,18-24,Medium ($50-150),2024-12,Thursday,1,0
ORD100466,2024-06-06,C1169,34,Male,Vietnam,Hanoi,2022-01-06,New,Organic Search,Beauty,1,22.44,0.0,9.99,Cash on Delivery,Mobile,,Cancelled,,22.44,0.0,32.43,0.0,882,25-34,Low (<$50),2024-06,Thursday,0,0
ORD100121,2024-02-18,C1234,26,Female,Cambodia,Sihanoukville,2022-09-25,VIP,Paid Ads,Electronics,3,261.69,10.0,0.0,Credit Card,Mobile,7.0,Delivered,3.0,785.07,78.51,706.56,706.56,511,25-34,Premium (>$400),2024-02,Sunday,0,1
ORD101638,2025-03-23,C1758,41,Female,Thailand,Chiang Mai,2022-11-04,New,Paid Ads,Home & Kitchen,2,100.04,15.0,0.0,Credit Card,Desktop,3.0,Delivered,5.0,200.08,30.01,170.07,170.07,870,35-44,High ($150-400),2025-03,Sunday,0,1
ORD101044,2024-11-01,C1109,18,Male,Vietnam,Hanoi,2022-10-16,Regular,Social Media,Electronics,2,229.59,15.0,0.0,Bank Transfer,Mobile,9.0,Delivered,2.0,459.18,68.88,390.3,390.3,747,18-24,High ($150-400),2024-11,Friday,0,1
ORD101095,2024-11-08,C1455,36,Male,Thailand,Chiang Mai,2023-08-31,VIP,Organic Search,Toys,1,25.98,30.0,6.99,Credit Card,Mobile,5.0,Delivered,4.0,25.98,7.79,25.18,25.18,435,35-44,Low (<$50),2024-11,Friday,0,1
ORD101130,2024-11-16,C1264,39,Female,Thailand,Chiang Mai,2022-02-19,New,Social Media,Fashion,3,65.45,0.0,0.0,Credit Card,Mobile,5.0,Delivered,4.0,196.35,0.0,196.35,196.35,1001,35-44,High ($150-400),2024-11,Saturday,0,1
ORD101294,2024-12-15,C1375,60,Female,Thailand,Chiang Mai,2024-07-20,New,Social Media,Fashion,2,60.75,10.0,0.0,E-Wallet,Desktop,,Cancelled,,121.5,12.15,109.35,0.0,148,55+,Medium ($50-150),2024-12,Sunday,0,0
ORD100860,2024-09-11,C1676,60,Female,Singapore,Singapore,2024-09-10,Regular,Paid Ads,Electronics,1,276.69,0.0,0.0,Cash on Delivery,Mobile,6.0,Delivered,4.0,276.69,0.0,276.69,276.69,1,55+,High ($150-400),2024-09,Wednesday,0,1
ORD101459,2025-01-19,C1751,31,Female,Vietnam,Ho Chi Minh City,2024-02-08,Regular,Social Media,Fashion,3,44.9,0.0,0.0,Credit Card,Mobile,,Cancelled,,134.7,0.0,134.7,0.0,346,25-34,Medium ($50-150),2025-01,Sunday,0,0
ORD101126,2024-11-15,C1356,37,Male,Cambodia,Sihanoukville,2023-08-09,New,Paid Ads,Fashion,1,37.68,0.0,6.99,Credit Card,Mobile,1.0,Delivered,4.0,37.68,0.0,44.67,44.67,464,35-44,Low (<$50),2024-11,Friday,0,1
