order_id,order_date,customer_id,age,gender,country,city,signup_date,customer_segment,acquisition_channel,product_category,quantity,unit_price,discount_pct,shipping_cost,payment_method,device_type,delivery_days,order_status,review_rating
ORD100305,2024-04-25,C1122,36.0,Male,Cambodia,Phnom Penh,2024-03-21,VIP,Referral,Beauty,1,37.4,5.0,9.99,Credit Card,Desktop,7.0,Returned,3.0
ORD101283,2024-12-14,C1328,21.0,Male,Cambodia,Sihanoukville,2023-12-11,New,Organic Search,Home & Kitchen,2,74.12,0.0,0.0,E-Wallet,Desktop,4.0,Delivered,3.0
ORD100368,2024-05-11,C1045,36.0,Female,Indonesia,Surabaya,2023-04-22,Regular,Organic Search,Electronics,1,312.1,15.0,0.0,Cash on Delivery,Mobile,,Cancelled,
ORD100479,2024-06-08,C1187,21.0,Male,Cambodia,Battambang,2024-06-07,Regular,Paid Ads,Books,2,8.91,15.0,9.99,Bank Transfer,Mobile,8.0,Delivered,4.0
ORD101537,2025-02-19,C1302,44.0,Female,Thailand,Bangkok,2023-02-20,Regular,Referral,Fashion,1,96.68,15.0,2.99,Cash on Delivery,Mobile,7.0,Delivered,4.0
ORD101674,2025-04-02,C1835,24.0,Female,Cambodia,Phnom Penh,2023-04-13,New,Referral,Electronics,1,103.25,10.0,2.99,E-Wallet,Desktop,,Cancelled,
ORD100519,2024-06-18,C1747,40.0,Female,Vietnam,Ho Chi Minh City,2022-10-30,New,Organic Search,Home & Kitchen,1,134.52,15.0,0.0,E-Wallet,Mobile,7.0,Delivered,
ORD101982,2025-06-25,C1686,43.0,Male,Cambodia,Sihanoukville,2023-10-18,Regular,Email,Sports,4,47.68,0.0,0.0,Credit Card,Mobile,11.0,Delivered,4.0
ORD101873,2025-05-31,C1056,31.0,Male,Cambodia,,2022-09-29,New,Social Media,Electronics,2,149.88,0.0,0.0,Cash on Delivery,Mobile,1.0,Returned,3.0
ORD100100,2024-02-10,C1404,40.0,Female,Cambodia,Siem Reap,2023-08-18,VIP,Referral,Fashion,1,59.88,20.0,2.99,Cash on Delivery,Mobile,6.0,Delivered,2.0
ORD101261,2024-12-11,C1639,40.0,Female,Malaysia,Penang,2022-07-10,VIP,Email,Fashion,3,69.19,5.0,0.0,Credit Card,Mobile,3.0,Delivered,
ORD100111,2024-02-14,C1514,43.0,Male,Singapore,Singapore,2022-09-29,New,Organic Search,Home & Kitchen,4,59.07,0.0,0.0,Bank Transfer,Mobile,,Cancelled,
ORD101822,2025-05-17,C1736,43.0,Female,Vietnam,Ho Chi Minh City,2024-05-22,VIP,Email,Electronics,1,19.89,10.0,6.99,E-Wallet,Mobile,11.0,Returned,1.0
ORD100070,2024-01-29,C1312,53.0,Female,Thailand,Chiang Mai,2023-05-19,Regular,Organic Search,Beauty,1,40.33,0.0,6.99,E-Wallet,Mobile,6.0,Delivered,4.0
ORD101107,2024-11-12,C1319,21.0,Female,Vietnam,Da Nang,2023-11-08,Regular,Referral,Electronics,2,130.29,10.0,0.0,E-Wallet,Desktop,4.0,Returned,2.0
ORD101007,2024-10-22,C1684,29.0,Male,Cambodia,Siem Reap,2024-02-23,Regular,Paid Ads,Home & Kitchen,2,46.66,0.0,2.99,Credit Card,Desktop,7.0,Delivered,
ORD100530,2024-06-20,C1787,32.0,Female,Vietnam,Ho Chi Minh City,2023-07-20,Regular,Email,Fashion,2,103.27,0.0,0.0,Credit Card,Desktop,4.0,Returned,
ORD100982,2024-10-16,C1623,27.0,Male,Singapore,Singapore,2022-04-30,VIP,Email,Electronics,2,3.0,5.0,2.99,Bank Transfer,Mobile,,Cancelled,
ORD100361,2024-05-10,C1223,22.0,Female,Cambodia,Phnom Penh,2023-02-26,New,Referral,Fashion,2,20.16,0.0,2.99,Credit Card,Desktop,,Cancelled,
ORD100707,2024-08-08,C1487,39.0,Female,Singapore,Singapore,2024-01-18,New,Social Media,Fashion,1,10.04,0.0,9.99,Credit Card,Mobile,2.0,Delivered,5.0
ORD100056,2024-01-23,C1457,25.0,Female,Vietnam,Da Nang,2022-06-26,Regular,Organic Search,Books,3,16.33,0.0,4.99,Bank Transfer,Mobile,,Cancelled,
ORD100818,2024-09-02,C1832,22.0,Female,Vietnam,Ho Chi Minh City,2024-04-19,VIP,Social Media,Sports,1,45.82,5.0,2.99,Cash on Delivery,Mobile,4.0,Delivered,5.0
ORD101073,2024-11-06,C1555,31.0,Female,Vietnam,Da Nang,2022-12-22,Regular,Email,Home & Kitchen,1,8.35,0.0,6.99,Credit Card,Mobile,10.0,Delivered,2.0
ORD100281,2024-04-20,C1051,41.0,Male,Cambodia,Battambang,2022-06-01,Regular,Organic Search,Electronics,2,158.12,5.0,0.0,E-Wallet,Mobile,8.0,Delivered,4.0
ORD101259,2024-12-11,C1693,18.0,Female,Cambodia,Sihanoukville,2023-09-11,VIP,Paid Ads,Home & Kitchen,1,91.43,15.0,2.99,Cash on Delivery,Desktop,4.0,Delivered,4.0
ORD101473,2025-01-25,C1651,32.0,Male,Philippines,Cebu,2024-05-14,New,Organic Search,Fashion,1,3.0,10.0,9.99,Bank Transfer,Desktop,10.0,Delivered,4.0
ORD101120,2024-11-14,C1247,54.0,Male,Vietnam,Hanoi,2024-02-14,VIP,Organic Search,Fashion,1,79.24,0.0,4.99,Credit Card,Mobile,2.0,Delivered,4.0
ORD101316,2024-12-18,C1669,18.0,Female,Cambodia,Battambang,2023-02-03,VIP,Email,Home & Kitchen,3,73.21,10.0,0.0,PayPal,Desktop,2.0,Delivered,
ORD100618,2024-07-15,C1486,25.0,Male,Cambodia,Siem Reap,2022-05-17,Regular,Organic Search,Beauty,3,38.05,30.0,9.99,Cash on Delivery,Desktop,6.0,Delivered,4.0
ORD101860,2025-05-28,C1595,29.0,Female,Thailand,Bangkok,2024-06-03,VIP,Social Media,Fashion,3,4.42,20.0,4.99,Cash on Delivery,Mobile,5.0,Delivered,3.0
ORD101566,2025-02-28,C1579,38.0,Male,Singapore,Singapore,2022-07-20,Regular,Referral,Sports,2,78.76,0.0,0.0,Bank Transfer,Mobile,11.0,Delivered,
ORD100211,2024-03-29,C1324,54.0,Female,Philippines,Manila,2023-07-24,VIP,Organic Search,Electronics,1,355.86,5.0,0.0,E-Wallet,Mobile,,Cancelled,
ORD101298,2024-12-16,C1445,18.0,Female,Cambodia,Sihanoukville,2024-04-21,New,Social Media,Fashion,1,49.31,0.0,2.99,E-Wallet,Mobile,,Cancelled,
ORD101861,2025-05-28,C1427,53.0,Female,Malaysia,Penang,2024-06-22,New,Paid Ads,Beauty,1,47.15,10.0,2.99,E-Wallet,Mobile,3.0,Delivered,5.0
ORD101652,2025-03-26,C1721,46.0,Female,Thailand,Phuket,2022-01-12,Regular,Organic Search,Beauty,1,57.79,30.0,9.99,Bank Transfer,Tablet,11.0,Delivered,3.0
ORD101953,2025-06-17,C1399,26.0,Female,Vietnam,Hanoi,2024-08-25,VIP,Organic Search,Sports,3,3.0,10.0,6.99,Credit Card,Mobile,5.0,Delivered,
ORD100124,2024-02-21,C1703,33.0,Female,Cambodia,Siem Reap,2023-06-05,New,Organic Search,Sports,3,81.97,0.0,0.0,E-Wallet,Mobile,3.0,Delivered,
ORD100422,2024-05-25,C1348,18.0,Female,Philippines,Davao,2023-10-18,Regular,Paid Ads,Home & Kitchen,4,83.17,15.0,0.0,Credit Card,Mobile,8.0,Delivered,4.0
ORD101587,2025-03-06,C1680,43.0,Female,Thailand,Chiang Mai,2024-03-11,New,Social Media,Sports,2,25.27,0.0,9.99,Bank Transfer,Desktop,4.0,Delivered,3.0
ORD101089,2024-11-07,C1534,18.0,Male,Cambodia,Battambang,2023-11-27,Regular,Social Media,Fashion,1,8.07,0.0,6.99,Cash on Delivery,Tablet,7.0,Delivered,3.0
ORD101144,2024-11-18,C1707,,Male,Philippines,Cebu,2023-11-04,Regular,Organic Search,Books,1,15.22,0.0,6.99,Credit Card,Tablet,5.0,Delivered,2.0
ORD100561,2024-06-30,C1608,18.0,Female,Cambodia,Phnom Penh,2022-08-05,Regular,Email,Fashion,1,90.27,15.0,6.99,E-Wallet,Mobile,2.0,Returned,2.0
ORD100865,2024-09-13,C1087,34.0,Female,Vietnam,Da Nang,2024-04-28,Regular,Social Media,Electronics,1,187.01,5.0,0.0,Credit Card,Mobile,6.0,Delivered,
ORD100464,2024-06-05,C1195,24.0,Male,Cambodia,Phnom Penh,2024-05-28,New,Organic Search,Home & Kitchen,1,115.91,20.0,2.99,Bank Transfer,Desktop,9.0,Delivered,
ORD100029,2024-01-14,C1492,31.0,Female,Thailand,Phuket,2024-01-02,New,Referral,Electronics,1,212.09,0.0,0.0,Bank Transfer,Tablet,1.0,Delivered,
ORD101972,2025-06-22,C1444,30.0,Male,Cambodia,Phnom Penh,2023-02-18,VIP,Email,Fashion,1,3.0,10.0,6.99,E-Wallet,Tablet,1.0,Delivered,
ORD100471,2024-06-07,C1065,43.0,Female,Thailand,Bangkok,2022-06-21,VIP,Email,Electronics,3,113.45,15.0,0.0,Credit Card,Desktop,9.0,Delivered,
ORD100942,2024-10-04,C1398,40.0,Male,Vietnam,Hanoi,2024-03-25,Regular,Email,Electronics,3,203.95,10.0,0.0,Credit Card,Mobile,2.0,Delivered,4.0
ORD100602,2024-07-11,C1314,43.0,Female,Malaysia,Kuala Lumpur,2024-07-10,VIP,Social Media,Home & Kitchen,2,65.31,0.0,0.0,Bank Transfer,Desktop,2.0,Delivered,4.0
ORD100746,2024-08-18,C1269,34.0,Male,Thailand,Chiang Mai,2023-08-12,Regular,Social Media,Home & Kitchen,1,90.37,0.0,2.99,E-Wallet,Mobile,3.0,Delivered,4.0
ORD100350,2024-05-07,C1777,38.0,Male,Vietnam,Da Nang,2023-10-24,Regular,Social Media,Fashion,4,20.0,20.0,9.99,E-Wallet,Mobile,2.0,Returned,3.0
ORD100196,2024-03-24,C1684,29.0,Male,Cambodia,Siem Reap,2024-02-23,Regular,Paid Ads,Sports,2,27.87,0.0,4.99,Cash on Delivery,Desktop,6.0,Delivered,
ORD101449,2025-01-17,C1699,32.0,Male,Indonesia,Jakarta,2024-07-27,Regular,Organic Search,Sports,3,20.65,0.0,6.99,Cash on Delivery,Mobile,4.0,Delivered,5.0
ORD100394,2024-05-18,C1366,26.0,Female,Thailand,Bangkok,2022-05-17,Regular,Social Media,Home & Kitchen,1,155.8,10.0,0.0,Credit Card,Desktop,1.0,Returned,2.0
ORD101420,2025-01-06,C1328,21.0,Male,Cambodia,Sihanoukville,2023-12-11,New,Organic Search,Home & Kitchen,5,64.12,0.0,0.0,E-Wallet,Mobile,11.0,Delivered,2.0
ORD100485,2024-06-09,C1638,40.0,Female,Cambodia,Sihanoukville,2023-04-20,VIP,Social Media,Fashion,2,37.11,0.0,6.99,E-Wallet,Mobile,8.0,Delivered,
ORD101317,2024-12-18,C1021,27.0,Female,Cambodia,Battambang,2023-08-06,Regular,Organic Search,Toys,1,7.49,0.0,2.99,E-Wallet,Mobile,4.0,Delivered,5.0
ORD101809,2025-05-13,C1774,34.0,Female,Malaysia,Penang,2023-12-05,VIP,Organic Search,Books,1,25.84,5.0,4.99,E-Wallet,Desktop,2.0,Delivered,4.0
ORD101824,2025-05-17,C1460,37.0,Female,Vietnam,Da Nang,2024-04-06,Regular,Email,Fashion,2,39.99,0.0,4.99,Cash on Delivery,Desktop,5.0,Delivered,3.0
ORD101057,2024-11-03,C1639,40.0,Female,Malaysia,Penang,2022-07-10,VIP,Email,Fashion,2,41.64,0.0,4.99,Bank Transfer,Mobile,4.0,Returned,3.0
ORD100607,2024-07-12,C1329,28.0,Male,Malaysia,Penang,2022-02-14,VIP,Social Media,Home & Kitchen,2,,15.0,6.99,E-Wallet,Mobile,2.0,Delivered,4.0
ORD100637,2024-07-21,C1754,54.0,Female,Malaysia,Penang,2022-11-07,Regular,Organic Search,Electronics,1,351.7,15.0,0.0,Bank Transfer,Tablet,10.0,Delivered,3.0
ORD100538,2024-06-23,C1186,,Male,Cambodia,Battambang,2023-06-09,Regular,Referral,Fashion,1,83.84,0.0,9.99,E-Wallet,Mobile,2.0,Delivered,3.0
ORD100745,2024-08-18,C1346,27.0,Male,Cambodia,Siem Reap,2022-10-03,Regular,Paid Ads,Fashion,1,39.84,0.0,6.99,Cash on Delivery,Mobile,4.0,Delivered,4.0
ORD100576,2024-07-04,C1477,21.0,Female,Philippines,Cebu,2022-09-30,VIP,Social Media,Fashion,5,22.58,0.0,2.99,E-Wallet,Tablet,7.0,Returned,3.0
ORD100994,2024-10-19,C1366,26.0,Female,Thailand,Bangkok,2022-05-17,Regular,Social Media,Sports,1,108.31,10.0,4.99,Credit Card,Desktop,8.0,Returned,2.0
ORD100065,2024-01-26,C1566,32.0,Male,Malaysia,Kuala Lumpur,2023-01-29,VIP,Organic Search,Fashion,1,76.43,15.0,6.99,Credit Card,Desktop,2.0,Delivered,5.0
ORD101565,2025-02-27,C1664,33.0,Male,Philippines,Manila,2023-12-26,VIP,Social Media,Beauty,3,12.51,5.0,9.99,E-Wallet,Tablet,1.0,Delivered,5.0
ORD101981,2025-06-24,C1316,35.0,Female,Vietnam,Hanoi,2023-05-23,VIP,Paid Ads,Fashion,3,51.27,10.0,0.0,Credit Card,Desktop,2.0,Delivered,
ORD100999,2024-10-20,C1678,38.0,Female,Vietnam,Ho Chi Minh City,2023-06-16,VIP,Organic Search,Electronics,1,475.53,20.0,0.0,Credit Card,Desktop,2.0,Delivered,5.0
ORD100582,2024-07-06,C1734,37.0,Male,Cambodia,Phnom Penh,2022-11-14,New,Organic Search,Electronics,1,374.73,10.0,0.0,Cash on Delivery,Mobile,,Cancelled,
ORD100704,2024-08-07,C1576,49.0,Male,Cambodia,Sihanoukville,2022-09-26,New,Email,Home & Kitchen,3,42.83,0.0,0.0,E-Wallet,Mobile,10.0,Delivered,
ORD101210,2024-11-30,C1208,24.0,Female,Vietnam,Da Nang,2022-12-13,Regular,Organic Search,Fashion,2,61.93,25.0,0.0,Credit Card,Desktop,,Cancelled,
ORD101599,2025-03-08,C1614,25.0,Male,Cambodia,Battambang,2023-01-23,VIP,Social Media,Home & Kitchen,3,141.36,10.0,0.0,Credit Card,Mobile,11.0,Delivered,
ORD101102,2024-11-10,C1213,29.0,Male,Cambodia,Siem Reap,2022-09-20,Regular,Email,Beauty,2,29.54,0.0,6.99,PayPal,Tablet,11.0,Returned,
ORD100921,2024-09-26,C1140,39.0,Female,Vietnam,Hanoi,2022-05-23,Regular,Paid Ads,Home & Kitchen,2,63.89,0.0,0.0,E-Wallet,Mobile,2.0,Delivered,3.0
ORD100414,2024-05-23,C1047,36.0,Male,Philippines,Davao,2022-06-28,VIP,Organic Search,Home & Kitchen,1,78.26,15.0,4.99,Credit Card,Tablet,9.0,Delivered,4.0
ORD100450,2024-06-01,C1760,48.0,Male,Singapore,Singapore,2022-11-29,New,Paid Ads,Electronics,3,145.2,5.0,0.0,Cash on Delivery,Mobile,2.0,Delivered,3.0
ORD100889,2024-09-19,C1571,33.0,Female,Singapore,Singapore,2024-09-18,Regular,Organic Search,Home & Kitchen,3,3.0,0.0,2.99,E-Wallet,Tablet,6.0,Delivered,
ORD100128,2024-02-23,C1023,32.0,Male,Singapore,Singapore,2023-04-22,VIP,Email,Fashion,3,77.92,0.0,0.0,Bank Transfer,Mobile,2.0,Delivered,4.0
ORD101820,2025-05-16,C1735,36.0,Female,Thailand,Bangkok,2023-11-20,VIP,Social Media,Sports,1,127.18,15.0,0.0,Credit Card,Desktop,6.0,Delivered,4.0
ORD100554,2024-06-30,C1302,44.0,Female,Thailand,Bangkok,2023-02-20,Regular,Referral,Beauty,1,36.06,0.0,9.99,Cash on Delivery,Desktop,8.0,Delivered,4.0
ORD100944,2024-10-04,C1225,37.0,Male,Vietnam,Ho Chi Minh City,2022-02-27,Regular,Social Media,Electronics,1,286.85,0.0,0.0,Credit Card,Desktop,2.0,Delivered,4.0
ORD100298,2024-04-22,C1729,22.0,Female,Cambodia,Phnom Penh,2023-07-28,New,Social Media,Toys,1,12.1,20.0,2.99,Credit Card,Mobile,3.0,Delivered,4.0
ORD100231,2024-04-03,C1013,46.0,Female,Cambodia,Siem Reap,2022-03-15,New,Referral,Fashion,2,68.59,10.0,0.0,Bank Transfer,Tablet,2.0,Delivered,
ORD101146,2024-11-19,C1021,27.0,Female,Cambodia,Battambang,2023-08-06,Regular,Organic Search,Fashion,2,14.96,0.0,6.99,E-Wallet,Mobile,9.0,Delivered,4.0
ORD101027,2024-10-29,C1506,61.0,Male,Philippines,Cebu,2022-01-24,VIP,Paid Ads,Electronics,1,196.18,25.0,0.0,PayPal,Mobile,6.0,Delivered,4.0
ORD100861,2024-09-12,C1330,51.0,Male,Vietnam,Ho Chi Minh City,2023-10-07,New,Email,Electronics,1,398.05,10.0,0.0,Credit Card,Desktop,2.0,Delivered,5.0
ORD101425,2025-01-08,C1484,33.0,Female,Cambodia,Sihanoukville,2023-10-18,Regular,Social Media,Toys,1,29.66,0.0,9.99,Credit Card,Desktop,6.0,Delivered,5.0
ORD100307,2024-04-25,C1331,41.0,Male,Philippines,Davao,2022-09-17,New,Email,Fashion,1,42.57,0.0,6.99,Credit Card,Tablet,3.0,Delivered,4.0
ORD101078,2024-11-07,C1602,48.0,Female,Thailand,Phuket,2024-05-29,VIP,Organic Search,Beauty,2,64.38,5.0,0.0,Bank Transfer,Mobile,10.0,Delivered,4.0
ORD100210,2024-03-28,C1716,,Female,Vietnam,Ho Chi Minh City,2022-09-01,VIP,Paid Ads,Fashion,1,20.0,20.0,4.99,Credit Card,Mobile,9.0,Delivered,
ORD100344,2024-05-05,C1170,27.0,Male,Thailand,Chiang Mai,2023-04-17,New,Social Media,Fashion,1,67.28,0.0,4.99,Credit Card,Desktop,7.0,Delivered,
ORD101336,2024-12-22,C1166,44.0,Female,Vietnam,Ho Chi Minh City,2024-05-06,VIP,Social Media,Books,1,3.28,5.0,2.99,Bank Transfer,Mobile,8.0,Delivered,4.0
ORD101100,2024-11-10,C1342,35.0,Female,Thailand,Phuket,2023-03-07,VIP,Referral,Beauty,3,69.22,30.0,0.0,E-Wallet,Tablet,10.0,Delivered,
ORD100914,2024-09-25,C1189,52.0,Male,Cambodia,Phnom Penh,2023-04-24,Regular,Email,Electronics,4,311.85,5.0,0.0,,Mobile,3.0,Delivered,
ORD101208,2024-11-29,C1723,18.0,Male,Indonesia,Surabaya,2022-01-20,VIP,Social Media,Books,2,17.9,10.0,9.99,Cash on Delivery,Mobile,8.0,Delivered,4.0
ORD100433,2024-05-28,C1685,29.0,Female,Cambodia,,2024-03-11,New,Referral,electronics,2,100.88,10.0,0.0,Credit Card,Mobile,9.0,Delivered,2.0
ORD100069,2024-01-28,C1389,18.0,Female,Cambodia,Siem Reap,2023-07-21,New,Organic Search,Home & Kitchen,1,85.32,5.0,2.99,PayPal,Mobile,11.0,Returned,
ORD101125,2024-11-15,C1097,23.0,Female,Cambodia,Sihanoukville,2023-10-26,Regular,Social Media,Electronics,1,192.28,0.0,0.0,Credit Card,Mobile,8.0,Delivered,3.0
ORD100931,2024-09-30,C1146,,Female,Cambodia,Phnom Penh,2022-03-19,VIP,Paid Ads,Electronics,1,165.04,30.0,0.0,Cash on Delivery,Desktop,4.0,Delivered,5.0
ORD101177,2024-11-25,C1164,43.0,Female,Cambodia,Sihanoukville,2023-03-30,VIP,Social Media,Electronics,2,100.53,5.0,0.0,E-Wallet,Desktop,6.0,Delivered,4.0
ORD101812,2025-05-14,C1099,24.0,Female,Thailand,Phuket,2024-03-02,New,Social Media,Electronics,1,,0.0,0.0,Credit Card,Mobile,1.0,Delivered,
ORD100973,2024-10-15,C1789,32.0,Male,Singapore,Singapore,2022-12-05,VIP,Paid Ads,Books,1,28.68,5.0,2.99,Credit Card,Desktop,2.0,Delivered,
ORD100233,2024-04-05,C1569,36.0,Female,Cambodia,Siem Reap,2022-11-19,VIP,Organic Search,Electronics,1,187.08,10.0,0.0,Cash on Delivery,Mobile,,Cancelled,
ORD100275,2024-04-18,C1079,31.0,Female,Thailand,Bangkok,2023-07-26,Regular,Social Media,Sports,1,20.71,5.0,9.99,E-Wallet,Mobile,7.0,Delivered,
ORD101641,2025-03-24,C1614,25.0,Male,Cambodia,Battambang,2023-01-23,VIP,Social Media,Electronics,2,206.4,0.0,0.0,Cash on Delivery,Mobile,6.0,Delivered,4.0
ORD100572,2024-07-03,C1493,39.0,Female,Vietnam,Ho Chi Minh City,2022-03-16,VIP,Organic Search,Fashion,2,47.41,5.0,4.99,PayPal,Mobile,5.0,Delivered,4.0
ORD100099,2024-02-10,C1384,18.0,Male,Cambodia,Battambang,2023-04-25,VIP,Organic Search,Books,3,27.26,0.0,4.99,Cash on Delivery,Mobile,4.0,Delivered,4.0
ORD101489,2025-01-30,C1003,44.0,Male,Malaysia,Johor Bahru,2024-06-13,Regular,Email,Books,1,18.1,0.0,9.99,E-Wallet,Mobile,4.0,Delivered,
ORD100630,2024-07-19,C1477,21.0,Female,Philippines,Cebu,2022-09-30,VIP,Social Media,Home & Kitchen,2,19.03,10.0,6.99,Bank Transfer,Mobile,1.0,Delivered,4.0
ORD100743,2024-08-17,C1310,47.0,Female,Cambodia,Phnom Penh,2023-05-17,VIP,Email,Beauty,1,35.3,15.0,6.99,Cash on Delivery,Desktop,5.0,Delivered,2.0
ORD101113,2024-11-13,C1763,41.0,Female,Cambodia,Siem Reap,2023-07-08,Regular,Email,Toys,2,25.7,15.0,6.99,Credit Card,Mobile,1.0,Delivered,
ORD100247,2024-04-10,C1624,39.0,Male,Malaysia,Kuala Lumpur,2023-10-30,VIP,Organic Search,Fashion,3,64.55,20.0,0.0,E-Wallet,Desktop,8.0,Delivered,3.0
ORD100316,2024-04-29,C1523,32.0,F,Philippines,Davao,2023-02-03,VIP,Email,Electronics,2,278.86,20.0,0.0,E-Wallet,Mobile,11.0,Delivered,3.0
ORD100692,2024-08-04,C1388,37.0,Female,Singapore,Singapore,2024-01-29,New,Email,Sports,5,30.7,10.0,0.0,E-Wallet,Tablet,5.0,Delivered,3.0
ORD101384,2024-12-29,C1534,18.0,Male,Cambodia,Battambang,2023-11-27,Regular,Social Media,Books,1,11.56,15.0,6.99,Cash on Delivery,Mobile,8.0,Delivered,4.0
ORD101858,2025-05-27,C1556,26.0,Male,Singapore,Singapore,2022-12-07,VIP,Email,Books,1,31.72,20.0,9.99,E-Wallet,Desktop,1.0,Delivered,
ORD101285,2024-12-14,C1475,30.0,Female,Vietnam,Hanoi,2023-11-22,VIP,Paid Ads,Home & Kitchen,1,118.06,15.0,2.99,Bank Transfer,Mobile,3.0,Returned,3.0
ORD101966,2025-06-20,C1510,18.0,Female,Thailand,Phuket,2023-05-21,New,Social Media,Fashion,3,53.4,0.0,0.0,Bank Transfer,Mobile,5.0,Delivered,
ORD101776,2025-05-05,C1104,24.0,Female,Singapore,Singapore,2022-04-18,Regular,Social Media,Beauty,1,3.0,10.0,6.99,E-Wallet,Mobile,1.0,Delivered,
ORD101976,2025-06-23,C1478,34.0,Male,Cambodia,Siem Reap,2023-01-30,VIP,Paid Ads,Toys,1,45.74,5.0,2.99,E-Wallet,Desktop,8.0,Delivered,7.0
ORD100535,2024-06-21,C1659,,F,Thailand,Chiang Mai,2023-10-08,VIP,Social Media,Home & Kitchen,2,61.02,5.0,0.0,PayPal,Mobile,4.0,Delivered,3.0
ORD100220,2024-03-31,C1831,51.0,Male,Cambodia,Battambang,2023-01-08,New,Organic Search,Beauty,5,40.25,0.0,0.0,Credit Card,Mobile,,Cancelled,
ORD100965,2024-10-11,C1574,36.0,Male,Philippines,Manila,2023-03-19,Regular,Organic Search,Fashion,5,38.29,0.0,0.0,Credit Card,Mobile,3.0,Delivered,4.0
ORD100979,2024-10-16,C1022,47.0,Male,Malaysia,Johor Bahru,2022-05-17,VIP,Social Media,Toys,2,3.0,0.0,9.99,PayPal,Mobile,,Cancelled,
ORD101053,2024-11-03,C1693,18.0,Female,Cambodia,Sihanoukville,2023-09-11,VIP,Paid Ads,Fashion,2,20.42,0.0,9.99,PayPal,Desktop,6.0,Delivered,3.0
ORD100941,2024-10-04,C1585,56.0,Female,Cambodia,Battambang,2023-09-15,Regular,Organic Search,Home & Kitchen,1,40.16,0.0,2.99,Bank Transfer,Mobile,5.0,Delivered,4.0
ORD101453,2025-01-18,C1231,28.0,Male,Cambodia,Phnom Penh,2022-07-06,New,Social Media,Sports,1,3.0,5.0,4.99,Credit Card,Desktop,5.0,Delivered,3.0
ORD101890,2025-06-02,C1243,18.0,Female,Indonesia,Jakarta,2022-09-08,Regular,Email,Fashion,2,8.43,0.0,2.99,E-Wallet,Mobile,4.0,Delivered,3.0
ORD101486,2025-01-29,C1612,18.0,Male,Cambodia,Sihanoukville,2023-04-11,New,Paid Ads,Home & Kitchen,1,107.58,0.0,9.99,E-Wallet,Mobile,,Cancelled,
ORD100832,2024-09-05,C1401,36.0,Male,Vietnam,Da Nang,2022-03-21,VIP,Social Media,Electronics,1,233.54,0.0,0.0,PayPal,Mobile,8.0,Delivered,
ORD101917,2025-06-09,C1707,40.0,Male,Philippines,,2023-11-04,Regular,Organic Search,Fashion,1,60.42,15.0,4.99,Credit Card,Desktop,8.0,Delivered,3.0
ORD101908,2025-06-07,C1720,33.0,Male,Vietnam,Hanoi,2022-01-10,Regular,Paid Ads,Home & Kitchen,4,82.88,10.0,0.0,Bank Transfer,Desktop,2.0,Returned,3.0
ORD101364,2024-12-27,C1002,42.0,Male,Thailand,Phuket,2024-05-07,Regular,Email,Fashion,2,66.96,20.0,0.0,Cash on Delivery,Mobile,11.0,Returned,
ORD101875,2025-05-31,C1658,,Female,Thailand,Chiang Mai,2023-09-24,VIP,Email,Home & Kitchen,1,89.65,15.0,6.99,Cash on Delivery,Desktop,3.0,Delivered,4.0
ORD100678,2024-08-01,C1109,18.0,Male,Vietnam,Hanoi,2022-10-16,Regular,Social Media,Home & Kitchen,1,8.59,0.0,2.99,E-Wallet,Mobile,1.0,Delivered,4.0
ORD101639,2025-03-23,C1226,62.0,Male,Cambodia,Siem Reap,2023-05-22,Regular,Organic Search,Books,2,5.69,5.0,4.99,Bank Transfer,Mobile,9.0,Delivered,
ORD100306,2024-04-25,C1167,38.0,Female,Vietnam,Hanoi,2024-02-13,VIP,Organic Search,Sports,1,102.87,0.0,2.99,E-Wallet,Mobile,1.0,Delivered,4.0
ORD100367,2024-05-11,C1324,54.0,Female,Philippines,Manila,2023-07-24,VIP,Organic Search,Fashion,1,36.16,5.0,2.99,Credit Card,Mobile,5.0,Delivered,4.0
ORD100782,2024-08-24,C1475,30.0,Female,Vietnam,Hanoi,2023-11-22,VIP,Paid Ads,Home & Kitchen,2,3.0,20.0,2.99,Credit Card,Mobile,2.0,Delivered,
ORD101988,2025-06-26,C1246,22.0,Female,Malaysia,Johor Bahru,2023-08-29,Regular,Referral,Home & Kitchen,1,108.93,15.0,4.99,Bank Transfer,Mobile,5.0,Delivered,
ORD101447,2025-01-16,C1699,32.0,Male,Indonesia,Jakarta,2024-07-27,Regular,Organic Search,Beauty,1,19.8,5.0,9.99,E-Wallet,Mobile,3.0,Delivered,
ORD101040,2024-11-01,C1415,36.0,Female,Thailand,Bangkok,2023-01-23,VIP,Organic Search,Fashion,2,61.92,35.0,0.0,Credit Card,Mobile,6.0,Returned,3.0
ORD100988,2024-10-17,C1402,43.0,Female,Cambodia,Phnom Penh,2023-02-13,Regular,Social Media,Beauty,1,51.49,0.0,6.99,Credit Card,Desktop,2.0,Delivered,4.0
ORD100670,2024-07-31,C1149,36.0,Male,Indonesia,Jakarta,2023-12-18,VIP,Social Media,Books,1,27.77,10.0,4.99,Cash on Delivery,Mobile,3.0,Delivered,5.0
ORD101998,2025-06-30,C1584,42.0,Female,Singapore,Singapore,2023-05-22,VIP,Organic Search,Sports,1,58.72,10.0,6.99,Credit Card,Desktop,,Cancelled,
ORD100411,2024-05-23,C1736,43.0,Female,Vietnam,Ho Chi Minh City,2024-05-22,VIP,Email,Sports,4,97.59,20.0,0.0,E-Wallet,Mobile,9.0,Delivered,
ORD100962,2024-10-10,C1095,,Female,Thailand,Phuket,2023-11-13,Regular,Organic Search,Sports,1,142.1,0.0,0.0,E-Wallet,Desktop,4.0,Delivered,4.0
ORD100771,2024-08-22,C1342,35.0,Female,Thailand,Phuket,2023-03-07,VIP,Referral,Home & Kitchen,4,98.45,0.0,0.0,Credit Card,Desktop,9.0,Delivered,4.0
ORD100680,2024-08-02,C1221,37.0,Female,Malaysia,Johor Bahru,2024-04-30,Regular,Social Media,Beauty,1,36.53,5.0,6.99,Credit Card,Mobile,3.0,Delivered,
ORD101874,2025-05-31,C1053,,Female,Cambodia,Battambang,2023-09-16,VIP,Paid Ads,Fashion,1,41.81,0.0,9.99,Credit Card,Desktop,4.0,Delivered,
ORD101353,2024-12-25,C1565,42.0,Female,Cambodia,Phnom Penh,2024-04-22,New,Referral,Electronics,1,89.88,0.0,9.99,Cash on Delivery,Desktop,1.0,Returned,4.0
ORD101770,2025-05-04,C1444,30.0,Male,Cambodia,Phnom Penh,2023-02-18,VIP,Email,Beauty,2,31.32,0.0,4.99,PayPal,Mobile,,Cancelled,
ORD101784,2025-05-07,C1549,41.0,Female,Indonesia,Surabaya,2023-08-22,Regular,Email,Home & Kitchen,1,73.42,0.0,6.99,PayPal,Desktop,11.0,Delivered,3.0
ORD100495,2024-06-11,C1530,30.0,Male,Thailand,Chiang Mai,2023-03-10,VIP,Social Media,Electronics,1,171.91,0.0,0.0,Cash on Delivery,Desktop,8.0,Delivered,
ORD101173,2024-11-24,C1327,33.0,Male,Singapore,Singapore,2023-07-03,Regular,Organic Search,Home & Kitchen,3,107.72,10.0,0.0,E-Wallet,Mobile,5.0,Delivered,4.0
ORD101546,2025-02-22,C1279,37.0,Male,Singapore,Singapore,2022-08-14,Regular,Organic Search,Electronics,1,157.44,0.0,0.0,Credit Card,Mobile,11.0,Returned,
ORD100993,2024-10-19,C1576,49.0,M,Cambodia,Sihanoukville,2022-09-26,New,Email,Electronics,2,109.48,0.0,0.0,,Mobile,7.0,Delivered,
ORD100115,2024-02-16,C1047,36.0,Male,Philippines,Davao,2022-06-28,VIP,Organic Search,Sports,2,48.49,5.0,6.99,E-Wallet,Desktop,1.0,Delivered,4.0
ORD101621,2025-03-17,C1207,21.0,Female,Indonesia,Jakarta,2022-03-15,New,Organic Search,Electronics,2,252.75,5.0,0.0,Cash on Delivery,Mobile,11.0,Delivered,3.0
ORD101078,2024-11-07,C1602,48.0,Female,Thailand,Phuket,2024-05-29,VIP,Organic Search,Beauty,2,64.38,5.0,0.0,Bank Transfer,Mobile,10.0,Delivered,4.0
ORD101905,2025-06-06,C1374,40.0,Male,Thailand,Bangkok,2022-10-02,VIP,Social Media,Books,1,9.12,10.0,9.99,PayPal,Desktop,2.0,Delivered,4.0
ORD101249,2024-12-09,C1245,20.0,Male,Cambodia,Sihanoukville,2022-03-01,Regular,Organic Search,Beauty,4,25.8,5.0,4.99,Bank Transfer,Mobile,10.0,Delivered,
ORD101703,2025-04-11,C1278,47.0,Female,Cambodia,Battambang,2022-03-13,VIP,Social Media,Home & Kitchen,1,37.16,10.0,6.99,Bank Transfer,Desktop,9.0,Returned,2.0
ORD100997,2024-10-19,C1254,31.0,Female,Singapore,Singapore,2022-12-10,VIP,Organic Search,Books,4,28.68,10.0,9.99,Credit Card,Mobile,6.0,Returned,3.0
ORD101161,2024-11-22,C1033,25.0,Male,Vietnam,Hanoi,2024-01-24,VIP,Organic Search,Electronics,3,148.32,15.0,0.0,Bank Transfer,Mobile,10.0,Delivered,4.0
ORD101301,2024-12-16,C1687,50.0,Male,Vietnam,Hanoi,2023-10-20,VIP,Email,Electronics,1,110.23,0.0,6.99,Bank Transfer,Mobile,11.0,Delivered,2.0
ORD101950,2025-06-16,C1451,38.0,Male,Thailand,Bangkok,2022-04-10,VIP,Organic Search,Sports,2,35.91,0.0,9.99,Credit Card,Mobile,10.0,Delivered,
ORD100480,2024-06-08,C1561,38.0,Female,Malaysia,Kuala Lumpur,2024-04-10,Regular,Paid Ads,Fashion,2,18.41,15.0,9.99,E-Wallet,Tablet,5.0,Delivered,4.0
ORD100351,2024-05-07,C1614,25.0,Male,Cambodia,Battambang,2023-01-23,VIP,Social Media,Beauty,2,24.59,20.0,9.99,Cash on Delivery,Mobile,5.0,Delivered,
ORD100808,2024-08-31,C1736,43.0,Female,Vietnam,Ho Chi Minh City,2024-05-22,VIP,Email,Toys,1,32.24,5.0,4.99,Cash on Delivery,Mobile,9.0,Delivered,
ORD100420,2024-05-25,C1034,41.0,Female,Singapore,Singapore,2023-10-01,Regular,Organic Search,Beauty,1,23.52,0.0,9.99,Credit Card,Mobile,4.0,Returned,3.0
ORD101286,2024-12-14,C1128,27.0,Female,Cambodia,Sihanoukville,2022-10-01,Regular,Referral,Electronics,2,206.15,0.0,0.0,E-Wallet,Desktop,2.0,Delivered,5.0
ORD100759,2024-08-20,C1007,31.0,Male,Malaysia,Penang,2022-04-16,VIP,Paid Ads,Home & Kitchen,3,11.3,0.0,4.99,Cash on Delivery,Mobile,5.0,Delivered,4.0
ORD100679,2024-08-01,C1721,46.0,Female,Thailand,Phuket,2022-01-12,Regular,Organic Search,Beauty,2,3.0,0.0,6.99,E-Wallet,Mobile,7.0,Delivered,2.0
ORD100120,2024-02-18,C1267,38.0,Male,Cambodia,Siem Reap,2022-10-20,Regular,Social Media,Home & Kitchen,1,69.77,0.0,6.99,Bank Transfer,Desktop,7.0,Delivered,4.0
ORD101376,2024-12-28,C1587,25.0,Female,Singapore,Singapore,2023-12-15,VIP,Organic Search,Home & Kitchen,2,78.77,5.0,0.0,Credit Card,Mobile,9.0,Returned,4.0
ORD100579,2024-07-04,C1248,66.0,Male,Vietnam,Da Nang,2023-02-15,Regular,Email,Fashion,2,90.89,10.0,0.0,E-Wallet,Mobile,2.0,Delivered,4.0
ORD101767,2025-05-03,C1304,33.0,Female,Cambodia,Battambang,2024-09-16,Regular,Social Media,Sports,2,95.15,5.0,0.0,Credit Card,Desktop,7.0,Delivered,3.0
ORD101857,2025-05-27,C1640,18.0,Male,Cambodia,Siem Reap,2022-12-08,VIP,Referral,Fashion,1,,5.0,9.99,Credit Card,Mobile,,Cancelled,
ORD100786,2024-08-25,C1235,27.0,Female,Philippines,Manila,2024-08-24,VIP,Social Media,Books,1,9.72,10.0,9.99,Bank Transfer,Mobile,8.0,Delivered,
ORD100251,2024-04-11,C1561,38.0,Female,Malaysia,Kuala Lumpur,2024-04-10,Regular,Paid Ads,Electronics,2,194.95,0.0,0.0,Cash on Delivery,Mobile,5.0,Delivered,4.0
ORD100135,2024-02-26,C1141,23.0,Male,Singapore,Singapore,2022-02-08,New,Paid Ads,Electronics,2,251.1,5.0,0.0,E-Wallet,Desktop,8.0,Delivered,
ORD100342,2024-05-05,C1349,50.0,Female,Cambodia,Siem Reap,2023-07-06,VIP,Organic Search,Home & Kitchen,1,118.73,0.0,2.99,E-Wallet,Tablet,8.0,Returned,3.0
ORD101176,2024-11-24,C1163,25.0,Male,Malaysia,Johor Bahru,2022-10-08,VIP,Referral,Toys,2,10.94,15.0,4.99,Bank Transfer,Mobile,6.0,Delivered,
ORD101626,2025-03-18,C1713,34.0,Male,Singapore,Singapore,2022-03-06,Regular,Referral,toys,1,34.86,20.0,4.99,Cash on Delivery,Mobile,3.0,Returned,2.0
ORD100838,2024-09-06,C1776,22.0,Male,Cambodia,Sihanoukville,2022-12-22,Regular,Referral,Home & Kitchen,1,199.31,15.0,0.0,Bank Transfer,Mobile,5.0,Delivered,4.0
ORD101216,2024-12-02,C1809,36.0,Male,Vietnam,Da Nang,2022-07-22,VIP,Organic Search,Books,5,16.68,0.0,2.99,Cash on Delivery,Mobile,5.0,Delivered,4.0
ORD100752,2024-08-19,C1451,38.0,Male,Thailand,Bangkok,2022-04-10,VIP,Organic Search,Toys,1,63.87,0.0,2.99,E-Wallet,Desktop,10.0,Delivered,4.0
ORD100299,2024-04-23,C1117,34.0,M,Vietnam,Hanoi,2023-03-14,Regular,Social Media,Electronics,2,410.94,10.0,0.0,Credit Card,Desktop,4.0,Delivered,3.0
ORD101968,2025-06-21,C1479,63.0,Male,Vietnam,Ho Chi Minh City,2022-01-07,VIP,Organic Search,Books,2,18.96,5.0,9.99,E-Wallet,Mobile,7.0,Delivered,3.0
ORD100109,2024-02-13,C1723,18.0,Male,Indonesia,Surabaya,2022-01-20,VIP,Social Media,Electronics,1,319.92,15.0,0.0,E-Wallet,Mobile,6.0,Returned,4.0
ORD100593,2024-07-10,C1109,18.0,Male,Vietnam,Hanoi,2022-10-16,Regular,Social Media,Home & Kitchen,3,107.73,0.0,0.0,PayPal,Mobile,9.0,Delivered,4.0
ORD100212,2024-03-29,C1447,30.0,Male,Cambodia,Phnom Penh,2024-02-23,New,Organic Search,Fashion,3,62.3,30.0,0.0,Credit Card,Mobile,5.0,Delivered,4.0
ORD101427,2025-01-08,C1687,50.0,Male,Vietnam,Hanoi,2023-10-20,VIP,Email,Electronics,1,254.61,10.0,0.0,PayPal,Mobile,10.0,Delivered,4.0
ORD101560,2025-02-26,C1534,18.0,Male,Cambodia,Battambang,2023-11-27,Regular,Social Media,Fashion,1,111.55,0.0,6.99,E-Wallet,Mobile,10.0,Delivered,3.0
ORD100596,2024-07-11,C1018,44.0,Female,Philippines,Davao,2022-11-20,New,Social Media,Electronics,1,248.5,10.0,0.0,Credit Card,Mobile,2.0,Delivered,
ORD101463,2025-01-20,C1372,43.0,Female,Singapore,Singapore,2022-01-17,Regular,Paid Ads,Books,2,20.26,10.0,4.99,E-Wallet,Tablet,10.0,Delivered,2.0
ORD101471,2025-01-24,C1314,43.0,Female,Malaysia,Kuala Lumpur,2024-07-10,VIP,Social Media,Beauty,4,33.14,15.0,0.0,Credit Card,Mobile,10.0,Returned,3.0
ORD100239,2024-04-06,C1614,25.0,Male,Cambodia,Battambang,2023-01-23,VIP,Social Media,Fashion,1,118.8,0.0,6.99,Cash on Delivery,Mobile,6.0,Delivered,3.0
ORD100705,2024-08-08,C1370,34.0,Female,Singapore,Singapore,2023-05-07,Regular,Social Media,Beauty,1,32.71,0.0,2.99,E-Wallet,Desktop,1.0,Delivered,4.0
ORD100888,2024-09-19,C1791,20.0,Female,Malaysia,Johor Bahru,2023-06-05,VIP,Paid Ads,Books,2,23.67,15.0,4.99,Cash on Delivery,Mobile,8.0,Delivered,4.0
ORD101456,2025-01-18,C1310,47.0,Female,Cambodia,Phnom Penh,2023-05-17,VIP,Email,Fashion,4,69.87,15.0,0.0,PayPal,Mobile,2.0,Delivered,3.0
ORD101190,2024-11-26,C1768,20.0,Male,Vietnam,Ho Chi Minh City,2022-04-14,Regular,Social Media,Electronics,1,190.44,5.0,0.0,Credit Card,Desktop,5.0,Delivered,3.0
ORD101681,2025-04-04,C1809,36.0,Male,Vietnam,Da Nang,2022-07-22,VIP,Organic Search,Home & Kitchen,1,104.44,20.0,4.99,Bank Transfer,Desktop,5.0,Delivered,4.0
ORD100620,2024-07-15,C1167,38.0,Female,Vietnam,Hanoi,2024-02-13,VIP,Organic Search,Toys,2,3.0,25.0,9.99,E-Wallet,Desktop,7.0,Delivered,3.0
ORD100254,2024-04-12,C1804,48.0,Male,Cambodia,Siem Reap,2023-10-13,VIP,Social Media,Electronics,2,186.53,5.0,0.0,E-Wallet,Mobile,9.0,Delivered,4.0
ORD100383,2024-05-14,C1631,62.0,Female,Cambodia,Phnom Penh,2023-10-21,VIP,Paid Ads,Electronics,1,207.55,0.0,0.0,Credit Card,Mobile,9.0,Delivered,
ORD101840,2025-05-23,C1729,22.0,Female,Cambodia,Phnom Penh,2023-07-28,New,Social Media,Electronics,2,97.35,0.0,0.0,E-Wallet,Mobile,,Cancelled,
ORD100124,2024-02-21,C1703,33.0,Female,Cambodia,Siem Reap,2023-06-05,New,Organic Search,Sports,3,81.97,0.0,0.0,E-Wallet,Mobile,3.0,Delivered,
ORD101734,2025-04-23,C1765,18.0,Male,Cambodia,Battambang,2022-07-22,Regular,Social Media,Fashion,2,102.75,0.0,0.0,Bank Transfer,Desktop,8.0,Delivered,
ORD100881,2024-09-18,C1347,40.0,Female,Cambodia,Battambang,2024-02-11,Regular,Social Media,Electronics,2,199.16,10.0,0.0,Cash on Delivery,Desktop,6.0,Delivered,5.0
ORD100321,2024-04-30,C1312,53.0,Female,Thailand,Chiang Mai,2023-05-19,Regular,Organic Search,Electronics,1,158.75,0.0,0.0,Bank Transfer,Desktop,2.0,Delivered,
ORD100792,2024-08-27,C1625,28.0,Male,Thailand,Bangkok,2023-08-10,Regular,Paid Ads,Beauty,1,44.18,0.0,4.99,Credit Card,Desktop,,Cancelled,
ORD101323,2024-12-19,C1797,46.0,Male,Vietnam,Hanoi,2024-07-27,Regular,Paid Ads,Fashion,1,40.88,0.0,2.99,Bank Transfer,Desktop,,Cancelled,
ORD101290,2024-12-15,C1299,38.0,Male,Cambodia,Phnom Penh,2022-08-01,VIP,Paid Ads,Electronics,1,407.86,5.0,0.0,Credit Card,Desktop,3.0,Delivered,
ORD100453,2024-06-02,C1793,38.0,Male,Cambodia,Phnom Penh,2022-09-19,Regular,Paid Ads,Electronics,1,38.0,0.0,2.99,E-Wallet,Desktop,,Cancelled,
ORD101517,2025-02-12,C1137,43.0,Female,Singapore,Singapore,2022-02-06,VIP,Social Media,Beauty,2,51.75,25.0,9.99,Bank Transfer,Desktop,10.0,Delivered,
ORD100450,2024-06-01,C1760,48.0,Male,Singapore,Singapore,2022-11-29,New,Paid Ads,Electronics,3,145.2,5.0,0.0,Cash on Delivery,Mobile,2.0,Delivered,3.0
ORD101421,2025-01-06,C1675,38.0,Male,Cambodia,Sihanoukville,2023-09-22,New,Social Media,Beauty,1,12.52,10.0,2.99,E-Wallet,Mobile,6.0,Returned,2.0
ORD101871,2025-05-31,C1584,42.0,Female,Singapore,Singapore,2023-05-22,VIP,Organic Search,Fashion,2,87.24,30.0,0.0,E-Wallet,Mobile,5.0,Delivered,4.0
ORD100486,2024-06-09,C1482,35.0,Male,Vietnam,Ho Chi Minh City,2022-05-18,Regular,Organic Search,Beauty,1,8.27,10.0,4.99,Credit Card,Mobile,9.0,Delivered,3.0
ORD100978,2024-10-15,C1621,34.0,Male,Cambodia,Battambang,2023-01-09,VIP,Organic Search,Books,3,13.97,5.0,9.99,E-Wallet,Mobile,4.0,Delivered,3.0
ORD100289,2024-04-21,C1805,46.0,Female,Cambodia,Sihanoukville,2024-04-20,VIP,Paid Ads,Fashion,3,122.19,5.0,0.0,E-Wallet,Mobile,6.0,Delivered,
ORD100909,2024-09-24,C1181,36.0,Female,Cambodia,Siem Reap,2023-02-24,Regular,Organic Search,Home & Kitchen,1,48.38,0.0,2.99,Bank Transfer,Desktop,1.0,Delivered,
ORD100532,2024-06-21,C1163,25.0,Male,Malaysia,Johor Bahru,2022-10-08,VIP,Referral,Electronics,3,,0.0,0.0,Bank Transfer,Tablet,7.0,Delivered,4.0
ORD101320,2024-12-19,C1395,36.0,Male,Indonesia,Jakarta,2022-11-13,Regular,Social Media,Fashion,1,76.96,25.0,6.99,Credit Card,Desktop,2.0,Delivered,4.0
ORD100049,2024-01-21,C1457,25.0,Female,Vietnam,Da Nang,2022-06-26,Regular,Organic Search,Toys,1,32.59,10.0,9.99,E-Wallet,Mobile,10.0,Delivered,
ORD100237,2024-04-06,C1213,29.0,Male,Cambodia,Siem Reap,2022-09-20,Regular,Email,Home & Kitchen,1,70.12,20.0,4.99,Cash on Delivery,Mobile,8.0,Delivered,4.0
ORD100432,2024-05-28,C1784,34.0,Female,Vietnam,Hanoi,2023-04-17,VIP,Organic Search,Fashion,1,35.54,15.0,2.99,Cash on Delivery,Mobile,6.0,Delivered,5.0
ORD101393,2024-12-31,C1157,45.0,Female,Malaysia,Johor Bahru,2024-02-14,Regular,Referral,Fashion,1,29.75,10.0,6.99,Cash on Delivery,Mobile,4.0,Delivered,4.0
ORD101928,2025-06-11,C1624,39.0,Male,Malaysia,Kuala Lumpur,2023-10-30,VIP,Organic Search,Beauty,2,23.24,0.0,6.99,Credit Card,Tablet,8.0,Delivered,3.0
ORD100674,2024-08-01,C1697,23.0,Female,Philippines,Manila,2023-09-19,VIP,Referral,Electronics,1,3.0,15.0,4.99,Credit Card,Desktop,2.0,Delivered,4.0
ORD101134,2024-11-17,C1260,31.0,Female,Singapore,Singapore,2024-01-16,Regular,Email,Electronics,1,196.79,10.0,0.0,E-Wallet,Desktop,,Cancelled,
ORD100984,2024-10-17,C1715,21.0,Male,Singapore,Singapore,2023-07-25,New,Email,Books,2,11.33,0.0,2.99,E-Wallet,Mobile,5.0,Delivered,4.0
ORD100741,2024-08-16,C1736,43.0,Female,Vietnam,Ho Chi Minh City,2024-05-22,VIP,Email,Fashion,1,49.28,0.0,9.99,E-Wallet,Desktop,7.0,Delivered,5.0
ORD100173,2024-03-16,C1478,34.0,Male,Cambodia,Siem Reap,2023-01-30,VIP,Paid Ads,Books,4,31.85,15.0,0.0,E-Wallet,Mobile,10.0,Delivered,4.0
ORD101234,2024-12-05,C1796,45.0,Female,Vietnam,Hanoi,2022-06-16,VIP,Organic Search,Beauty,2,22.18,0.0,9.99,Credit Card,Mobile,5.0,Returned,2.0
ORD101491,2025-01-31,C1573,24.0,Male,Cambodia,Sihanoukville,2023-04-18,VIP,Paid Ads,Electronics,1,55.24,10.0,4.99,Bank Transfer,Tablet,9.0,Delivered,4.0
ORD101375,2024-12-28,C1557,23.0,Female,Malaysia,Kuala Lumpur,2023-12-03,Regular,Organic Search,Beauty,1,42.2,0.0,2.99,Bank Transfer,Mobile,1.0,Delivered,
ORD101689,2025-04-07,C1636,32.0,Female,Cambodia,Siem Reap,2024-05-29,VIP,Organic Search,Electronics,1,177.43,5.0,0.0,Cash on Delivery,Mobile,9.0,Returned,
ORD101710,2025-04-15,C1054,29.0,Female,Indonesia,Jakarta,2022-11-22,Regular,Paid Ads,Toys,4,3.0,25.0,9.99,Credit Card,Mobile,1.0,Returned,3.0
ORD101731,2025-04-22,C1489,41.0,Female,Philippines,Manila,2022-02-04,New,Organic Search,Electronics,1,291.34,0.0,0.0,Credit Card,Mobile,4.0,Delivered,
ORD101852,2025-05-26,C1675,38.0,Male,Cambodia,Sihanoukville,2023-09-22,New,Social Media,Home & Kitchen,1,101.09,5.0,6.99,E-Wallet,Mobile,5.0,Delivered,3.0
ORD100591,2024-07-10,C1611,37.0,Female,Cambodia,Sihanoukville,2022-08-08,Regular,Organic Search,Home & Kitchen,1,97.66,25.0,4.99,Credit Card,Mobile,11.0,Delivered,2.0
ORD100023,2024-01-12,C1693,18.0,Female,Cambodia,Sihanoukville,2023-09-11,VIP,Paid Ads,Electronics,2,264.32,0.0,0.0,E-Wallet,Mobile,1.0,Delivered,3.0
ORD100381,2024-05-14,C1089,39.0,Female,Vietnam,Da Nang,2022-07-20,Regular,Organic Search,Toys,2,67.53,0.0,0.0,,Mobile,5.0,Delivered,2.0
ORD101956,2025-06-18,C1736,43.0,Female,Vietnam,Ho Chi Minh City,2024-05-22,VIP,Email,Beauty,1,20.6,0.0,4.99,Cash on Delivery,Mobile,3.0,Delivered,
ORD100063,2024-01-26,C1545,32.0,Male,Malaysia,Penang,2022-11-18,Regular,Paid Ads,Fashion,1,22.09,20.0,9.99,Bank Transfer,Mobile,1.0,Delivered,4.0
ORD100806,2024-08-31,C1569,36.0,Female,Cambodia,Siem Reap,2022-11-19,VIP,Organic Search,Fashion,1,91.45,25.0,9.99,Cash on Delivery,Mobile,2.0,Delivered,5.0
ORD100188,2024-03-21,C1124,43.0,Male,Cambodia,Siem Reap,2022-12-07,VIP,Organic Search,Sports,1,64.18,15.0,2.99,PayPal,Mobile,,Cancelled,
ORD100727,2024-08-12,C1563,26.0,Male,Cambodia,Battambang,2022-04-19,Regular,Referral,Electronics,1,306.14,0.0,0.0,E-Wallet,Desktop,6.0,Delivered,
ORD101669,2025-04-01,C1261,31.0,Male,Thailand,Chiang Mai,2024-01-26,VIP,Email,Beauty,1,8.35,10.0,2.99,E-Wallet,Mobile,8.0,Delivered,
ORD101163,2024-11-22,C1065,43.0,Female,Thailand,Bangkok,2022-06-21,VIP,Email,Fashion,1,28.51,0.0,4.99,Credit Card,Tablet,5.0,Delivered,
ORD101009,2024-10-22,C1391,35.0,Male,Philippines,Davao,2022-06-07,New,Organic Search,Toys,3,57.66,0.0,0.0,Cash on Delivery,Mobile,6.0,Delivered,
ORD101802,2025-05-11,C1710,34.0,Female,Singapore,Singapore,2022-06-08,VIP,Social Media,Beauty,1,45.98,5.0,2.99,E-Wallet,Desktop,3.0,Delivered,3.0
ORD100256,2024-04-13,C1384,18.0,Male,Cambodia,Battambang,2023-04-25,VIP,Organic Search,Fashion,2,64.09,5.0,0.0,Credit Card,Desktop,3.0,Delivered,2.0
ORD101105,2024-11-11,C1095,18.0,Female,Thailand,Phuket,2023-11-13,Regular,Organic Search,Fashion,1,45.55,0.0,2.99,E-Wallet,Mobile,8.0,Delivered,5.0
ORD100393,2024-05-17,C1557,23.0,Female,Malaysia,Kuala Lumpur,2023-12-03,Regular,Organic Search,Home & Kitchen,2,139.39,0.0,0.0,E-Wallet,Mobile,,Cancelled,
ORD101983,2025-06-25,C1028,39.0,Female,Cambodia,Battambang,2023-05-28,Regular,Email,Beauty,1,44.23,20.0,2.99,Credit Card,Mobile,5.0,Delivered,3.0
ORD100354,2024-05-08,C1002,42.0,Male,Thailand,Phuket,2024-05-07,Regular,Email,Books,1,22.51,20.0,9.99,E-Wallet,Mobile,10.0,Returned,3.0
ORD101706,2025-04-12,C1418,33.0,Female,Cambodia,Battambang,2023-03-05,Regular,Referral,Fashion,3,30.23,5.0,4.99,Credit Card,Mobile,11.0,Delivered,
ORD101979,2025-06-24,C1716,18.0,Female,Vietnam,Ho Chi Minh City,2022-09-01,VIP,Paid Ads,Beauty,3,6.37,0.0,6.99,E-Wallet,Mobile,8.0,Delivered,4.0
ORD101131,2024-11-16,C1310,47.0,Female,Cambodia,Phnom Penh,2023-05-17,VIP,Email,Electronics,4,153.62,5.0,0.0,Credit Card,Desktop,3.0,Delivered,4.0
ORD101747,2025-04-26,C1202,35.0,Male,Cambodia,Sihanoukville,2022-03-28,Regular,Social Media,Beauty,2,84.63,0.0,0.0,E-Wallet,Mobile,10.0,Delivered,3.0
ORD101328,2024-12-20,C1119,31.0,Male,Indonesia,Bandung,2022-04-15,VIP,Organic Search,Beauty,2,22.9,5.0,2.99,E-Wallet,Mobile,10.0,Delivered,3.0
ORD100352,2024-05-07,C1598,37.0,Male,Indonesia,Jakarta,2023-12-12,Regular,Paid Ads,Electronics,2,339.23,10.0,0.0,Credit Card,Desktop,7.0,Delivered,
ORD101532,2025-02-16,C1316,35.0,Female,Vietnam,Hanoi,2023-05-23,VIP,Paid Ads,Beauty,1,40.18,5.0,9.99,E-Wallet,Desktop,2.0,Delivered,
ORD101319,2024-12-19,C1149,36.0,Male,Indonesia,Jakarta,2023-12-18,VIP,Social Media,Beauty,1,3.0,5.0,9.99,Credit Card,Tablet,10.0,Returned,
ORD100873,2024-09-15,C1827,33.0,Male,Vietnam,Ho Chi Minh City,2024-08-16,Regular,Organic Search,Sports,1,19.42,5.0,2.99,E-Wallet,Mobile,5.0,Delivered,
ORD100270,2024-04-17,C1529,51.0,Female,Cambodia,Sihanoukville,2022-12-16,Regular,Social Media,Home & Kitchen,2,11.91,15.0,2.99,Credit Card,Mobile,10.0,Delivered,
ORD100324,2024-05-01,C1221,37.0,Female,Malaysia,Johor Bahru,2024-04-30,Regular,Social Media,Fashion,2,60.3,0.0,0.0,,Mobile,1.0,Delivered,
ORD101010,2024-10-22,C1053,30.0,Female,Cambodia,Battambang,2023-09-16,VIP,Paid Ads,Fashion,2,64.17,5.0,0.0,Cash on Delivery,Desktop,3.0,Delivered,3.0
ORD101586,2025-03-05,C1756,24.0,Female,Vietnam,Ho Chi Minh City,2022-06-10,Regular,Paid Ads,Toys,1,59.41,10.0,6.99,Bank Transfer,Desktop,5.0,Delivered,3.0
ORD101204,2024-11-28,C1602,48.0,Female,Thailand,Phuket,2024-05-29,VIP,Organic Search,Electronics,1,191.35,20.0,0.0,Credit Card,Desktop,2.0,Delivered,3.0
ORD100025,2024-01-13,C1711,42.0,Female,Cambodia,Siem Reap,2023-12-03,New,Organic Search,Electronics,1,35.77,10.0,2.99,,Mobile,6.0,Delivered,4.0
ORD101292,2024-12-15,C1478,34.0,Male,Cambodia,Siem Reap,2023-01-30,VIP,Paid Ads,Fashion,2,42.86,20.0,2.99,Credit Card,Mobile,10.0,Delivered,
ORD100078,2024-02-02,C1074,36.0,Male,Thailand,Chiang Mai,2023-04-19,VIP,Email,Sports,2,77.14,5.0,0.0,E-Wallet,Desktop,3.0,Delivered,5.0
ORD101551,2025-02-23,C1809,36.0,Male,Vietnam,Da Nang,2022-07-22,VIP,Organic Search,Beauty,1,66.43,10.0,6.99,Bank Transfer,Desktop,8.0,Delivered,4.0
ORD100032,2024-01-16,C1430,23.0,Male,Singapore,Singapore,2023-12-16,Regular,Organic Search,Fashion,1,50.18,5.0,6.99,Credit Card,Desktop,3.0,Delivered,
ORD101244,2024-12-08,C1560,33.0,Female,Singapore,Singapore,2024-04-25,Regular,Organic Search,Books,1,20.82,15.0,6.99,Bank Transfer,Mobile,7.0,Returned,1.0
ORD100548,2024-06-28,C1834,,Female,Indonesia,Jakarta,2024-05-29,VIP,Email,Home & Kitchen,1,120.82,15.0,0.0,,Desktop,4.0,Delivered,5.0
ORD101728,2025-04-21,C1235,27.0,Female,Philippines,Manila,2024-08-24,VIP,Social Media,Fashion,3,49.28,10.0,0.0,E-Wallet,Mobile,8.0,Delivered,3.0
ORD100427,2024-05-26,C1693,18.0,Female,Cambodia,Sihanoukville,2023-09-11,VIP,Paid Ads,Home & Kitchen,1,61.44,25.0,2.99,E-Wallet,Mobile,3.0,Delivered,4.0
ORD100163,2024-03-12,C1384,18.0,Male,Cambodia,Battambang,2023-04-25,VIP,Organic Search,Sports,2,38.7,15.0,9.99,Bank Transfer,Mobile,5.0,Delivered,4.0
ORD100203,2024-03-26,C1620,29.0,Male,Malaysia,Johor Bahru,2024-03-25,Regular,Social Media, Sports ,1,90.21,0.0,6.99,E-Wallet,Desktop,11.0,Delivered,
ORD101995,2025-06-29,C1035,46.0,Female,Vietnam,Ho Chi Minh City,2024-07-10,VIP,Organic Search,Toys,1,48.37,0.0,9.99,E-Wallet,Mobile,5.0,Delivered,4.0
ORD101255,2024-12-10,C1802,38.0,Male,Cambodia,Battambang,2024-02-14,Regular,Email,Books,2,24.27,30.0,4.99,Bank Transfer,Desktop,7.0,Returned,
ORD100297,2024-04-22,C1402,43.0,Female,Cambodia,Phnom Penh,2023-02-13,Regular,Social Media,Electronics,1,170.22,5.0,0.0,PayPal,Desktop,4.0,Delivered,
ORD101649,2025-03-25,C1137,43.0,Female,Singapore,Singapore,2022-02-06,VIP,Social Media,Toys,2,12.43,0.0,2.99,Credit Card,Mobile,10.0,Delivered,
ORD100862,2024-09-12,C1058,24.0,Female,Vietnam,Da Nang,2023-10-11,New,Paid Ads,Fashion,1,36.76,5.0,2.99,Credit Card,Mobile,,Cancelled,
ORD100552,2024-06-29,C1074,36.0,Male,Thailand,Chiang Mai,2023-04-19,VIP,Email,Fashion,4,55.01,25.0,0.0,Credit Card,Mobile,3.0,Delivered,
ORD100056,2024-01-23,C1457,25.0,Female,Vietnam,Da Nang,2022-06-26,Regular,Organic Search,Books,3,16.33,0.0,4.99,Bank Transfer,Mobile,,Cancelled,
ORD101823,2025-05-17,C1166,44.0,Female,Vietnam,Ho Chi Minh City,2024-05-06,VIP,Social Media,Electronics,1,3.0,25.0,2.99,E-Wallet,Mobile,4.0,Delivered,4.0
ORD100963,2024-10-10,C1240,24.0,Male,Singapore,Singapore,2022-12-03,New,Social Media,Electronics,4,116.96,0.0,0.0,E-Wallet,Mobile,6.0,Delivered,3.0
ORD101605,2025-03-11,C1521,24.0,Female,Philippines,Davao,2023-08-23,Regular,Organic Search,Home & Kitchen,1,97.06,0.0,2.99,E-Wallet,Mobile,11.0,Delivered,3.0
ORD101402,2025-01-02,C1636,32.0,Female,Cambodia,,2024-05-29,VIP,Organic Search,Fashion,1,116.23,5.0,6.99,E-Wallet,Mobile,2.0,Delivered,
ORD100218,2024-03-31,C1048,41.0,Female,Thailand,Chiang Mai,2022-09-23,Regular,Social Media,Home & Kitchen,1,19.03,5.0,6.99,Cash on Delivery,Mobile,8.0,Delivered,3.0
ORD101975,2025-06-22,C1678,38.0,Female,Vietnam,Ho Chi Minh City,2023-06-16,VIP,Organic Search,Electronics,1,368.39,5.0,0.0,E-Wallet,Desktop,,Cancelled,
ORD101503,2025-02-04,C1613,39.0,Female,Indonesia,Bandung,2022-02-09,New,Organic Search,Books,1,21.96,20.0,2.99,E-Wallet,Mobile,6.0,Delivered,3.0
ORD101338,2024-12-22,C1280,39.0,Female,Thailand,Bangkok,2022-02-06,New,Organic Search,home & kitchen,3,37.07,0.0,4.99,Credit Card,Mobile,2.0,Delivered,3.0
ORD101775,2025-05-05,C1356,37.0,Male,Cambodia,Sihanoukville,2023-08-09,New,Paid Ads,Beauty,1,70.38,20.0,6.99,Credit Card,Mobile,1.0,Delivered,5.0
ORD101609,2025-03-13,C1641,42.0,Male,Vietnam,Ho Chi Minh City,2024-04-29,Regular,Social Media,Home & Kitchen,1,134.57,0.0,0.0,E-Wallet,Desktop,,Cancelled,
ORD100059,2024-01-25,C1522,49.0,Male,Singapore,Singapore,2022-10-21,New,Referral,Beauty,3,17.39,5.0,9.99,E-Wallet,Mobile,2.0,Returned,
ORD100529,2024-06-20,C1514,43.0,Male,Singapore,Singapore,2022-09-29,New,Organic Search,Electronics,1,115.15,15.0,9.99,E-Wallet,Mobile,10.0,Delivered,3.0
ORD100429,2024-05-27,C1614,25.0,Male,Cambodia,Battambang,2023-01-23,VIP,Social Media,Home & Kitchen,1,21.94,15.0,4.99,Bank Transfer,Mobile,,Cancelled,
ORD100073,2024-01-31,C1164,43.0,Female,Cambodia,Sihanoukville,2023-03-30,VIP,Social Media,Beauty,1,28.43,5.0,9.99,Bank Transfer,Mobile,10.0,Delivered,2.0
ORD100162,2024-03-12,C1330,51.0,Male,Vietnam,Ho Chi Minh City,2023-10-07,New,Email,Electronics,1,324.83,0.0,0.0,Credit Card,Mobile,8.0,Delivered,4.0
ORD100855,2024-09-08,C1770,53.0,Female,Cambodia,Sihanoukville,2022-01-07,New,Email,Books,1,28.2,5.0,4.99,E-Wallet,Mobile,6.0,Delivered,
ORD100543,2024-06-26,C1820,29.0,Female,Singapore,Singapore,2022-10-19,New,Social Media,Fashion,2,50.16,15.0,4.99,Credit Card,Tablet,9.0,Delivered,4.0
ORD100943,2024-10-04,C1684,29.0,Male,Cambodia,Siem Reap,2024-02-23,Regular,Paid Ads,Electronics,5,373.43,5.0,0.0,E-Wallet,Mobile,1.0,Delivered,3.0
ORD101068,2024-11-06,C1665,18.0,Male,Vietnam,Da Nang,2024-09-09,New,Referral,Electronics,1,3.0,10.0,6.99,Cash on Delivery,Mobile,7.0,Delivered,
ORD100614,2024-07-14,C1459,34.0,Female,Cambodia,Battambang,2023-11-08,Regular,Paid Ads,Home & Kitchen,1,89.99,10.0,9.99,E-Wallet,Desktop,1.0,Delivered,3.0
ORD101106,2024-11-11,C1405,31.0,Female,Cambodia,Phnom Penh,2023-04-03,New,Paid Ads,Electronics,2,411.54,30.0,0.0,Bank Transfer,Desktop,3.0,Delivered,
ORD100045,2024-01-19,C1808,30.0,Male,Cambodia,Battambang,2023-02-07,New,Paid Ads,Fashion,1,56.15,5.0,6.99,E-Wallet,Desktop,11.0,Delivered,
ORD101211,2024-11-30,C1506,61.0,Male,Philippines,Cebu,2022-01-24,VIP,Paid Ads,Electronics,2,267.61,10.0,0.0,Bank Transfer,Desktop,5.0,Delivered,4.0
ORD100968,2024-10-13,C1061,30.0,Male,Philippines,Davao,2024-05-03,Regular,Social Media,Books,3,23.56,15.0,6.99,Bank Transfer,Mobile,9.0,Delivered,3.0
ORD101516,2025-02-12,C1418,33.0,Female,Cambodia,Battambang,2023-03-05,Regular,Referral,Fashion,3,36.57,25.0,6.99,E-Wallet,Desktop,,Cancelled,
ORD101544,2025-02-21,C1670,43.0,Female,Cambodia,Siem Reap,2024-05-08,VIP,Paid Ads,Electronics,1,61.45,10.0,4.99,Bank Transfer,Mobile,4.0,Delivered,
ORD100076,2024-01-31,C1813,28.0,Female,Cambodia,Battambang,2022-03-19,Regular,Organic Search,Books,2,19.54,30.0,2.99,E-Wallet,Mobile,6.0,Delivered,2.0
ORD101961,2025-06-19,C1059,45.0,Female,Malaysia,Kuala Lumpur,2024-08-18,New,Social Media,Beauty,2,28.59,0.0,4.99,E-Wallet,Mobile,1.0,Delivered,4.0
ORD101444,2025-01-15,C1254,31.0,Female,Singapore,Singapore,2022-12-10,VIP,Organic Search,Home & Kitchen,1,84.96,5.0,9.99,E-Wallet,Mobile,3.0,Delivered,4.0
ORD101588,2025-03-06,C1435,27.0,Male,Indonesia,Bandung,2023-01-11,New,Paid Ads,Beauty,4,49.25,5.0,0.0,Credit Card,Mobile,1.0,Delivered,
ORD100599,2024-07-11,C1280,39.0,Female,Thailand,Bangkok,2022-02-06,New,Organic Search,Home & Kitchen,1,86.11,5.0,9.99,E-Wallet,Mobile,,Cancelled,
ORD100483,2024-06-09,C1329,28.0,Male,Malaysia,Penang,2022-02-14,VIP,Social Media,Fashion,1,27.42,0.0,2.99,Credit Card,Mobile,,Cancelled,
ORD101179,2024-11-25,C1351,43.0,Male,Cambodia,Siem Reap,2023-10-15,Regular,Paid Ads,Beauty,1,28.79,5.0,4.99,Bank Transfer,Mobile,8.0,Delivered,
ORD101440,2025-01-13,C1535,41.0,Female,Vietnam,Ho Chi Minh City,2022-09-01,Regular,Paid Ads,Fashion,3,52.65,5.0,0.0,E-Wallet,Mobile,5.0,Delivered,
ORD100030,2024-01-15,C1692,44.0,Male,Malaysia,Penang,2024-01-12,New,Organic Search,Books,1,16.68,10.0,6.99,Cash on Delivery,Mobile,11.0,Delivered,
ORD101555,2025-02-24,C1451,38.0,Male,Thailand,Bangkok,2022-04-10,VIP,Organic Search,Home & Kitchen,1,100.67,10.0,4.99,PayPal,Mobile,10.0,Delivered,4.0
ORD101545,2025-02-21,C1509,39.0,Female,Thailand,Bangkok,2024-03-18,Regular,Organic Search,Sports,1,71.8,5.0,9.99,Cash on Delivery,Mobile,6.0,Delivered,4.0
ORD101464,2025-01-21,C1546,36.0,Male,Cambodia,Sihanoukville,2023-01-23,Regular,Organic Search,Beauty,2,28.46,10.0,9.99,Cash on Delivery,Desktop,11.0,Delivered,5.0
ORD100654,2024-07-26,C1206,25.0,Male,Vietnam,Hanoi,2022-06-17,New,Social Media,Electronics,1,243.11,0.0,0.0,PayPal,Desktop,8.0,Delivered,
ORD100834,2024-09-06,C1074,36.0,Male,Thailand,Chiang Mai,2023-04-19,VIP,Email,Home & Kitchen,2,66.74,30.0,0.0,Bank Transfer,Tablet,11.0,Delivered,
ORD101711,2025-04-15,C1545,32.0,Male,Malaysia,Penang,2022-11-18,Regular,Paid Ads,Sports,1,38.62,5.0,2.99,Credit Card,Desktop,,Cancelled,
ORD100534,2024-06-21,C1216,40.0,Female,Cambodia,Sihanoukville,2024-06-20,VIP,Email,Home & Kitchen,1,130.4,15.0,0.0,Credit Card,Mobile,4.0,Delivered,4.0
ORD101583,2025-03-04,C1163,25.0,Male,Malaysia,Johor Bahru,2022-10-08,VIP,Referral,beauty,1,24.34,5.0,2.99,Cash on Delivery,Desktop,11.0,Delivered,3.0
ORD101600,2025-03-09,C1523,32.0,Female,Philippines,Davao,2023-02-03,VIP,Email,Home & Kitchen,1,36.55,20.0,2.99,Cash on Delivery,Desktop,7.0,Delivered,
ORD101414,2025-01-05,C1804,48.0,Male,Cambodia,Siem Reap,2023-10-13,VIP,Social Media,Fashion,2,38.98,5.0,6.99,Cash on Delivery,Desktop,7.0,Delivered,4.0
ORD101606,2025-03-11,C1455,36.0,Male,Thailand,Chiang Mai,2023-08-31,VIP,Organic Search,Fashion,1,61.5,30.0,9.99,Cash on Delivery,Mobile,6.0,Delivered,
ORD100044,2024-01-19,C1701,31.0,Male,Vietnam,Ho Chi Minh City,2023-03-09,Regular,Email,Fashion,1,46.76,20.0,9.99,Bank Transfer,Mobile,3.0,Delivered,
ORD101160,2024-11-21,C1291,36.0,Female,Singapore,Singapore,2022-09-06,New,Referral,Fashion,2,81.68,20.0,0.0,Cash on Delivery,Mobile,8.0,Delivered,3.0
ORD100168,2024-03-14,C1277,22.0,Male,Cambodia,Siem Reap,2023-07-06,Regular,Referral,Home & Kitchen,1,47.2,0.0,2.99,Cash on Delivery,Desktop,10.0,Delivered,5.0
ORD100303,2024-04-24,C1543,32.0,Male,Vietnam,Hanoi,2023-07-29,VIP,Email,Beauty,2,26.57,15.0,4.99,Bank Transfer,Mobile,2.0,Delivered,5.0
ORD101627,2025-03-18,C1349,50.0,Female,Cambodia,Siem Reap,2023-07-06,VIP,Organic Search,Electronics,1,190.97,0.0,0.0,Cash on Delivery,Desktop,3.0,Delivered,4.0
ORD100651,2024-07-24,C1108,43.0,Male,Philippines,Davao,2022-06-05,VIP,Referral,Beauty,1,18.47,0.0,4.99,Cash on Delivery,Tablet,9.0,Delivered,3.0
ORD101969,2025-06-21,C1399,26.0,Female,Vietnam,Hanoi,2024-08-25,VIP,Organic Search,Fashion,1,49.24,20.0,9.99,Credit Card,Desktop,7.0,Delivered,
ORD101990,2025-06-27,C1819,21.0,Male,Vietnam,Ho Chi Minh City,2022-03-06,Regular,Paid Ads,Toys,1,24.59,30.0,9.99,E-Wallet,Desktop,,Cancelled,
ORD101679,2025-04-04,C1230,18.0,Male,Thailand,Phuket,2023-03-23,New,Organic Search,Beauty,2,27.65,0.0,9.99,Cash on Delivery,Mobile,10.0,Delivered,
ORD100930,2024-09-29,C1449,38.0,Female,Cambodia,Battambang,2022-07-04,Regular,Organic Search,Fashion,2,22.87,15.0,9.99,Credit Card,Mobile,8.0,Delivered,
ORD100710,2024-08-09,C1484,33.0,Female,Cambodia,Sihanoukville,2023-10-18,Regular,Social Media,Fashion,1,79.1,0.0,9.99,E-Wallet,Mobile,,Cancelled,
ORD100744,2024-08-18,C1834,26.0,Female,Indonesia,Jakarta,2024-05-29,VIP,Email,Fashion,2,15.38,5.0,9.99,Cash on Delivery,Mobile,8.0,Delivered,3.0
ORD101742,2025-04-25,C1661,34.0,Male,Cambodia,Phnom Penh,2024-02-20,Regular,Organic Search,Toys,1,45.59,0.0,6.99,E-Wallet,Desktop,5.0,Delivered,
ORD101361,2024-12-26,C1063,40.0,Female,Vietnam,Ho Chi Minh City,2022-03-08,Regular,Email,Home & Kitchen,2,40.25,5.0,4.99,Bank Transfer,Mobile,4.0,Delivered,3.0
ORD101506,2025-02-04,C1471,30.0,Male,Cambodia,Battambang,2023-03-15,New,Paid Ads,Electronics,1,25.99,10.0,2.99,Credit Card,Mobile,3.0,Delivered,5.0
ORD101269,2024-12-12,C1269,34.0,Male,Thailand,Chiang Mai,2023-08-12,Regular,Social Media,Electronics,1,92.38,15.0,9.99,E-Wallet,Desktop,3.0,Delivered,5.0
ORD100353,2024-05-08,C1002,42.0,Male,Thailand,Phuket,2024-05-07,Regular,Email,Home & Kitchen,2,112.56,0.0,0.0,Credit Card,Desktop,,Cancelled,
ORD100366,2024-05-10,C1517,26.0,Female,Singapore,Singapore,2024-05-09,Regular,Organic Search,Beauty,1,33.62,5.0,2.99,Credit Card,Desktop,5.0,Returned,3.0
ORD101412,2025-01-05,C1831,51.0,Male,Cambodia,Battambang,2023-01-08,New,Organic Search,Beauty,4,51.66,0.0,0.0,Credit Card,Desktop,9.0,Delivered,3.0
ORD101901,2025-06-06,C1401,36.0,Male,Vietnam,Da Nang,2022-03-21,VIP,Social Media,Home & Kitchen,3,17.3,0.0,9.99,Credit Card,Desktop,6.0,Delivered,3.0
ORD100185,2024-03-20,C1205,33.0,Female,Singapore,Singapore,2023-03-15,VIP,Organic Search,Home & Kitchen,2,61.08,15.0,0.0,Cash on Delivery,Desktop,3.0,Delivered,
ORD100923,2024-09-27,C1568,40.0,Female,Thailand,Chiang Mai,2024-09-26,New,Paid Ads,Electronics,2,108.43,10.0,0.0,Bank Transfer,Desktop,11.0,Delivered,3.0
ORD100438,2024-05-29,C1050,,Male,Cambodia,Siem Reap,2022-09-30,Regular,Social Media,Electronics,1,163.6,0.0,0.0,E-Wallet,Mobile,5.0,Delivered,
ORD101299,2024-12-16,C1605,40.0,Male,Singapore,Singapore,2022-09-07,New,Organic Search,Beauty,2,19.55,0.0,9.99,Bank Transfer,Mobile,6.0,Delivered,4.0
ORD101229,2024-12-04,C1023,32.0,Male,Singapore,Singapore,2023-04-22,VIP,Email,Electronics,3,58.59,5.0,0.0,PayPal,Desktop,4.0,Delivered,
ORD100300,2024-04-24,C1350,38.0,Male,Vietnam,Ho Chi Minh City,2022-11-05,Regular,Email,Electronics,1,3.0,0.0,2.99,Credit Card,Mobile,5.0,Returned,3.0
ORD100382,2024-05-14,C1128,27.0,Female,Cambodia,Sihanoukville,2022-10-01,Regular,Referral,Beauty,2,45.52,5.0,2.99,PayPal,Desktop,6.0,Delivered,
ORD101047,2024-11-02,C1666,18.0,Male,Cambodia,Battambang,2023-09-24,VIP,Paid Ads,Home & Kitchen,2,42.84,0.0,2.99,Bank Transfer,Mobile,5.0,Delivered,4.0
ORD101591,2025-03-07,C1170,27.0,Male,Thailand,Chiang Mai,2023-04-17,New,Social Media,Sports,1,98.78,30.0,4.99,Cash on Delivery,Tablet,,Cancelled,
ORD101744,2025-04-25,C1494,31.0,Female,Singapore,Singapore,2024-03-16,VIP,Referral,Fashion,2,50.26,25.0,9.99,Bank Transfer,Mobile,,Cancelled,
ORD100374,2024-05-13,C1325,42.0,Male,Cambodia,Phnom Penh,2024-01-08,Regular,Paid Ads,Electronics,2,86.21,0.0,0.0,Credit Card,Mobile,5.0,Delivered,
ORD101977,2025-06-23,C1557,23.0,Female,Malaysia,Kuala Lumpur,2023-12-03,Regular,Organic Search,Home & Kitchen,1,84.67,20.0,4.99,Credit Card,Mobile,1.0,Delivered,4.0
ORD101394,2024-12-31,C1117,34.0,Male,Vietnam,Hanoi,2023-03-14,Regular,Social Media,Home & Kitchen,1,76.86,0.0,2.99,Credit Card,Tablet,8.0,Delivered,4.0
ORD101893,2025-06-03,C1016,38.0,Female,Cambodia,Sihanoukville,2023-04-13,VIP,Referral,Beauty,2,7.92,25.0,2.99,E-Wallet,Mobile,7.0,Delivered,3.0
ORD100175,2024-03-17,C1494,31.0,Female,Singapore,Singapore,2024-03-16,VIP,Referral,electronics,4,39.19,25.0,0.0,E-Wallet,Desktop,7.0,Returned,2.0
ORD100869,2024-09-14,C1149,36.0,Male,Indonesia,Jakarta,2023-12-18,VIP,Social Media,Beauty,2,25.35,10.0,4.99,Credit Card,Mobile,1.0,Delivered,
ORD101200,2024-11-27,C1475,30.0,Female,Vietnam,Hanoi,2023-11-22,VIP,Paid Ads,Books,1,14.71,20.0,2.99,Credit Card,Mobile,9.0,Delivered,2.0
ORD101644,2025-03-25,C1503,18.0,Female,Cambodia,Battambang,2023-11-19,VIP,Paid Ads,Electronics,2,211.03,5.0,0.0,Credit Card,Desktop,4.0,Delivered,
ORD100123,2024-02-20,C1838,54.0,Male,Vietnam,Ho Chi Minh City,2023-09-28,New,Email,Books,2,20.18,0.0,6.99,Credit Card,Mobile,8.0,Delivered,
ORD101302,2024-12-16,C1616,42.0,Male,Vietnam,Hanoi,2024-07-30,VIP,Organic Search,Books,1,14.59,5.0,6.99,E-Wallet,Desktop,3.0,Delivered,
ORD101280,2024-12-13,C1484,33.0,Female,Cambodia,,2023-10-18,Regular,Social Media,Toys,3,19.11,0.0,2.99,Credit Card,Mobile,,Cancelled,
ORD101691,2025-04-08,C1502,26.0,Male,Philippines,Cebu,2023-04-09,VIP,Paid Ads,Fashion,1,21.57,0.0,9.99,,Mobile,11.0,Delivered,3.0
ORD100039,2024-01-17,C1219,26.0,Male,Vietnam,Hanoi,2022-03-05,Regular,Organic Search,Electronics,1,192.5,10.0,0.0,Bank Transfer,Desktop,2.0,Delivered,5.0
ORD100416,2024-05-24,C1039,41.0,Male,Cambodia,Battambang,2023-09-27,Regular,Organic Search,Electronics,4,121.58,5.0,0.0,Bank Transfer,Tablet,10.0,Delivered,1.0
ORD101830,2025-05-20,C1336,27.0,Female,Cambodia,,2023-03-23,New,Email,Toys,3,49.67,5.0,0.0,E-Wallet,Mobile,6.0,Delivered,4.0
ORD100331,2024-05-04,C1819,21.0,Male,Vietnam,Ho Chi Minh City,2022-03-06,Regular,Paid Ads,Electronics,2,66.36,0.0,0.0,,Desktop,1.0,Delivered,4.0
ORD100807,2024-08-31,C1166,44.0,Female,Vietnam,Ho Chi Minh City,2024-05-06,VIP,Social Media,Electronics,3,19.6,0.0,2.99,Credit Card,Mobile,2.0,Returned,2.0
ORD100194,2024-03-24,C1247,54.0,Male,Vietnam,Hanoi,2024-02-14,VIP,Organic Search,Electronics,1,138.48,35.0,0.0,Credit Card,Mobile,7.0,Delivered,4.0
ORD100966,2024-10-11,C1245,20.0,Male,Cambodia,Sihanoukville,2022-03-01,Regular,Organic Search,Beauty,1,55.98,0.0,2.99,E-Wallet,Tablet,11.0,Delivered,
ORD101033,2024-10-30,C1789,32.0,Male,Singapore,Singapore,2022-12-05,VIP,Paid Ads,Home & Kitchen,3,77.33,10.0,0.0,E-Wallet,Mobile,3.0,Delivered,5.0
ORD101934,2025-06-13,C1037,25.0,Female,Thailand,Bangkok,2023-05-22,Regular,Organic Search,Electronics,1,225.22,10.0,0.0,E-Wallet,Desktop,11.0,Delivered,3.0
ORD100322,2024-04-30,C1739,18.0,Male,Singapore,Singapore,2023-02-15,Regular,Social Media,Beauty,5,6.45,5.0,9.99,Credit Card,Mobile,8.0,Delivered,2.0
ORD101222,2024-12-03,C1423,18.0,Female,Vietnam,Ho Chi Minh City,2023-12-23,Regular,Social Media,Sports,1,3.0,0.0,2.99,Credit Card,Mobile,4.0,Delivered,3.0
ORD100266,2024-04-15,C1752,23.0,Female,Cambodia,Siem Reap,2022-08-12,New,Paid Ads,Sports,2,94.37,10.0,0.0,PayPal,Mobile,,Cancelled,
ORD101530,2025-02-16,C1315,31.0,Male,Thailand,Phuket,2024-04-08,Regular,Organic Search,Electronics,1,124.04,0.0,0.0,E-Wallet,Tablet,7.0,Delivered,4.0
ORD101460,2025-01-19,C1120,23.0,Male,Thailand,Chiang Mai,2023-02-13,Regular,Referral,Home & Kitchen,1,70.26,15.0,6.99,Credit Card,Tablet,9.0,Delivered,3.0
ORD100067,2024-01-27,C1026,,Female,Vietnam,Ho Chi Minh City,2023-03-23,New,Organic Search,Home & Kitchen,2,44.08,25.0,9.99,Credit Card,Mobile,9.0,Delivered,
ORD101696,2025-04-09,C1461,25.0,Male,Cambodia,Battambang,2024-06-04,VIP,Organic Search,Beauty,2,34.8,0.0,2.99,E-Wallet,Mobile,5.0,Delivered,4.0
ORD101673,2025-04-02,C1723,18.0,Male,Indonesia,Surabaya,2022-01-20,VIP,Social Media,Beauty,1,49.91,0.0,9.99,E-Wallet,Mobile,1.0,Delivered,5.0
ORD100819,2024-09-02,C1008,34.0,Female,Cambodia,Battambang,2024-08-31,Regular,Paid Ads,sports,1,61.88,5.0,6.99,Credit Card,Desktop,7.0,Returned,3.0
ORD101947,2025-06-16,C1210,44.0,Male,Thailand,Bangkok,2024-03-04,VIP,Organic Search,Toys,1,12.2,5.0,4.99,Credit Card,Mobile,11.0,Delivered,4.0
ORD101518,2025-02-12,C1834,26.0,Female,Indonesia,Jakarta,2024-05-29,VIP,Email,Electronics,1,89.7,0.0,2.99,Cash on Delivery,Mobile,3.0,Returned,3.0
ORD101964,2025-06-20,C1114,35.0,F,Vietnam,Da Nang,2023-03-31,Regular,Paid Ads,Home & Kitchen,1,57.5,0.0,6.99,E-Wallet,Mobile,9.0,Delivered,
ORD101441,2025-01-14,C1014,39.0,Female,Thailand,Bangkok,2023-11-07,VIP,Organic Search,Beauty,2,27.13,0.0,2.99,Cash on Delivery,Desktop,3.0,Delivered,3.0
ORD100892,2024-09-19,C1256,39.0,Male,Thailand,Chiang Mai,2022-08-25,Regular,Social Media,Electronics,4,285.66,0.0,0.0,Bank Transfer,Desktop,9.0,Delivered,
ORD100567,2024-07-02,C1670,43.0,Female,Cambodia,Siem Reap,2024-05-08,VIP,Paid Ads,Electronics,2,365.06,35.0,0.0,Cash on Delivery,Tablet,8.0,Delivered,4.0
ORD100922,2024-09-27,C1381,48.0,Male,Cambodia,Sihanoukville,2024-09-26,New,Email,Fashion,1,3.0,20.0,2.99,Cash on Delivery,Mobile,1.0,Delivered,
ORD101576,2025-03-02,C1607,39.0,Female,Philippines,Cebu,2023-04-01,New,Organic Search,Sports,4,51.5,0.0,0.0,Credit Card,Mobile,2.0,Delivered,4.0
ORD101668,2025-04-01,C1746,54.0,Male,Cambodia,Phnom Penh,2024-03-22,New,Paid Ads,Beauty,4,15.2,0.0,6.99,E-Wallet,Desktop,11.0,Delivered,3.0
ORD100886,2024-09-18,C1518,44.0,Male,Thailand,Bangkok,2023-10-25,VIP,Paid Ads,Home & Kitchen,1,102.29,10.0,6.99,E-Wallet,Mobile,9.0,Delivered,4.0
ORD100507,2024-06-14,C1669,18.0,Female,Cambodia,Battambang,2023-02-03,VIP,Email,Sports,2,64.02,20.0,0.0,Bank Transfer,Mobile,8.0,Delivered,
ORD100986,2024-10-17,C1074,36.0,Male,Thailand,Chiang Mai,2023-04-19,VIP,Email,Toys,1,27.99,25.0,6.99,PayPal,Desktop,5.0,Returned,
ORD101385,2024-12-29,C1650,54.0,Male,Thailand,Chiang Mai,2024-01-28,VIP,Social Media,toys,2,53.5,0.0,6.99,PayPal,Tablet,2.0,Delivered,
ORD101856,2025-05-27,C1713,34.0,Male,Singapore,Singapore,2022-03-06,Regular,Referral,Books,3,6.2,30.0,9.99,E-Wallet,Desktop,5.0,Delivered,3.0
ORD101563,2025-02-26,C1183,46.0,Male,Cambodia,Sihanoukville,2022-06-18,VIP,Social Media,Beauty,4,17.76,35.0,4.99,Credit Card,Mobile,3.0,Returned,2.0
ORD101612,2025-03-14,C1188,19.0,Male,Vietnam,Hanoi,2024-02-15,Regular,Organic Search,Beauty,3,56.13,15.0,0.0,Bank Transfer,Mobile,7.0,Returned,2.0
ORD101694,2025-04-09,C1074,36.0,Male,Thailand,Chiang Mai,2023-04-19,VIP,Email,Fashion,1,53.35,0.0,6.99,E-Wallet,Tablet,5.0,Delivered,5.0
ORD100482,2024-06-09,C1020,32.0,Female,Singapore,Singapore,2022-10-14,New,Referral,Sports,1,71.59,20.0,9.99,E-Wallet,Mobile,5.0,Delivered,
ORD100756,2024-08-19,C1585,56.0,Female,Cambodia,Battambang,2023-09-15,Regular,Organic Search,Electronics,1,223.26,0.0,0.0,Credit Card,Desktop,3.0,Delivered,4.0
ORD100555,2024-06-30,C1482,35.0,Male,Vietnam,Ho Chi Minh City,2022-05-18,Regular,Organic Search,Home & Kitchen,2,123.3,15.0,0.0,PayPal,Mobile,9.0,Delivered,
ORD100715,2024-08-09,C1609,40.0,Female,Cambodia,Sihanoukville,2024-03-10,Regular,Organic Search,Home & Kitchen,1,28.31,0.0,6.99,E-Wallet,Mobile,9.0,Delivered,2.0
ORD100733,2024-08-14,C1475,30.0,Female,Vietnam,Hanoi,2023-11-22,VIP,Paid Ads,Toys,1,31.5,5.0,2.99,E-Wallet,Mobile,9.0,Delivered,2.0
ORD100948,2024-10-06,C1582,31.0,Female,Cambodia,Sihanoukville,2022-08-09,Regular,Social Media,Books,3,8.77,0.0,9.99,Credit Card,Desktop,1.0,Delivered,5.0
ORD100261,2024-04-14,C1278,47.0,Female,Cambodia,Battambang,2022-03-13,VIP,Social Media,Electronics,3,269.26,5.0,0.0,E-Wallet,Desktop,6.0,Delivered,5.0
ORD100478,2024-06-08,C1547,23.0,Male,Thailand,Chiang Mai,2024-06-07,Regular,Paid Ads,Electronics,4,67.31,20.0,0.0,E-Wallet,Mobile,8.0,Delivered,3.0
ORD101006,2024-10-21,C1697,23.0,Female,Philippines,Manila,2023-09-19,VIP,Referral,Books,2,13.53,10.0,6.99,PayPal,Mobile,5.0,Delivered,4.0
ORD100240,2024-04-07,C1460,37.0,Female,Vietnam,Da Nang,2024-04-06,Regular,Email,Home & Kitchen,1,32.73,0.0,2.99,Cash on Delivery,Mobile,10.0,Delivered,3.0
ORD101839,2025-05-23,C1457,25.0,Female,Vietnam,Da Nang,2022-06-26,Regular,Organic Search,Fashion,2,91.88,0.0,0.0,Bank Transfer,Mobile,5.0,Delivered,4.0
ORD100845,2024-09-08,C1517,26.0,Female,Singapore,Singapore,2024-05-09,Regular,Organic Search,Fashion,4,83.66,0.0,0.0,E-Wallet,Tablet,7.0,Delivered,
ORD101118,2024-11-14,C1814,27.0,Female,Philippines,Manila,2022-07-24,New,Email,beauty,1,60.42,10.0,9.99,,Mobile,5.0,Delivered,4.0
ORD101165,2024-11-23,C1161,26.0,Male,Indonesia,Jakarta,2022-01-25,Regular,Paid Ads,Home & Kitchen,2,141.47,5.0,0.0,Cash on Delivery,Mobile,,Cancelled,
ORD101480,2025-01-27,C1620,29.0,Male,Malaysia,Johor Bahru,2024-03-25,Regular,Social Media,Books,1,11.02,5.0,2.99,Bank Transfer,Desktop,1.0,Delivered,4.0
ORD100572,2024-07-03,C1493,39.0,Female,Vietnam,Ho Chi Minh City,2022-03-16,VIP,Organic Search,Fashion,2,47.41,5.0,4.99,PayPal,Mobile,5.0,Delivered,4.0
ORD100365,2024-05-10,C1027,38.0,Female,Malaysia,Penang,2023-10-06,VIP,Organic Search,Fashion,1,75.97,0.0,2.99,Bank Transfer,Desktop,11.0,Delivered,6.0
ORD101646,2025-03-25,C1047,36.0,Male,Philippines,Davao,2022-06-28,VIP,Organic Search,Electronics,1,94.07,15.0,6.99,Cash on Delivery,Desktop,2.0,Returned,3.0
ORD101835,2025-05-21,C1693,18.0,Female,Cambodia,Sihanoukville,2023-09-11,VIP,Paid Ads,Toys,2,3.0,15.0,6.99,Cash on Delivery,Desktop,9.0,Delivered,5.0
ORD100611,2024-07-13,C1372,43.0,Female,Singapore,Singapore,2022-01-17,Regular,Paid Ads,Toys,1,73.07,15.0,9.99,Credit Card,Mobile,7.0,Delivered,
ORD101287,2024-12-15,C1234,26.0,Female,Cambodia,Sihanoukville,2022-09-25,VIP,Paid Ads,Fashion,2,24.84,0.0,2.99,Credit Card,Tablet,9.0,Delivered,3.0
ORD101569,2025-02-28,C1090,41.0,Female,Cambodia,Sihanoukville,2024-04-24,VIP,Paid Ads,Beauty,1,63.67,0.0,6.99,Cash on Delivery,Desktop,3.0,Delivered,
ORD100781,2024-08-24,C1440,32.0,Male,Malaysia,Kuala Lumpur,2023-02-07,Regular,Organic Search,Books,1,13.78,0.0,4.99,Cash on Delivery,Mobile,3.0,Delivered,
ORD100071,2024-01-30,C1248,66.0,Male,Vietnam,Da Nang,2023-02-15,Regular,Email,Sports,2,82.07,0.0,0.0,E-Wallet,Tablet,2.0,Delivered,5.0
ORD101699,2025-04-11,C1456,46.0,Female,Thailand,Phuket,2024-01-11,VIP,Social Media,Sports,1,150.33,10.0,0.0,Cash on Delivery,Mobile,1.0,Delivered,
ORD100259,2024-04-14,C1409,20.0,Female,Cambodia,Battambang,2022-06-28,Regular,Email,Beauty,1,8.4,15.0,9.99,E-Wallet,Desktop,3.0,Delivered,4.0
ORD100051,2024-01-22,C1687,50.0,Male,Vietnam,Hanoi,2023-10-20,VIP,Email,Fashion,2,33.44,0.0,6.99,Credit Card,Mobile,8.0,Delivered,3.0
ORD100198,2024-03-25,C1421,25.0,Female,Philippines,Cebu,2022-08-10,Regular,Organic Search,Fashion,1,,0.0,6.99,Credit Card,Tablet,4.0,Delivered,3.0
ORD101788,2025-05-07,C1238,22.0,Female,Indonesia,Surabaya,2022-03-12,Regular,Social Media,Fashion,1,35.29,10.0,2.99,E-Wallet,Mobile,7.0,Delivered,3.0
ORD101263,2024-12-11,C1080,39.0,Female,Cambodia,Phnom Penh,2024-09-21,Regular,Paid Ads,Electronics,2,299.94,5.0,0.0,Credit Card,Desktop,8.0,Delivered,4.0
ORD100332,2024-05-04,C1295,36.0,Female,Cambodia,Sihanoukville,2022-07-14,VIP,Paid Ads,Electronics,2,308.89,0.0,0.0,Credit Card,Desktop,7.0,Delivered,3.0
ORD101387,2024-12-29,C1397,37.0,Female,Cambodia,Phnom Penh,2023-04-18,VIP,Social Media,Fashion,4,50.8,20.0,0.0,Bank Transfer,Mobile,1.0,Delivered,5.0
ORD101657,2025-03-28,C1244,,Female,Vietnam,Ho Chi Minh City,2022-09-17,VIP,Organic Search,Fashion,3,36.36,30.0,9.99,Credit Card,Mobile,5.0,Delivered,5.0
ORD101847,2025-05-24,C1168,32.0,Female,Vietnam,Da Nang,2023-12-30,Regular,Social Media,Home & Kitchen,1,47.9,5.0,6.99,Credit Card,Mobile,1.0,Delivered,5.0
ORD100693,2024-08-04,C1397,37.0,Female,Cambodia,Phnom Penh,2023-04-18,VIP,Social Media,Sports,1,31.16,0.0,4.99,E-Wallet,Mobile,10.0,Delivered,3.0
ORD101526,2025-02-15,C1569,36.0,Female,Cambodia,Siem Reap,2022-11-19,VIP,Organic Search,Home & Kitchen,1,67.94,0.0,2.99,Bank Transfer,Mobile,8.0,Delivered,3.0
ORD100494,2024-06-11,C1743,18.0,Female,Vietnam,Ho Chi Minh City,2023-05-28,Regular,Social Media,Toys,1,16.02,5.0,2.99,E-Wallet,Desktop,8.0,Delivered,
ORD101355,2024-12-26,C1325,42.0,Male,Cambodia,Phnom Penh,2024-01-08,Regular,Paid Ads,Toys,1,17.17,5.0,4.99,E-Wallet,Tablet,10.0,Delivered,3.0
ORD100915,2024-09-25,C1176,51.0,Male,Malaysia,Kuala Lumpur,2024-05-04,VIP,Organic Search,Electronics,1,395.68,5.0,0.0,E-Wallet,Desktop,2.0,Delivered,3.0
ORD101424,2025-01-07,C1369,43.0,Female,Cambodia,Battambang,2023-03-31,VIP,Organic Search,Fashion,1,29.04,15.0,9.99,Credit Card,Tablet,,Cancelled,
ORD100426,2024-05-26,C1321,32.0,Male,Thailand,Phuket,2023-06-22,VIP,Email,Books,3,15.69,15.0,9.99,Credit Card,Desktop,2.0,Delivered,3.0
ORD100588,2024-07-08,C1254,31.0,Female,Singapore,Singapore,2022-12-10,VIP,Organic Search,Beauty,1,18.9,10.0,9.99,E-Wallet,Mobile,10.0,Returned,1.0
ORD101841,2025-05-23,C1035,46.0,Female,Vietnam,Ho Chi Minh City,2024-07-10,VIP,Organic Search,Beauty,1,22.69,25.0,2.99,Credit Card,Mobile,7.0,Delivered,
ORD100613,2024-07-14,C1298,18.0,Female,Cambodia,Phnom Penh,2024-07-13,New,Organic Search,Electronics,4,276.6,20.0,0.0,Credit Card,Desktop,5.0,Delivered,
ORD101407,2025-01-03,C1396,42.0,Female,Thailand,Bangkok,2023-04-08,Regular,Paid Ads,Electronics,3,142.83,5.0,0.0,Cash on Delivery,Tablet,5.0,Delivered,
ORD100787,2024-08-25,C1016,38.0,Female,Cambodia,Sihanoukville,2023-04-13,VIP,Referral,Books,2,3.0,0.0,9.99,Credit Card,Desktop,1.0,Delivered,
ORD101664,2025-03-31,C1372,43.0,Female,Singapore,Singapore,2022-01-17,Regular,Paid Ads,Beauty,1,31.93,0.0,2.99,Bank Transfer,Mobile,4.0,Delivered,
ORD101340,2024-12-22,C1247,54.0,Male,Vietnam,Hanoi,2024-02-14,VIP,Organic Search,Toys,1,27.59,0.0,4.99,E-Wallet,Mobile,5.0,Delivered,
ORD101084,2024-11-07,C1230,18.0,Male,Thailand,Phuket,2023-03-23,New,Organic Search,Toys,1,3.0,0.0,6.99,E-Wallet,Mobile,6.0,Delivered,
ORD100398,2024-05-19,C1672,26.0,Female,Cambodia,Siem Reap,2022-02-23,VIP,Social Media,Home & Kitchen,1,106.86,0.0,6.99,E-Wallet,Mobile,,Cancelled,
ORD101247,2024-12-08,C1406,33.0,Male,Cambodia,Battambang,2023-03-13,New,Referral,Fashion,2,71.65,30.0,0.0,,Desktop,10.0,Returned,2.0
ORD100462,2024-06-05,C1149,36.0,Male,Indonesia,Jakarta,2023-12-18,VIP,Social Media,Fashion,3,53.66,0.0,0.0,E-Wallet,Tablet,11.0,Delivered,4.0
ORD100436,2024-05-29,C1753,57.0,Male,Singapore,Singapore,2023-10-13,New,Organic Search,Electronics,2,-100.0,5.0,0.0,PayPal,Tablet,11.0,Delivered,3.0
ORD100192,2024-03-21,C1088,39.0,Female,Vietnam,Hanoi,2023-04-09,New,Email,Electronics,1,240.78,0.0,0.0,Cash on Delivery,Mobile,5.0,Delivered,
ORD101465,2025-01-21,C1033,25.0,Male,Vietnam,Hanoi,2024-01-24,VIP,Organic Search, Sports ,2,76.79,5.0,0.0,E-Wallet,Mobile,8.0,Delivered,
ORD100788,2024-08-25,C1554,33.0,Female,Singapore,Singapore,2023-08-26,Regular,Paid Ads,Beauty,1,19.25,0.0,9.99,E-Wallet,Mobile,6.0,Delivered,
ORD100292,2024-04-21,C1494,210.0,Female,Singapore,Singapore,2024-03-16,VIP,Referral,Fashion,1,65.8,5.0,4.99,Credit Card,Mobile,9.0,Delivered,3.0
ORD101571,2025-03-01,C1654,40.0,Female,Cambodia,Sihanoukville,2024-02-27,Regular,Social Media,Beauty,2,34.9,5.0,2.99,Bank Transfer,Mobile,8.0,Delivered,4.0
ORD101984,2025-06-25,C1523,32.0,Female,Philippines,Davao,2023-02-03,VIP,Email,Beauty,2,3.02,0.0,6.99,Cash on Delivery,Mobile,4.0,Delivered,3.0
ORD101959,2025-06-18,C1799,34.0,Male,Thailand,Chiang Mai,2023-10-16,Regular,Email,Home & Kitchen,1,136.21,25.0,0.0,Cash on Delivery,Mobile,11.0,Delivered,4.0
ORD100905,2024-09-23,C1671,,Female,Cambodia,Siem Reap,2023-01-18,VIP,Organic Search,Fashion,2,55.42,5.0,6.99,E-Wallet,Tablet,9.0,Delivered,
ORD101268,2024-12-12,C1799,34.0,Male,Thailand,Chiang Mai,2023-10-16,Regular,Email,Books,1,24.83,0.0,4.99,Bank Transfer,Tablet,11.0,Delivered,
ORD100141,2024-02-29,C1147,32.0,Female,Cambodia,Siem Reap,2024-02-28,Regular,Social Media,Fashion,1,77.91,0.0,4.99,Cash on Delivery,Desktop,11.0,Delivered,
ORD100940,2024-10-04,C1552,37.0,Female,Vietnam,Da Nang,2023-08-20,VIP,Paid Ads,Fashion,1,48.54,0.0,9.99,E-Wallet,Mobile,,Cancelled,
ORD100002,2024-01-02,C1152,18.0,Male,Vietnam,Hanoi,2022-02-16,Regular,Email,Home & Kitchen,3,88.52,0.0,0.0,Bank Transfer,Tablet,1.0,Delivered,4.0
ORD101667,2025-03-31,C1735,36.0,Female,Thailand,Bangkok,2023-11-20,VIP,Social Media,Fashion,1,60.09,0.0,4.99,Credit Card,Mobile,5.0,Delivered,4.0
ORD100712,2024-08-09,C1049,35.0,Male,Cambodia,Sihanoukville,2023-01-01,VIP,Social Media,Sports,1,30.47,0.0,6.99,E-Wallet,Desktop,1.0,Delivered,
ORD101913,2025-06-08,C1458,38.0,Male,Thailand,Phuket,2022-11-29,New,Organic Search,Beauty,1,66.85,0.0,4.99,Bank Transfer,Mobile,7.0,Delivered,3.0
ORD101596,2025-03-07,C1360,32.0,Female,Cambodia,Phnom Penh,2024-05-18,Regular,Social Media,Home & Kitchen,1,121.29,10.0,0.0,Credit Card,Mobile,1.0,Delivered,5.0
ORD100339,2024-05-05,C1423,18.0,Female,Vietnam,Ho Chi Minh City,2023-12-23,Regular,Social Media,Electronics,2,3.0,0.0,4.99,Bank Transfer,Mobile,1.0,Delivered,5.0
ORD101769,2025-05-03,C1129,24.0,Female,Vietnam,Ho Chi Minh City,2023-11-17,Regular,Email,Beauty,1,39.14,0.0,4.99,Credit Card,Mobile,6.0,Delivered,
ORD100408,2024-05-22,C1422,27.0,Female,Vietnam,Da Nang,2022-08-25,Regular,Organic Search,Sports,1,49.06,5.0,4.99,Cash on Delivery,Mobile,11.0,Delivered,
ORD100514,2024-06-16,C1269,34.0,Male,Thailand,Chiang Mai,2023-08-12,Regular,Social Media,Electronics,2,334.17,0.0,0.0,Credit Card,Mobile,9.0,Delivered,3.0
ORD100265,2024-04-15,C1556,26.0,Male,Singapore,Singapore,2022-12-07,VIP,Email,Beauty,2,41.61,0.0,2.99,E-Wallet,Mobile,11.0,Delivered,
ORD100376,2024-05-13,C1686,43.0,Male,Cambodia,Sihanoukville,2023-10-18,Regular,Email,Beauty,2,22.85,0.0,2.99,Bank Transfer,Mobile,11.0,Delivered,2.0
ORD101656,2025-03-28,C1310,47.0,Female,Cambodia,Phnom Penh,2023-05-17,VIP,Email,Home & Kitchen,4,108.92,0.0,0.0,Bank Transfer,Mobile,8.0,Delivered,2.0
ORD101498,2025-02-02,C1541,25.0,Male,Vietnam,Da Nang,2024-03-04,New,Social Media,Electronics,3,182.89,0.0,0.0,E-Wallet,Mobile,11.0,Delivered,3.0
ORD100439,2024-05-29,C1004,18.0,Female,Thailand,Bangkok,2022-08-06,Regular,Referral,Toys,2,59.07,0.0,6.99,Credit Card,Mobile,8.0,Delivered,5.0
ORD100271,2024-04-17,C1612,18.0,Male,Cambodia,Sihanoukville,2023-04-11,New,Paid Ads,Books,1,21.88,25.0,2.99,Bank Transfer,Mobile,,Cancelled,
ORD100184,2024-03-19,C1556,26.0,Male,Singapore,Singapore,2022-12-07,VIP,Email,Fashion,1,20.43,20.0,4.99,Cash on Delivery,Mobile,6.0,Delivered,4.0
ORD101999,2025-06-30,C1566,32.0,Male,Malaysia,Kuala Lumpur,2023-01-29,VIP,Organic Search,Toys,1,27.72,0.0,6.99,Credit Card,Mobile,7.0,Delivered,4.0
ORD100244,2024-04-08,C1296,37.0,Male,Cambodia,Siem Reap,2023-04-28,Regular,Organic Search,Home & Kitchen,3,140.54,5.0,0.0,Cash on Delivery,Desktop,1.0,Delivered,4.0
ORD100938,2024-10-03,C1288,31.0,Female,Malaysia,Johor Bahru,2022-04-21,New,Paid Ads,Home & Kitchen,2,71.8,20.0,0.0,E-Wallet,Mobile,1.0,Delivered,4.0
ORD100544,2024-06-26,C1477,21.0,Female,Philippines,Cebu,2022-09-30,VIP,Social Media,Books,1,3.0,20.0,2.99,E-Wallet,Mobile,7.0,Delivered,4.0
ORD100527,2024-06-20,C1566,32.0,Male,Malaysia,Kuala Lumpur,2023-01-29,VIP,Organic Search,Fashion,2,98.35,20.0,0.0,Cash on Delivery,Mobile,5.0,Delivered,4.0
ORD100445,2024-05-30,C1447,30.0,Male,Cambodia,Phnom Penh,2024-02-23,New,Organic Search,Home & Kitchen,1,76.54,5.0,9.99,Cash on Delivery,Desktop,1.0,Delivered,4.0
ORD100619,2024-07-15,C1658,47.0,Female,Thailand,Chiang Mai,2023-09-24,VIP,Email,Books,2,10.46,5.0,4.99,Credit Card,Desktop,7.0,Delivered,3.0
ORD101335,2024-12-21,C1165,24.0,Female,Thailand,Chiang Mai,2023-02-26,VIP,Email,Fashion,1,32.81,15.0,6.99,E-Wallet,Mobile,6.0,Returned,
ORD101423,2025-01-07,C1195,24.0,Male,Cambodia,Phnom Penh,2024-05-28,New,Organic Search,Fashion,1,94.68,15.0,4.99,E-Wallet,Mobile,7.0,Delivered,3.0
ORD101487,2025-01-29,C1216,40.0,Female,Cambodia,Sihanoukville,2024-06-20,VIP,Email,Electronics,1,3.0,15.0,4.99,Credit Card,Mobile,4.0,Delivered,
ORD101343,2024-12-23,C1713,34.0,Male,Singapore,Singapore,2022-03-06,Regular,Referral,Fashion,3,59.02,0.0,0.0,Cash on Delivery,Mobile,9.0,Returned,3.0
ORD100817,2024-09-02,C1621,34.0,Male,Cambodia,Battambang,2023-01-09,VIP,Organic Search,Fashion,3,43.05,5.0,0.0,Bank Transfer,Mobile,10.0,Delivered,4.0
ORD100706,2024-08-08,C1115,28.0,Female,Vietnam,Da Nang,2022-06-13,VIP,Referral,Beauty,1,10.64,10.0,6.99,Bank Transfer,Desktop,,Cancelled,
ORD100415,2024-05-24,C1765,18.0,Male,Cambodia,Battambang,2022-07-22,Regular,Social Media,Home & Kitchen,1,121.25,0.0,0.0,Cash on Delivery,Mobile,11.0,Delivered,
ORD100273,2024-04-18,C1481,50.0,Female,Cambodia,Battambang,2023-08-15,New,Organic Search,Electronics,1,38.74,10.0,9.99,Cash on Delivery,Mobile,6.0,Delivered,2.0
ORD100757,2024-08-19,C1497,30.0,Female,Cambodia,Sihanoukville,2024-05-13,Regular,Paid Ads,Books,2,27.37,0.0,4.99,Cash on Delivery,Tablet,6.0,Delivered,
ORD100250,2024-04-11,C1789,32.0,Male,Singapore,Singapore,2022-12-05,VIP,Paid Ads,Electronics,3,148.85,5.0,0.0,Bank Transfer,Desktop,8.0,Delivered,4.0
ORD100413,2024-05-23,C1774,34.0,Female,Malaysia,Penang,2023-12-05,VIP,Organic Search,Home & Kitchen,1,3.0,5.0,2.99,E-Wallet,Desktop,4.0,Delivered,
ORD101334,2024-12-21,C1054,29.0,Female,Indonesia,Jakarta,2022-11-22,Regular,Paid Ads,Electronics,2,341.93,0.0,0.0,E-Wallet,Desktop,10.0,Delivered,4.0
ORD100310,2024-04-27,C1749,24.0,Female,Singapore,Singapore,2022-04-18,VIP,Social Media,Books,1,31.84,10.0,9.99,E-Wallet,Mobile,10.0,Delivered,3.0
ORD101611,2025-03-14,C1149,36.0,Male,Indonesia,Jakarta,2023-12-18,VIP,Social Media,Home & Kitchen,1,103.78,10.0,4.99,Credit Card,Desktop,8.0,Delivered,4.0
ORD100581,2024-07-06,C1252,53.0,Female,Singapore,Singapore,2024-07-05,New,Organic Search,Home & Kitchen,2,39.61,0.0,2.99,E-Wallet,Desktop,2.0,Delivered,5.0
ORD100425,2024-05-25,C1148,46.0,Male,Vietnam,Ho Chi Minh City,2024-05-24,VIP,Social Media,Fashion,2,87.42,30.0,0.0,Credit Card,Mobile,5.0,Delivered,
ORD101918,2025-06-09,C1211,19.0,Male,Thailand,Phuket,2023-04-08,New,Organic Search,Fashion,2,103.22,15.0,0.0,Credit Card,Mobile,7.0,Delivered,
ORD100985,2024-10-17,C1707,40.0,Male,Philippines,Cebu,2023-11-04,Regular,Organic Search,Books,1,15.12,5.0,4.99,E-Wallet,Desktop,5.0,Delivered,3.0
ORD101887,2025-06-02,C1602,48.0,Female,Thailand,Phuket,2024-05-29,VIP,Organic Search,Sports,1,30.73,30.0,6.99,PayPal,Mobile,10.0,Delivered,
ORD101383,2024-12-29,C1525,29.0,Male,Thailand,Phuket,2022-07-25,Regular,Organic Search,Home & Kitchen,2,68.87,5.0,0.0,Credit Card,Desktop,11.0,Delivered,4.0
ORD100720,2024-08-11,C1798,45.0,Female,Thailand,Phuket,2022-02-13,VIP,Organic Search,Books,2,18.66,15.0,4.99,Credit Card,Mobile,7.0,Delivered,
ORD101825,2025-05-18,C1126,50.0,Male,Singapore,Singapore,2024-05-24,Regular,Social Media,Beauty,3,43.69,0.0,0.0,Cash on Delivery,Desktop,9.0,Delivered,
ORD100570,2024-07-03,C1052,18.0,Female,Cambodia,Phnom Penh,2023-03-24,Regular,Email,Books,4,11.4,0.0,9.99,Credit Card,Desktop,3.0,Returned,3.0
ORD100526,2024-06-20,C1212,34.0,Male,Cambodia,Sihanoukville,2022-09-03,Regular,Social Media,Electronics,3,313.1,0.0,0.0,Cash on Delivery,Mobile,4.0,Delivered,4.0
ORD100585,2024-07-08,C1781,33.0,Female,Philippines,Cebu,2024-07-05,Regular,Organic Search,Electronics,5,230.25,10.0,0.0,E-Wallet,Desktop,1.0,Delivered,5.0
ORD101133,2024-11-16,C1639,40.0,Female,Malaysia,Penang,2022-07-10,VIP,Email,Home & Kitchen,2,3.0,5.0,9.99,Credit Card,Mobile,3.0,Delivered,4.0
ORD100182,2024-03-19,C1478,34.0,Male,Cambodia,Siem Reap,2023-01-30,VIP,Paid Ads,Home & Kitchen,0,30.53,10.0,2.99,E-Wallet,Mobile,10.0,Delivered,
ORD100170,2024-03-15,C1296,37.0,Male,Cambodia,Siem Reap,2023-04-28,Regular,Organic Search,Home & Kitchen,1,46.64,5.0,9.99,E-Wallet,Desktop,11.0,Delivered,2.0
ORD100584,2024-07-07,C1636,32.0,Female,Cambodia,Siem Reap,2024-05-29,VIP,Organic Search,Sports,3,134.73,15.0,0.0,Credit Card,Tablet,9.0,Delivered,
ORD100610,2024-07-13,C1564,44.0,Female,Vietnam,Hanoi,2023-11-27,Regular,Organic Search,Beauty,1,27.07,25.0,4.99,E-Wallet,Mobile,5.0,Delivered,2.0
ORD101920,2025-06-09,C1588,37.0,Male,Philippines,Manila,2024-03-03,VIP,Paid Ads,Home & Kitchen,4,118.15,5.0,0.0,PayPal,Mobile,,Cancelled,
ORD101686,2025-04-07,C1414,31.0,Female,Thailand,Bangkok,2023-05-23,New,Paid Ads,Fashion,3,105.85,0.0,0.0,E-Wallet,Mobile,10.0,Delivered,3.0
ORD101525,2025-02-14,C1556,26.0,Male,Singapore,Singapore,2022-12-07,VIP,Email,Books,1,6.82,15.0,4.99,Credit Card,Desktop,8.0,Delivered,3.0
ORD101614,2025-03-14,C1194,22.0,Female,Thailand,Bangkok,2022-12-09,New,Social Media,Fashion,2,11.48,0.0,9.99,Cash on Delivery,Mobile,3.0,Delivered,4.0
ORD100272,2024-04-17,C1743,18.0,Female,Vietnam,Ho Chi Minh City,2023-05-28,Regular,Social Media,Home & Kitchen,1,112.46,10.0,4.99,Credit Card,Desktop,8.0,Delivered,
ORD101582,2025-03-04,C1663,30.0,Female,Cambodia,Phnom Penh,2024-05-27,New,Organic Search,Home & Kitchen,2,24.22,5.0,2.99,,Mobile,11.0,Delivered,3.0
ORD101524,2025-02-13,C1232,37.0,Female,Malaysia,Penang,2023-06-28,VIP,Social Media,Fashion,1,59.91,10.0,9.99,Cash on Delivery,Tablet,1.0,Delivered,3.0
ORD100937,2024-10-03,C1216,40.0,Female,Cambodia,Sihanoukville,2024-06-20,VIP,Email,Books,3,13.35,0.0,9.99,E-Wallet,Mobile,4.0,Delivered,
ORD100371,2024-05-12,C1164,43.0,Female,Cambodia,Sihanoukville,2023-03-30,VIP,Social Media,Home & Kitchen,1,132.44,5.0,0.0,Credit Card,Mobile,9.0,Delivered,
ORD100222,2024-04-01,C1101,48.0,Male,Cambodia,Sihanoukville,2023-02-12,VIP,Organic Search,Beauty,1,32.36,5.0,9.99,E-Wallet,Mobile,7.0,Delivered,4.0
ORD101061,2024-11-04,C1477,21.0,Female,Philippines,Cebu,2022-09-30,VIP,Social Media,Beauty,1,33.86,5.0,4.99,E-Wallet,Mobile,9.0,Returned,2.0
ORD100583,2024-07-06,C1385,25.0,Male,Vietnam,Hanoi,2023-11-11,VIP,Social Media,Sports,1,51.0,15.0,4.99,Credit Card,Tablet,5.0,Delivered,
ORD101807,2025-05-12,C1504,18.0,Male,Cambodia,Phnom Penh,2023-09-23,Regular,Referral,Home & Kitchen,2,124.33,0.0,0.0,Cash on Delivery,Mobile,10.0,Delivered,4.0
ORD100518,2024-06-17,C1391,35.0,Male,Philippines,Davao,2022-06-07,New,Organic Search,Sports,2,52.04,5.0,6.99,Cash on Delivery,Desktop,11.0,Delivered,
ORD100334,2024-05-04,C1625,28.0,Male,Thailand,Bangkok,2023-08-10,Regular,Paid Ads,Home & Kitchen,3,31.67,30.0,9.99,E-Wallet,Desktop,7.0,Delivered,
ORD100721,2024-08-11,C1530,30.0,Male,Thailand,Chiang Mai,2023-03-10,VIP,Social Media,Beauty,1,37.54,5.0,4.99,Bank Transfer,Mobile,2.0,Delivered,
ORD101192,2024-11-26,C1688,29.0,Male,Vietnam,Ho Chi Minh City,2023-11-23,Regular,Social Media,Sports,1,3.83,0.0,4.99,PayPal,Mobile,8.0,Delivered,3.0
ORD101075,2024-11-06,C1834,26.0,Female,Indonesia,Jakarta,2024-05-29,VIP,Email,Fashion,2,22.58,5.0,6.99,Credit Card,Mobile,4.0,Delivered,4.0
ORD101683,2025-04-05,C1482,35.0,Male,Vietnam,Ho Chi Minh City,2022-05-18,Regular,Organic Search,Electronics,1,148.6,5.0,0.0,E-Wallet,Mobile,5.0,Delivered,5.0
ORD100015,2024-01-07,C1278,47.0,Female,Cambodia,Battambang,2022-03-13,VIP,Social Media,Electronics,5,3.0,10.0,9.99,Bank Transfer,Mobile,4.0,Delivered,3.0
ORD101490,2025-01-30,C1187,21.0,Male,Cambodia,Battambang,2024-06-07,Regular,Paid Ads,Toys,5,11.28,0.0,9.99,Credit Card,Desktop,11.0,Delivered,2.0
ORD101852,2025-05-26,C1675,38.0,Male,Cambodia,Sihanoukville,2023-09-22,New,Social Media,Home & Kitchen,1,101.09,5.0,6.99,E-Wallet,Mobile,5.0,Delivered,3.0
ORD101572,2025-03-01,C1797,46.0,Male,Vietnam,Hanoi,2024-07-27,Regular,Paid Ads,Fashion,2,25.89,0.0,6.99,Cash on Delivery,Mobile,7.0,Delivered,
ORD101914,2025-06-08,C1635,-5.0,Female,Malaysia,Johor Bahru,2023-07-27,Regular,Paid Ads,Fashion,5,31.54,0.0,0.0,Credit Card,Mobile,8.0,Delivered,4.0
ORD101179,2024-11-25,C1351,43.0,Male,Cambodia,Siem Reap,2023-10-15,Regular,Paid Ads,Beauty,1,28.79,5.0,4.99,Bank Transfer,Mobile,8.0,Delivered,
ORD100938,2024-10-03,C1288,31.0,Female,Malaysia,Johor Bahru,2022-04-21,New,Paid Ads,Home & Kitchen,2,71.8,20.0,0.0,E-Wallet,Mobile,1.0,Delivered,4.0
ORD100465,2024-06-05,C1461,25.0,Male,Cambodia,Battambang,2024-06-04,VIP,Organic Search,Fashion,1,26.04,0.0,9.99,Cash on Delivery,Desktop,8.0,Returned,2.0
ORD100952,2024-10-07,C1418,33.0,Female,Cambodia,Battambang,2023-03-05,Regular,Referral,Sports,1,,0.0,4.99,Bank Transfer,Mobile,8.0,Delivered,2.0
ORD100199,2024-03-25,C1356,37.0,Male,Cambodia,Sihanoukville,2023-08-09,New,Paid Ads,Electronics,2,199.07,0.0,0.0,Credit Card,Desktop,10.0,Delivered,2.0
ORD101232,2024-12-05,C1167,38.0,Female,Vietnam,Hanoi,2024-02-13,VIP,Organic Search,Fashion,1,62.8,0.0,9.99,PayPal,Mobile,11.0,Delivered,3.0
ORD101111,2024-11-13,C1732,40.0,Female,Vietnam,Da Nang,2022-03-12,VIP,Paid Ads,Home & Kitchen,1,59.64,15.0,2.99,Bank Transfer,Desktop,3.0,Delivered,
ORD101157,2024-11-21,C1832,,Female,Vietnam,Ho Chi Minh City,2024-04-19,VIP,Social Media,Fashion,3,48.0,15.0,0.0,E-Wallet,Desktop,4.0,Delivered,4.0
ORD101701,2025-04-11,C1171,39.0,Male,Singapore,Singapore,2023-12-31,Regular,Email,Electronics,1,29.19,10.0,4.99,Bank Transfer,Mobile,3.0,Returned,
ORD100879,2024-09-17,C1599,18.0,Female,Cambodia,Siem Reap,2024-09-16,Regular,Organic Search,Home & Kitchen,1,3.0,0.0,6.99,Credit Card,Mobile,2.0,Delivered,4.0
ORD101310,2024-12-17,C1074,36.0,Male,Thailand,Chiang Mai,2023-04-19,VIP,Email,Books,2,6.47,10.0,9.99,E-Wallet,Desktop,9.0,Delivered,
ORD101949,2025-06-16,C1235,27.0,Female,Philippines,Manila,2024-08-24,VIP,Social Media,Electronics,1,251.05,0.0,0.0,Bank Transfer,Mobile,10.0,Delivered,3.0
ORD101680,2025-04-04,C1059,45.0,Female,Malaysia,Kuala Lumpur,2024-08-18,New,Social Media,Beauty,2,12.6,0.0,4.99,Credit Card,Mobile,9.0,Delivered,2.0
ORD101360,2024-12-26,C1712,23.0,Male,Philippines,Davao,2022-06-09,VIP,Paid Ads,Beauty,1,35.31,15.0,4.99,E-Wallet,Desktop,8.0,Delivered,3.0
ORD100694,2024-08-05,C1743,18.0,Female,Vietnam,Ho Chi Minh City,2023-05-28,Regular,Social Media,Sports,1,9.49,25.0,9.99,Credit Card,Mobile,4.0,Returned,1.0
ORD100590,2024-07-10,C1377,18.0,Male,Thailand,Chiang Mai,2023-05-18,VIP,Social Media,Electronics,1,18.67,0.0,9.99,E-Wallet,Mobile,7.0,Returned,2.0
ORD100043,2024-01-18,C1490,46.0,Male,Philippines,Davao,2022-07-21,Regular,Organic Search,Sports,1,46.91,15.0,4.99,E-Wallet,Mobile,3.0,Returned,3.0
ORD100274,2024-04-18,C1486,25.0,Male,Cambodia,Siem Reap,2022-05-17,Regular,Organic Search,Electronics,1,495.88,15.0,0.0,Credit Card,Desktop,2.0,Delivered,5.0
ORD101221,2024-12-03,C1548,42.0,Male,Singapore,Singapore,2022-12-30,Regular,Organic Search,Home & Kitchen,1,77.88,10.0,6.99,Cash on Delivery,Mobile,2.0,Delivered,4.0
ORD100101,2024-02-10,C1039,41.0,Male,Cambodia,Battambang,2023-09-27,Regular,Organic Search,Home & Kitchen,2,102.1,0.0,0.0,Bank Transfer,Mobile,7.0,Delivered,2.0
ORD100903,2024-09-22,C1080,39.0,Female,Cambodia,Phnom Penh,2024-09-21,Regular,Paid Ads,Home & Kitchen,1,135.96,0.0,0.0,Cash on Delivery,Desktop,2.0,Delivered,4.0
ORD100755,2024-08-19,C1594,20.0,Female,Vietnam,Hanoi,2022-06-29,Regular,Organic Search,Books,1,16.36,25.0,9.99,Bank Transfer,Tablet,7.0,Returned,3.0
ORD100998,2024-10-20,C1138,56.0,Male,Cambodia,Sihanoukville,2023-10-23,Regular,Social Media,Toys,1,3.0,10.0,4.99,Credit Card,Tablet,6.0,Delivered,4.0
ORD100107,2024-02-13,C1136,37.0,Male,Thailand,Phuket,2022-10-09,New,Paid Ads,Home & Kitchen,2,200.8,25.0,0.0,E-Wallet,Mobile,1.0,Delivered,
ORD101350,2024-12-24,C1404,40.0,Female,Cambodia,Siem Reap,2023-08-18,VIP,Referral,Electronics,5,341.63,15.0,0.0,E-Wallet,Mobile,7.0,Delivered,3.0
ORD100497,2024-06-12,C1276,26.0,Female,Indonesia,Surabaya,2022-10-13,VIP,Organic Search,Fashion,1,34.12,0.0,4.99,E-Wallet,Desktop,10.0,Delivered,4.0
ORD100099,2024-02-10,C1384,18.0,Male,Cambodia,Battambang,2023-04-25,VIP,Organic Search,Books,3,27.26,0.0,4.99,Cash on Delivery,Mobile,4.0,Delivered,4.0
ORD100916,2024-09-25,C1372,43.0,Female,Singapore,Singapore,2022-01-17,Regular,Paid Ads,Electronics,1,284.33,25.0,0.0,Credit Card,Mobile,1.0,Delivered,5.0
ORD101271,2024-12-12,C1546,36.0,Male,Cambodia,Sihanoukville,2023-01-23,Regular,Organic Search,Books,2,15.63,20.0,9.99,Credit Card,Mobile,8.0,Delivered,
ORD101124,2024-11-15,C1311,39.0,Female,Cambodia,Siem Reap,2024-05-12,New,Email,Beauty,1,33.05,30.0,2.99,E-Wallet,Mobile,9.0,Delivered,3.0
ORD101132,2024-11-16,C1768,20.0,Male,Vietnam,Ho Chi Minh City,2022-04-14,Regular,Social Media,Fashion,1,20.89,20.0,9.99,Cash on Delivery,Desktop,6.0,Delivered,
ORD101324,2024-12-20,C1710,34.0,Female,Singapore,Singapore,2022-06-08,VIP,Social Media,Electronics,1,31.86,20.0,6.99,Cash on Delivery,Desktop,8.0,Delivered,
ORD101716,2025-04-17,C1306,30.0,Female,Vietnam,Ho Chi Minh City,2022-03-07,Regular,Social Media,Sports,1,129.17,0.0,0.0,Credit Card,Mobile,8.0,Delivered,
ORD100617,2024-07-15,C1551,40.0,Female,Cambodia,Sihanoukville,2024-07-14,VIP,Paid Ads,Fashion,1,31.09,5.0,2.99,E-Wallet,Mobile,4.0,Delivered,3.0
ORD100072,2024-01-30,C1669,18.0,Female,Cambodia,Battambang,2023-02-03,VIP,Email,Home & Kitchen,1,176.67,10.0,0.0,Credit Card,Desktop,6.0,Delivered,5.0
ORD100780,2024-08-24,C1086,29.0,Female,Vietnam,Da Nang,2022-11-07,Regular,Social Media,Home & Kitchen,1,23.81,10.0,4.99,,Mobile,,Cancelled,
ORD101240,2024-12-06,C1800,25.0,Male,Cambodia,Siem Reap,2023-03-16,VIP,Paid Ads,Home & Kitchen,1,3.0,0.0,6.99,Credit Card,Mobile,9.0,Delivered,
ORD101193,2024-11-26,C1763,41.0,Female,Cambodia,Siem Reap,2023-07-08,Regular,Email,Home & Kitchen,3,148.18,30.0,0.0,Bank Transfer,Desktop,2.0,Returned,3.0
ORD101514,2025-02-11,C1171,39.0,Male,Singapore,Singapore,2023-12-31,Regular,Email,Sports,1,27.79,10.0,2.99,Bank Transfer,Desktop,,Cancelled,
ORD100481,2024-06-08,C1479,63.0,Male,Vietnam,Ho Chi Minh City,2022-01-07,VIP,Organic Search,Fashion,1,47.66,15.0,4.99,E-Wallet,Tablet,7.0,Delivered,
ORD101368,2024-12-27,C1770,53.0,Female,Cambodia,Sihanoukville,2022-01-07,New,Email,Beauty,1,47.07,0.0,2.99,PayPal,Mobile,1.0,Delivered,4.0
ORD100506,2024-06-14,C1767,28.0,Male,Philippines,Manila,2022-09-09,Regular,Social Media,Electronics,1,109.65,25.0,2.99,Credit Card,Desktop,1.0,Delivered,4.0
ORD100701,2024-08-06,C1631,62.0,Female,Cambodia,Phnom Penh,2023-10-21,VIP,Paid Ads,Beauty,1,42.43,0.0,4.99,Bank Transfer,Mobile,8.0,Delivered,
ORD100829,2024-09-05,C1092,29.0,Male,Singapore,Singapore,2024-03-13,New,Paid Ads,Electronics,1,179.72,5.0,0.0,E-Wallet,Mobile,7.0,Delivered,4.0
ORD101080,2024-11-07,C1302,44.0,Female,Thailand,Bangkok,2023-02-20,Regular,Referral,Toys,1,41.25,25.0,9.99,Credit Card,Desktop,4.0,Delivered,
ORD100767,2024-08-20,C1336,27.0,Female,Cambodia,Battambang,2023-03-23,New,Email,Fashion,2,73.81,10.0,0.0,Credit Card,Tablet,5.0,Delivered,
ORD101651,2025-03-26,C1768,20.0,Male,Vietnam,Ho Chi Minh City,2022-04-14,Regular,Social Media,Electronics,1,131.26,0.0,0.0,Bank Transfer,Desktop,,Cancelled,
ORD101442,2025-01-14,C1053,30.0,Female,Cambodia,Battambang,2023-09-16,VIP,Paid Ads,Electronics,1,3.0,0.0,9.99,Bank Transfer,Mobile,9.0,Delivered,
ORD100311,2024-04-27,C1377,18.0,Male,Thailand,Chiang Mai,2023-05-18,VIP,Social Media,Sports,2,51.22,0.0,6.99,Credit Card,Mobile,8.0,Returned,2.0
ORD100859,2024-09-11,C1538,18.0,Male,Vietnam,Ho Chi Minh City,2023-06-04,Regular,Organic Search,Toys,1,32.09,0.0,4.99,Credit Card,Mobile,1.0,Delivered,
ORD100405,2024-05-20,C1793,38.0,Male,Cambodia,Phnom Penh,2022-09-19,Regular,Paid Ads,Home & Kitchen,1,32.73,10.0,4.99,Credit Card,Desktop,6.0,Delivered,
ORD100950,2024-10-06,C1216,40.0,Female,Cambodia,Sihanoukville,2024-06-20,VIP,Email,Electronics,2,39.73,15.0,6.99,Credit Card,Mobile,4.0,Returned,
ORD101169,2024-11-23,C1340,18.0,Male,Thailand,Chiang Mai,2022-03-16,New,Paid Ads,Books,1,18.78,5.0,4.99,Credit Card,Tablet,5.0,Delivered,
ORD100309,2024-04-26,C1761,41.0,Male,Vietnam,Hanoi,2023-08-26,VIP,Email,Sports,3,42.24,0.0,0.0,Credit Card,Mobile,7.0,Delivered,
ORD100226,2024-04-03,C1764,38.0,Female,Cambodia,Phnom Penh,2022-07-09,New,Paid Ads,Home & Kitchen,3,3.0,15.0,9.99,Credit Card,Mobile,2.0,Delivered,4.0
ORD101735,2025-04-23,C1324,54.0,Female,Philippines,Manila,2023-07-24,VIP,Organic Search,Home & Kitchen,1,150.87,0.0,0.0,Bank Transfer,Mobile,9.0,Delivered,3.0
ORD100736,2024-08-15,C1071,22.0,Female,Cambodia,Siem Reap,2022-05-04,New,Organic Search,Home & Kitchen,1,78.36,30.0,9.99,E-Wallet,Mobile,9.0,Returned,3.0
ORD101561,2025-02-26,C1659,30.0,Female,Thailand,Chiang Mai,2023-10-08,VIP,Social Media,Sports,3,100.21,10.0,0.0,Cash on Delivery,Desktop,10.0,Returned,2.0
ORD100857,2024-09-11,C1650,54.0,Male,Thailand,Chiang Mai,2024-01-28,VIP,Social Media,sports,1,25.1,5.0,4.99,Credit Card,Mobile,8.0,Delivered,4.0
ORD100824,2024-09-03,C1429,38.0,Male,Thailand,Bangkok,2022-12-25,Regular,Social Media,Home & Kitchen,4,82.17,10.0,0.0,Bank Transfer,Desktop,11.0,Delivered,3.0
ORD100148,2024-03-03,C1798,45.0,Female,Thailand,Phuket,2022-02-13,VIP,Organic Search,Fashion,1,71.61,0.0,2.99,Credit Card,Mobile,6.0,Delivered,4.0
ORD100650,2024-07-24,C1786,34.0,Female,Malaysia,Penang,2022-12-20,VIP,Organic Search,Sports,1,158.05,15.0,0.0,Bank Transfer,Tablet,,Cancelled,
ORD101509,2025-02-07,C1638,40.0,Female,Cambodia,Sihanoukville,2023-04-20,VIP,Social Media,Electronics,2,320.96,25.0,0.0,Cash on Delivery,Desktop,9.0,Delivered,4.0
ORD101723,2025-04-19,C1150,,Male,Indonesia,Surabaya,2024-08-02,New,Social Media,Books,2,27.79,15.0,4.99,Credit Card,Mobile,4.0,Delivered,4.0
ORD101986,2025-06-26,C1529,51.0,Female,Cambodia,Sihanoukville,2022-12-16,Regular,Social Media,Fashion,1,21.77,10.0,4.99,Credit Card,Mobile,2.0,Delivered,4.0
ORD101896,2025-06-04,C1048,41.0,Female,Thailand,Chiang Mai,2022-09-23,Regular,Social Media,Toys,1,50.2,0.0,2.99,Credit Card,Desktop,7.0,Delivered,4.0
ORD100575,2024-07-04,C1748,30.0,Female,Philippines,Manila,2024-07-03,Regular,Organic Search,Sports,2,69.31,0.0,0.0,Credit Card,Mobile,3.0,Delivered,4.0
ORD100557,2024-06-30,C1260,31.0,Female,Singapore,Singapore,2024-01-16,Regular,Email,Fashion,2,81.98,5.0,0.0,E-Wallet,Mobile,6.0,Delivered,
ORD101303,2024-12-16,C1140,39.0,Female,Vietnam,Hanoi,2022-05-23,Regular,Paid Ads,Home & Kitchen,1,180.94,20.0,0.0,Credit Card,Mobile,10.0,Delivered,
ORD101181,2024-11-25,C1273,57.0,Female,Philippines,Cebu,2023-03-31,VIP,Paid Ads,Beauty,1,31.35,5.0,2.99,E-Wallet,Mobile,11.0,Delivered,
ORD101374,2024-12-28,C1469,23.0,Male,Indonesia,Surabaya,2022-01-16,VIP,Organic Search,Home & Kitchen,3,61.51,5.0,0.0,,Tablet,3.0,Delivered,
ORD101187,2024-11-26,C1490,46.0,Male,Philippines,Davao,2022-07-21,Regular,Organic Search,Beauty,3,3.0,0.0,2.99,Credit Card,Mobile,9.0,Delivered,5.0
ORD101800,2025-05-11,C1367,25.0,Female,Cambodia,Siem Reap,2022-05-17,Regular,Social Media,Books,4,18.67,0.0,2.99,Credit Card,Mobile,8.0,Delivered,4.0
ORD101941,2025-06-15,C1289,33.0,Male,Thailand,Bangkok,2024-07-09,Regular,Paid Ads,Home & Kitchen,1,57.8,0.0,6.99,Credit Card,Mobile,9.0,Delivered,4.0
ORD100286,2024-04-20,C1395,36.0,Male,Indonesia,Jakarta,2022-11-13,Regular,Social Media,Electronics,1,212.08,0.0,0.0,E-Wallet,Mobile,5.0,Delivered,3.0
ORD101609,2025-03-13,C1641,42.0,Male,Vietnam,Ho Chi Minh City,2024-04-29,Regular,Social Media,Home & Kitchen,1,134.57,0.0,0.0,E-Wallet,Desktop,,Cancelled,
ORD100765,2024-08-20,C1739,18.0,Male,Singapore,Singapore,2023-02-15,Regular,Social Media,Sports,3,21.02,5.0,2.99,Bank Transfer,Mobile,8.0,Delivered,4.0
ORD100628,2024-07-18,C1702,23.0,Female,Vietnam,Hanoi,2024-05-08,Regular,Referral,Books,2,24.35,0.0,2.99,Credit Card,Desktop,11.0,Delivered,
ORD100598,2024-07-11,C1035,46.0,Female,Vietnam,Ho Chi Minh City,2024-07-10,VIP,Organic Search,Electronics,2,218.63,5.0,0.0,E-Wallet,Mobile,2.0,Delivered,5.0
ORD101270,2024-12-12,C1640,18.0,Male,Cambodia,Siem Reap,2022-12-08,VIP,Referral,Electronics,1,36.04,0.0,4.99,Credit Card,Desktop,11.0,Returned,2.0
ORD101305,2024-12-17,C1208,24.0,Female,Vietnam,Da Nang,2022-12-13,Regular,Organic Search,Electronics,3,3.0,5.0,2.99,Credit Card,Desktop,7.0,Delivered,4.0
ORD101671,2025-04-01,C1501,44.0,Male,Vietnam,Hanoi,2023-06-04,VIP,Paid Ads,Fashion,2,63.61,15.0,0.0,E-Wallet,Tablet,,Cancelled,
ORD101620,2025-03-17,C1053,30.0,Female,Cambodia,Battambang,2023-09-16,VIP,Paid Ads,Electronics,2,59.52,0.0,2.99,Cash on Delivery,Mobile,11.0,Delivered,
ORD101063,2024-11-05,C1135,23.0,Female,Vietnam,Da Nang,2024-05-06,Regular,Paid Ads,Sports,1,65.37,5.0,4.99,E-Wallet,Mobile,8.0,Delivered,
ORD101278,2024-12-13,C1247,54.0,Male,Vietnam,Hanoi,2024-02-14,VIP,Organic Search,Books,1,34.14,25.0,6.99,Cash on Delivery,Desktop,5.0,Delivered,3.0
ORD100836,2024-09-06,C1368,36.0,Male,Thailand,Chiang Mai,2023-11-16,Regular,Social Media,Home & Kitchen,1,3.0,10.0,6.99,Credit Card,Desktop,8.0,Delivered,5.0
ORD100939,2024-10-03,C1632,30.0,Male,Singapore,Singapore,2022-06-10,Regular,Organic Search,Sports,1,48.58,15.0,2.99,Credit Card,Desktop,3.0,Delivered,
ORD100774,2024-08-23,C1534,18.0,Male,Cambodia,Battambang,2023-11-27,Regular,Social Media,Home & Kitchen,1,125.52,10.0,0.0,E-Wallet,Mobile,6.0,Delivered,3.0
ORD101230,2024-12-04,C1809,36.0,Male,Vietnam,Da Nang,2022-07-22,VIP,Organic Search,Fashion,2,90.78,10.0,0.0,Cash on Delivery,Mobile,1.0,Delivered,
ORD101826,2025-05-19,C1686,43.0,Male,Cambodia,Sihanoukville,2023-10-18,Regular,Email,Fashion,1,23.5,15.0,6.99,E-Wallet,Mobile,1.0,Returned,
ORD100609,2024-07-12,C1540,,Male,Thailand,Phuket,2023-07-09,Regular,Email,Beauty,1,39.17,0.0,4.99,Cash on Delivery,Mobile,,Cancelled,
ORD101067,2024-11-05,C1586,21.0,Male,Cambodia,Siem Reap,2024-06-07,VIP,Email,Electronics,3,244.43,5.0,0.0,Credit Card,Mobile,6.0,Delivered,4.0
ORD101225,2024-12-04,C1659,30.0,Female,Thailand,Chiang Mai,2023-10-08,VIP,Social Media,Beauty,5,52.74,0.0,0.0,Bank Transfer,Tablet,1.0,Delivered,5.0
ORD101452,2025-01-17,C1521,24.0,Female,Philippines,Davao,2023-08-23,Regular,Organic Search,Home & Kitchen,4,95.68,30.0,0.0,PayPal,Desktop,8.0,Delivered,
ORD101037,2024-10-31,C1735,36.0,Female,Thailand,Bangkok,2023-11-20,VIP,Social Media,Home & Kitchen,4,16.51,10.0,6.99,E-Wallet,Desktop,9.0,Delivered,
ORD100493,2024-06-11,C1738,18.0,Female,Singapore,Singapore,2023-08-06,New,Organic Search,Beauty,1,4.74,0.0,9.99,E-Wallet,Mobile,7.0,Returned,2.0
ORD101347,2024-12-24,C1636,32.0,Female,Cambodia,Siem Reap,2024-05-29,VIP,Organic Search,Home & Kitchen,1,103.35,0.0,4.99,Credit Card,Desktop,8.0,Delivered,
ORD100277,2024-04-18,C1573,24.0,Male,Cambodia,Sihanoukville,2023-04-18,VIP,Paid Ads,Home & Kitchen,4,3.0,0.0,2.99,E-Wallet,Mobile,9.0,Returned,
ORD101889,2025-06-02,C1413,42.0,Male,Thailand,Phuket,2024-05-14,Regular,Paid Ads,Fashion,1,50.2,15.0,6.99,Credit Card,Tablet,9.0,Delivered,4.0
ORD100358,2024-05-09,C1670,43.0,Female,Cambodia,Siem Reap,2024-05-08,VIP,Paid Ads,Fashion,2,48.85,15.0,4.99,Credit Card,Mobile,10.0,Delivered,3.0
ORD101779,2025-05-05,C1123,49.0,Female,Cambodia,Phnom Penh,2024-07-27,New,Organic Search,Beauty,1,46.79,10.0,6.99,Credit Card,Desktop,3.0,Delivered,4.0
ORD100236,2024-04-05,C1491,,Female,Cambodia,Phnom Penh,2023-01-06,Regular,Social Media,Fashion,1,28.25,20.0,9.99,Bank Transfer,Mobile,2.0,Delivered,
ORD100551,2024-06-28,C1511,31.0,Male,Cambodia,Phnom Penh,2022-05-04,New,Paid Ads,Fashion,3,9.59,5.0,4.99,E-Wallet,Mobile,10.0,Delivered,3.0
ORD101910,2025-06-07,C1151,23.0,Female,Vietnam,Da Nang,2024-07-28,Regular,Social Media,Electronics,3,137.05,0.0,0.0,Cash on Delivery,Mobile,3.0,Delivered,4.0
ORD100932,2024-10-01,C1306,30.0,Female,Vietnam,Ho Chi Minh City,2022-03-07,Regular,Social Media,Fashion,1,17.06,15.0,6.99,Credit Card,Mobile,11.0,Delivered,4.0
ORD100208,2024-03-27,C1384,18.0,Male,Cambodia,Battambang,2023-04-25,VIP,Organic Search,Home & Kitchen,4,161.22,25.0,0.0,Credit Card,Mobile,2.0,Delivered,4.0
ORD101630,2025-03-20,C1741,47.0,Female,Malaysia,Penang,2022-03-01,New,Organic Search,Books,1,11.0,0.0,6.99,Bank Transfer,Tablet,2.0,Delivered,4.0
ORD101593,2025-03-07,C1271,37.0,Male,Cambodia,Siem Reap,2022-01-18,New,Paid Ads,Books,1,3.0,10.0,4.99,Bank Transfer,Mobile,11.0,Delivered,
ORD100058,2024-01-24,C1564,44.0,Female,Vietnam,Hanoi,2023-11-27,Regular,Organic Search,Electronics,2,168.12,0.0,0.0,Credit Card,Tablet,5.0,Delivered,4.0
ORD100631,2024-07-19,C1513,33.0,Female,Cambodia,Battambang,2022-10-12,Regular,Paid Ads,Fashion,3,61.19,0.0,0.0,Credit Card,Mobile,,Cancelled,
ORD101617,2025-03-15,C1299,38.0,Male,Cambodia,Phnom Penh,2022-08-01,VIP,Paid Ads,Books,1,19.03,0.0,4.99,Bank Transfer,Desktop,6.0,Delivered,
ORD101902,2025-06-06,C1607,39.0,Female,Philippines,Cebu,2023-04-01,New,Organic Search,Fashion,2,47.69,0.0,2.99,Credit Card,Desktop,5.0,Returned,3.0
ORD101610,2025-03-14,C1053,30.0,Female,Cambodia,Battambang,2023-09-16,VIP,Paid Ads,Home & Kitchen,1,60.33,20.0,2.99,Cash on Delivery,Mobile,-3.0,Delivered,3.0
ORD100363,2024-05-10,C1278,47.0,Female,Cambodia,Battambang,2022-03-13,VIP,Social Media,Electronics,1,142.76,10.0,0.0,Credit Card,Mobile,6.0,Delivered,3.0
ORD100505,2024-06-14,C1286,37.0,Female,Malaysia,Johor Bahru,2024-05-18,Regular,Social Media,Electronics,4,280.16,0.0,0.0,E-Wallet,Mobile,7.0,Delivered,4.0
ORD101720,2025-04-17,C1514,43.0,Male,Singapore,Singapore,2022-09-29,New,Organic Search,Electronics,1,118.37,10.0,4.99,Credit Card,Mobile,11.0,Delivered,3.0
ORD101736,2025-04-24,C1804,48.0,Male,Cambodia,Siem Reap,2023-10-13,VIP,Social Media,Beauty,1,29.69,25.0,4.99,Bank Transfer,Desktop,3.0,Delivered,5.0
ORD101637,2025-03-22,C1523,32.0,Female,Philippines,Davao,2023-02-03,VIP,Email,Electronics,1,154.3,0.0,0.0,Credit Card,Desktop,4.0,Delivered,3.0
ORD101242,2024-12-08,C1137,43.0,Female,Singapore,Singapore,2022-02-06,VIP,Social Media,Sports,1,83.25,25.0,4.99,E-Wallet,Mobile,9.0,Delivered,
ORD100874,2024-09-15,C1583,22.0,Female,Cambodia,Phnom Penh,2024-09-14,New,Paid Ads,Sports,1,39.96,0.0,9.99,Credit Card,Desktop,3.0,Delivered,
ORD101022,2024-10-28,C1235,27.0,Female,Philippines,Manila,2024-08-24,VIP,Social Media,Home & Kitchen,2,76.0,10.0,0.0,E-Wallet,Tablet,10.0,Delivered,3.0
ORD101029,2024-10-29,C1465,29.0,Male,Malaysia,Penang,2024-03-29,Regular,Organic Search,Toys,1,38.13,0.0,9.99,Credit Card,Mobile,6.0,Delivered,4.0
ORD100118,2024-02-17,C1474,41.0,Female,Malaysia,Kuala Lumpur,2022-10-02,New,Paid Ads,Home & Kitchen,1,3.0,0.0,9.99,Credit Card,Desktop,9.0,Delivered,3.0
ORD101712,2025-04-15,C1192,30.0,Female,Vietnam,Hanoi,2023-03-21,New,Organic Search,Home & Kitchen,3,26.02,10.0,4.99,Cash on Delivery,Tablet,5.0,Delivered,
ORD101251,2024-12-09,C1447,30.0,Male,Cambodia,Phnom Penh,2024-02-23,New,Organic Search,Home & Kitchen,1,80.39,0.0,6.99,Cash on Delivery,Desktop,2.0,Delivered,
ORD100522,2024-06-19,C1036,33.0,Female,Thailand,Phuket,2024-06-18,New,Social Media,Electronics,1,32.18,25.0,2.99,Bank Transfer,Desktop,8.0,Delivered,3.0
ORD100513,2024-06-16,C1285,29.0,Female,Thailand,Phuket,2023-01-31,Regular,Email,Electronics,2,257.96,5.0,0.0,Cash on Delivery,Desktop,6.0,Delivered,4.0
ORD100081,2024-02-03,C1804,48.0,Male,Cambodia,Siem Reap,2023-10-13,VIP,Social Media,Beauty,1,21.85,5.0,4.99,Cash on Delivery,Desktop,3.0,Delivered,4.0
ORD101345,2024-12-23,C1550,38.0,Female,Thailand,Phuket,2022-05-30,VIP,Referral,Home & Kitchen,1,81.92,0.0,4.99,Bank Transfer,Mobile,4.0,Delivered,3.0
ORD101381,2024-12-29,C1022,47.0,Male,Malaysia,Johor Bahru,2022-05-17,VIP,Social Media,Beauty,2,27.89,0.0,2.99,E-Wallet,Mobile,11.0,Delivered,3.0
ORD100380,2024-05-14,C1159,21.0,Male,Thailand,Phuket,2022-11-26,New,Email,Electronics,1,116.4,10.0,4.99,E-Wallet,Mobile,1.0,Delivered,5.0
ORD101052,2024-11-02,C1580,18.0,Male,Vietnam,Ho Chi Minh City,2023-04-26,Regular,Paid Ads,Beauty,1,62.52,0.0,6.99,E-Wallet,Desktop,11.0,Returned,2.0
ORD101931,2025-06-12,C1658,47.0,Female,Thailand,Chiang Mai,2023-09-24,VIP,Email,Fashion,1,48.26,0.0,4.99,Cash on Delivery,Tablet,10.0,Delivered,3.0
ORD100084,2024-02-04,C1193,50.0,Male,Thailand,Chiang Mai,2024-02-03,New,Social Media,Toys,1,21.08,10.0,6.99,Cash on Delivery,Mobile,7.0,Returned,2.0
ORD101855,2025-05-26,C1314,,Female,Malaysia,Kuala Lumpur,2024-07-10,VIP,Social Media,Books,1,26.0,5.0,2.99,E-Wallet,Desktop,11.0,Delivered,3.0
ORD101005,2024-10-21,C1672,26.0,Female,Cambodia,Siem Reap,2022-02-23,VIP,Social Media,Home & Kitchen,2,124.82,5.0,0.0,E-Wallet,Mobile,11.0,Delivered,
ORD100329,2024-05-03,C1210,44.0,Male,Thailand,Bangkok,2024-03-04,VIP,Organic Search,Books,2,26.72,10.0,4.99,E-Wallet,Mobile,1.0,Delivered,4.0
ORD100006,2024-01-04,C1738,18.0,Female,Singapore,Singapore,2023-08-06,New,Organic Search,Toys,2,53.13,10.0,6.99,Cash on Delivery,Mobile,5.0,Delivered,4.0
ORD100772,2024-08-23,C1167,38.0,Female,Vietnam,Hanoi,2024-02-13,VIP,Organic Search,Electronics,1,151.49,5.0,0.0,E-Wallet,Mobile,1.0,Delivered,5.0
ORD100785,2024-08-25,C1299,38.0,Male,Cambodia,Phnom Penh,2022-08-01,VIP,Paid Ads,Fashion,1,101.24,10.0,6.99,Credit Card,Desktop,5.0,Delivered,
ORD100949,2024-10-06,C1378,52.0,Female,Thailand,Chiang Mai,2022-11-12,Regular,Social Media,Sports,4,59.59,0.0,0.0,Bank Transfer,Mobile,8.0,Delivered,4.0
ORD101245,2024-12-08,C1649,30.0,Female,Cambodia,Siem Reap,2023-06-14,Regular,Paid Ads,Electronics,2,53.71,0.0,6.99,Bank Transfer,Desktop,10.0,Delivered,3.0
ORD100451,2024-06-02,C1022,47.0,Male,Malaysia,Johor Bahru,2022-05-17,VIP,Social Media,Sports,1,3.0,5.0,6.99,Credit Card,Mobile,5.0,Returned,3.0
ORD100490,2024-06-10,C1593,18.0,Male,Thailand,Chiang Mai,2024-06-09,Regular,Paid Ads,Toys,1,44.02,5.0,4.99,E-Wallet,Mobile,1.0,Delivered,3.0
ORD101957,2025-06-18,C1303,30.0,Male,Vietnam,Da Nang,2023-09-25,Regular,Organic Search,Beauty,3,55.57,0.0,0.0,Cash on Delivery,Mobile,9.0,Delivered,
ORD100287,2024-04-21,C1208,24.0,Female,Vietnam,Da Nang,2022-12-13,Regular,Organic Search,Sports,2,83.96,20.0,0.0,Credit Card,Desktop,10.0,Delivered,3.0
ORD100974,2024-10-15,C1639,40.0,Female,Malaysia,Penang,2022-07-10,VIP,Email,Electronics,2,3.0,5.0,6.99,Credit Card,Mobile,10.0,Delivered,
ORD100628,2024-07-18,C1702,23.0,Female,Vietnam,Hanoi,2024-05-08,Regular,Referral,Books,2,24.35,0.0,2.99,Credit Card,Desktop,11.0,Delivered,
ORD101793,2025-05-08,C1037,25.0,Female,Thailand,Bangkok,2023-05-22,Regular,Organic Search,Electronics,1,289.8,0.0,0.0,E-Wallet,Desktop,11.0,Delivered,
ORD101446,2025-01-15,C1014,39.0,Female,Thailand,,2023-11-07,VIP,Organic Search,Fashion,2,55.8,5.0,4.99,Credit Card,Mobile,1.0,Delivered,
ORD101766,2025-05-03,C1831,51.0,Male,Cambodia,Battambang,2023-01-08,New,Organic Search,Beauty,1,17.89,5.0,9.99,Cash on Delivery,Mobile,6.0,Delivered,3.0
ORD101206,2024-11-29,C1516,41.0,Male,Cambodia,Siem Reap,2024-02-15,New,Email,Home & Kitchen,1,79.33,25.0,6.99,Credit Card,Mobile,9.0,Delivered,4.0
ORD101738,2025-04-24,C1728,21.0,Male,Indonesia,Surabaya,2023-09-14,New,Organic Search,Sports,3,122.26,0.0,0.0,Cash on Delivery,Desktop,4.0,Delivered,4.0
ORD101786,2025-05-07,C1456,46.0,Female,Thailand,Phuket,2024-01-11,VIP,Social Media,Fashion,2,28.93,20.0,6.99,Credit Card,Mobile,7.0,Delivered,
ORD101670,2025-04-01,C1637,22.0,Male,Cambodia,Battambang,2023-10-24,New,Organic Search,Beauty,1,37.02,30.0,2.99,E-Wallet,Mobile,11.0,Delivered,
ORD100976,2024-10-15,C1809,36.0,Male,Vietnam,Da Nang,2022-07-22,VIP,Organic Search,Toys,1,23.39,10.0,9.99,E-Wallet,Desktop,9.0,Delivered,5.0
ORD101112,2024-11-13,C1170,27.0,Male,Thailand,Chiang Mai,2023-04-17,New,Social Media,Electronics,1,210.04,5.0,0.0,Credit Card,Mobile,6.0,Delivered,4.0
ORD101922,2025-06-10,C1498,18.0,Female,Indonesia,Surabaya,2022-03-28,New,Email,Beauty,1,41.97,0.0,6.99,E-Wallet,Mobile,11.0,Delivered,
ORD100327,2024-05-02,C1378,52.0,Female,Thailand,Chiang Mai,2022-11-12,Regular,Social Media,Fashion,1,61.67,0.0,6.99,Cash on Delivery,Desktop,1.0,Delivered,
ORD100442,2024-05-30,C1834,26.0,Female,Indonesia,Jakarta,2024-05-29,VIP,Email,Fashion,2,28.42,30.0,6.99,Credit Card,Desktop,10.0,Delivered,2.0
ORD100802,2024-08-29,C1457,25.0,Female,Vietnam,Da Nang,2022-06-26,Regular,Organic Search,Books,1,20.1,5.0,2.99,Credit Card,Mobile,9.0,Delivered,3.0
ORD101103,2024-11-10,C1543,32.0,Male,Vietnam,Hanoi,2023-07-29,VIP,Email,Electronics,2,206.75,15.0,0.0,Bank Transfer,Desktop,1.0,Delivered,4.0
ORD101791,2025-05-08,C1639,40.0,Female,Malaysia,Penang,2022-07-10,VIP,Email,Fashion,2,78.75,5.0,0.0,PayPal,Desktop,2.0,Delivered,4.0
ORD101339,2024-12-22,C1450,33.0,Female,Thailand,Phuket,2023-08-17,New,Email,Electronics,3,250.04,20.0,0.0,E-Wallet,Mobile,,Cancelled,
ORD100177,2024-03-18,C1825,34.0,Male,Thailand,Phuket,2023-05-06,Regular,Social Media,Home & Kitchen,1,89.41,5.0,9.99,E-Wallet,Mobile,1.0,Delivered,5.0
ORD100764,2024-08-20,C1243,18.0,Female,Indonesia,Jakarta,2022-09-08,Regular,Email,Beauty,1,34.99,10.0,4.99,Credit Card,Desktop,,Cancelled,
ORD100730,2024-08-13,C1749,24.0,Female,Singapore,Singapore,2022-04-18,VIP,Social Media,Electronics,1,3.0,5.0,2.99,Credit Card,Mobile,11.0,Delivered,3.0
ORD100086,2024-02-05,C1165,24.0,Female,Thailand,Chiang Mai,2023-02-26,VIP,Email,Fashion,1,56.12,10.0,9.99,Cash on Delivery,Tablet,,Cancelled,
ORD101713,2025-04-16,C1765,18.0,Male,Cambodia,Battambang,2022-07-22,Regular,Social Media,Electronics,2,274.48,0.0,0.0,Cash on Delivery,Mobile,4.0,Delivered,5.0
ORD101943,2025-06-16,C1085,39.0,Female,Cambodia,Siem Reap,2024-01-21,VIP,Organic Search,Fashion,3,81.11,10.0,0.0,Cash on Delivery,Desktop,4.0,Delivered,
ORD100457,2024-06-04,C1595,29.0,Female,Thailand,Bangkok,2024-06-03,VIP,Social Media,Fashion,1,54.35,20.0,2.99,Cash on Delivery,Mobile,11.0,Delivered,4.0
ORD101870,2025-05-31,C1145,29.0,Male,Cambodia,Siem Reap,2023-12-05,VIP,Social Media,Fashion,3,9.21,10.0,2.99,Credit Card,Mobile,3.0,Delivered,
ORD100054,2024-01-23,C1479,63.0,Male,Vietnam,Ho Chi Minh City,2022-01-07,VIP,Organic Search,Home & Kitchen,1,64.01,25.0,9.99,Credit Card,Mobile,9.0,Delivered,4.0
ORD101726,2025-04-20,C1377,18.0,Male,Thailand,Chiang Mai,2023-05-18,VIP,Social Media,Home & Kitchen,2,11.15,5.0,9.99,Credit Card,Tablet,4.0,Delivered,3.0
ORD100643,2024-07-23,C1070,20.0,Female,Cambodia,Phnom Penh,2022-07-20,Regular,Email,home & kitchen,1,82.59,25.0,6.99,Credit Card,Tablet,6.0,Delivered,3.0
ORD100677,2024-08-01,C1236,18.0,Male,Cambodia,Siem Reap,2023-09-05,New,Paid Ads,Home & Kitchen,2,51.03,10.0,2.99,Credit Card,Mobile,11.0,Delivered,
ORD100221,2024-04-01,C1174,20.0,Female,Cambodia,Siem Reap,2023-12-29,VIP,Organic Search,Toys,4,26.56,0.0,9.99,Credit Card,Mobile,1.0,Delivered,4.0
ORD100113,2024-02-14,C1501,44.0,Male,Vietnam,Hanoi,2023-06-04,VIP,Paid Ads,Fashion,1,35.09,15.0,2.99,E-Wallet,Mobile,4.0,Delivered,4.0
ORD101418,2025-01-06,C1068,43.0,Female,Cambodia,Phnom Penh,2022-08-09,Regular,Social Media,Electronics,2,99.06,0.0,0.0,Cash on Delivery,Mobile,6.0,Delivered,4.0
ORD101815,2025-05-14,C1694,25.0,Female,Vietnam,Hanoi,2022-08-26,Regular,Social Media,Sports,1,63.72,15.0,2.99,Cash on Delivery,Mobile,8.0,Delivered,4.0
ORD101087,2024-11-07,C1074,36.0,Male,Thailand,Chiang Mai,2023-04-19,VIP,Email,Books,1,11.9,0.0,2.99,E-Wallet,Mobile,,Cancelled,
ORD100174,2024-03-16,C1713,34.0,Male,Singapore,Singapore,2022-03-06,Regular,Referral,Electronics,1,3.0,10.0,9.99,Credit Card,Mobile,8.0,Delivered,3.0
ORD100809,2024-08-31,C1225,37.0,Male,Vietnam,Ho Chi Minh City,2022-02-27,Regular,Social Media,Fashion,4,68.58,15.0,0.0,E-Wallet,Desktop,8.0,Delivered,
ORD100589,2024-07-09,C1707,40.0,Male,Philippines,Cebu,2023-11-04,Regular,Organic Search,Home & Kitchen,1,3.0,0.0,4.99,Credit Card,Mobile,7.0,Delivered,4.0
ORD101592,2025-03-07,C1473,36.0,Male,Cambodia,Phnom Penh,2023-10-09,Regular,Email,Home & Kitchen,3,3.0,10.0,9.99,Credit Card,Desktop,5.0,Delivered,
ORD100018,2024-01-09,C1140,39.0,Female,Vietnam,Hanoi,2022-05-23,Regular,Paid Ads,Books,1,14.21,0.0,9.99,Cash on Delivery,Mobile,4.0,Delivered,5.0
ORD100423,2024-05-25,C1342,35.0,Female,Thailand,Phuket,2023-03-07,VIP,Referral,Sports,1,100.54,15.0,4.99,Bank Transfer,Mobile,9.0,Delivered,
ORD101370,2024-12-27,C1412,27.0,Male,Thailand,Chiang Mai,2023-11-12,New,Email,Electronics,1,327.07,5.0,0.0,Credit Card,Mobile,3.0,Delivered,5.0
ORD100285,2024-04-20,C1300,53.0,Female,Cambodia,Battambang,2023-06-29,Regular,Social Media,Sports,2,71.74,5.0,0.0,E-Wallet,Tablet,1.0,Returned,2.0
ORD101616,2025-03-15,C1809,36.0,Male,Vietnam,Da Nang,2022-07-22,VIP,Organic Search,Electronics,1,205.7,5.0,0.0,E-Wallet,Mobile,7.0,Delivered,3.0
ORD100428,2024-05-27,C1213,29.0,Male,Cambodia,Siem Reap,2022-09-20,Regular,Email,Beauty,1,23.67,0.0,6.99,Credit Card,Mobile,3.0,Returned,2.0
ORD101542,2025-02-21,C1150,32.0,Male,Indonesia,Surabaya,2024-08-02,New,Social Media,Books,1,18.65,15.0,6.99,E-Wallet,Mobile,9.0,Delivered,
ORD100777,2024-08-23,C1274,51.0,Male,Cambodia,Siem Reap,2024-02-19,Regular,Social Media,Beauty,1,5.53,5.0,4.99,Bank Transfer,Mobile,5.0,Delivered,3.0
ORD100669,2024-07-30,C1186,36.0,Male,Cambodia,Battambang,2023-06-09,Regular,Referral,Home & Kitchen,4,39.45,15.0,0.0,Credit Card,Desktop,9.0,Delivered,3.0
ORD100031,2024-01-15,C1631,62.0,Female,Cambodia,Phnom Penh,2023-10-21,VIP,Paid Ads,Books,1,3.0,5.0,2.99,E-Wallet,Desktop,5.0,Delivered,4.0
ORD101780,2025-05-06,C1719,23.0,Female,Singapore,Singapore,2022-12-09,Regular,Social Media,Electronics,1,65.49,5.0,6.99,Bank Transfer,Mobile,1.0,Delivered,
ORD100722,2024-08-11,C1780,33.0,Female,Cambodia,Sihanoukville,2022-08-12,New,Referral,Electronics,1,141.9,20.0,0.0,E-Wallet,Mobile,5.0,Delivered,4.0
ORD101461,2025-01-20,C1125,38.0,Female,Thailand,Chiang Mai,2023-01-27,New,Email,Home & Kitchen,2,28.77,0.0,6.99,E-Wallet,Mobile,7.0,Delivered,3.0
ORD100214,2024-03-30,C1501,44.0,Male,Vietnam,Hanoi,2023-06-04,VIP,Paid Ads,Fashion,1,55.47,15.0,2.99,Bank Transfer,Tablet,10.0,Returned,
ORD101647,2025-03-25,C1643,36.0,Female,Malaysia,Penang,2023-10-19,New,Organic Search,Electronics,1,420.0,5.0,0.0,Cash on Delivery,Desktop,11.0,Delivered,4.0
ORD101272,2024-12-13,C1588,37.0,Male,Philippines,Manila,2024-03-03,VIP,Paid Ads,Sports,4,17.8,20.0,9.99,PayPal,Desktop,7.0,Delivered,3.0
ORD100326,2024-05-02,C1165,24.0,Female,Thailand,Chiang Mai,2023-02-26,VIP,Email,sports,5,3.0,15.0,2.99,Credit Card,Desktop,1.0,Delivered,5.0
ORD100560,2024-06-30,C1750,34.0,Male,Cambodia,Battambang,2024-06-29,New,Social Media,Fashion,2,28.31,0.0,9.99,Cash on Delivery,Desktop,7.0,Delivered,4.0
ORD101138,2024-11-17,C1174,20.0,Female,Cambodia,Siem Reap,2023-12-29,VIP,Organic Search,Sports,1,93.9,10.0,9.99,Credit Card,Tablet,4.0,Delivered,3.0
ORD100700,2024-08-06,C1749,24.0,Female,Singapore,Singapore,2022-04-18,VIP,Social Media,Electronics,4,135.55,0.0,0.0,Bank Transfer,Mobile,4.0,Delivered,4.0
ORD100987,2024-10-17,C1606,42.0,Female,Vietnam,,2023-11-14,Regular,Social Media, Electronics ,1,253.15,5.0,0.0,Cash on Delivery,Mobile,6.0,Delivered,3.0
ORD101623,2025-03-17,C1675,38.0,Male,Cambodia,Sihanoukville,2023-09-22,New,Social Media,Electronics,1,178.92,0.0,0.0,E-Wallet,Mobile,11.0,Delivered,3.0
ORD100341,2024-05-05,C1130,30.0,Female,Cambodia,Sihanoukville,2022-06-07,Regular,Social Media,Electronics,1,307.68,0.0,0.0,Bank Transfer,Desktop,6.0,Delivered,
ORD100629,2024-07-19,C1736,43.0,Female,Vietnam,Ho Chi Minh City,2024-05-22,VIP,Email,Electronics,1,201.08,35.0,0.0,Cash on Delivery,Desktop,4.0,Delivered,4.0
ORD100147,2024-03-03,C1245,20.0,Male,Cambodia,Sihanoukville,2022-03-01,Regular,Organic Search,Books,1,35.93,15.0,9.99,Credit Card,Mobile,5.0,Returned,3.0
ORD101223,2024-12-03,C1569,36.0,Female,Cambodia,Siem Reap,2022-11-19,VIP,Organic Search,Beauty,1,27.86,15.0,4.99,Cash on Delivery,Mobile,11.0,Delivered,3.0
ORD100360,2024-05-10,C1138,56.0,Male,Cambodia,Sihanoukville,2023-10-23,Regular,Social Media,Electronics,1,210.4,25.0,0.0,E-Wallet,Mobile,8.0,Returned,3.0
ORD100083,2024-02-04,C1101,48.0,Male,Cambodia,Sihanoukville,2023-02-12,VIP,Organic Search,Sports,2,3.0,0.0,6.99,Bank Transfer,Mobile,5.0,Delivered,3.0
ORD100048,2024-01-20,C1575,18.0,Female,Singapore,Singapore,2023-06-08,Regular,Organic Search,Beauty,2,3.0,5.0,4.99,Credit Card,Mobile,9.0,Delivered,3.0
ORD100468,2024-06-06,C1630,52.0,Female,Singapore,Singapore,2023-01-25,Regular,Organic Search,Beauty,2,31.3,10.0,4.99,Cash on Delivery,Desktop,10.0,Delivered,4.0
ORD100155,2024-03-10,C1300,53.0,Female,Cambodia,Battambang,2023-06-29,Regular,Social Media,Electronics,1,12.28,10.0,6.99,PayPal,Desktop,2.0,Delivered,
ORD101662,2025-03-30,C1622,37.0,Female,Thailand,Phuket,2024-01-19,New,Paid Ads,Fashion,3,37.05,30.0,9.99,Credit Card,Mobile,2.0,Delivered,4.0
ORD101054,2024-11-03,C1678,38.0,Female,Vietnam,Ho Chi Minh City,2023-06-16,VIP,Organic Search,Electronics,1,117.78,20.0,9.99,E-Wallet,Mobile,3.0,Delivered,4.0
ORD101226,2024-12-04,C1064,42.0,Male,Singapore,Singapore,2023-11-21,Regular,Social Media,Sports,1,111.97,0.0,2.99,Credit Card,Mobile,7.0,Delivered,5.0
ORD101432,2025-01-10,C1033,25.0,Male,Vietnam,Hanoi,2024-01-24,VIP,Organic Search,Toys,2,3.0,5.0,4.99,Credit Card,Desktop,7.0,Delivered,3.0
ORD101228,2024-12-04,C1232,37.0,Female,Malaysia,Penang,2023-06-28,VIP,Social Media,Books,2,19.18,0.0,6.99,E-Wallet,Desktop,4.0,Delivered,3.0
ORD101664,2025-03-31,C1372,43.0,Female,Singapore,Singapore,2022-01-17,Regular,Paid Ads,Beauty,1,31.93,0.0,2.99,Bank Transfer,Mobile,4.0,Delivered,
ORD100500,2024-06-13,C1387,40.0,Male,Cambodia,Phnom Penh,2023-07-12,Regular,Social Media,Books,1,12.06,0.0,4.99,E-Wallet,Mobile,,Cancelled,
ORD101803,2025-05-11,C1839,30.0,Female,Vietnam,Ho Chi Minh City,2022-11-23,Regular,Social Media,Beauty,2,8.83,5.0,6.99,E-Wallet,Mobile,2.0,Delivered,3.0
ORD100179,2024-03-18,C1302,44.0,Female,Thailand,Bangkok,2023-02-20,Regular,Referral,Electronics,2,424.64,0.0,0.0,E-Wallet,Mobile,6.0,Delivered,4.0
ORD101475,2025-01-25,C1027,38.0,Female,Malaysia,Penang,2023-10-06,VIP,Organic Search,Fashion,3,4.76,5.0,2.99,E-Wallet,Tablet,1.0,Delivered,5.0
ORD101794,2025-05-08,C1821,50.0,Male,Cambodia,Sihanoukville,2024-05-06,VIP,Referral,Electronics,2,470.01,5.0,0.0,Credit Card,Mobile,5.0,Delivered,3.0
ORD100812,2024-09-01,C1556,26.0,Male,Singapore,Singapore,2022-12-07,VIP,Email,Electronics,4,269.98,25.0,0.0,,Desktop,1.0,Delivered,
ORD101468,2025-01-22,C1443,49.0,Male,Malaysia,Johor Bahru,2024-08-31,Regular,Organic Search,Beauty,1,23.7,10.0,2.99,Credit Card,Desktop,10.0,Delivered,
ORD101182,2024-11-25,C1033,25.0,Male,Vietnam,Hanoi,2024-01-24,VIP,Organic Search,Fashion,1,56.61,10.0,6.99,Cash on Delivery,Mobile,9.0,Delivered,3.0
ORD101653,2025-03-26,C1535,,Female,Vietnam,Ho Chi Minh City,2022-09-01,Regular,Paid Ads,Sports,1,15.16,10.0,9.99,,Desktop,8.0,Delivered,3.0
ORD100528,2024-06-20,C1295,36.0,Female,Cambodia,Sihanoukville,2022-07-14,VIP,Paid Ads,Electronics,4,121.95,0.0,0.0,Credit Card,Desktop,11.0,Delivered,4.0
ORD100346,2024-05-06,C1374,40.0,Male,Thailand,Bangkok,2022-10-02,VIP,Social Media,Sports,3,33.79,20.0,9.99,E-Wallet,Mobile,9.0,Delivered,4.0
ORD101417,2025-01-06,C1689,29.0,Male,Malaysia,Johor Bahru,2023-08-04,Regular,Social Media,Sports,4,103.81,0.0,0.0,Credit Card,Mobile,5.0,Delivered,
ORD101273,2024-12-13,C1523,32.0,Female,Philippines,Davao,2023-02-03,VIP,Email,Sports,1,67.67,20.0,9.99,Cash on Delivery,Mobile,7.0,Delivered,
ORD101050,2024-11-02,C1015,25.0,Female,Malaysia,Penang,2023-12-23,New,Paid Ads,Beauty,2,6.43,25.0,6.99,Cash on Delivery,Mobile,6.0,Delivered,3.0
ORD100128,2024-02-23,C1023,32.0,Male,Singapore,Singapore,2023-04-22,VIP,Email,Fashion,3,77.92,0.0,0.0,Bank Transfer,Mobile,2.0,Delivered,4.0
ORD101080,2024-11-07,C1302,44.0,Female,Thailand,Bangkok,2023-02-20,Regular,Referral,Toys,1,41.25,25.0,9.99,Credit Card,Desktop,4.0,Delivered,
ORD100601,2024-07-11,C1384,18.0,Male,Cambodia,Battambang,2023-04-25,VIP,Organic Search,Electronics,2,196.63,0.0,0.0,E-Wallet,Desktop,9.0,Delivered,3.0
ORD101622,2025-03-17,C1631,62.0,Female,Cambodia,Phnom Penh,2023-10-21,VIP,Paid Ads,Home & Kitchen,1,53.15,10.0,2.99,E-Wallet,Mobile,1.0,Delivered,4.0
ORD100243,2024-04-08,C1708,32.0,Male,Cambodia,Battambang,2023-12-16,Regular,Social Media,Books,2,16.99,0.0,9.99,,Mobile,5.0,Delivered,4.0
ORD100925,2024-09-27,C1425,30.0,Female,Malaysia,Johor Bahru,2024-09-26,New,Paid Ads,Books,2,11.14,5.0,6.99,E-Wallet,Mobile,4.0,Delivered,
ORD101091,2024-11-08,C1108,43.0,Male,Philippines,Davao,2022-06-05,VIP,Referral,Home & Kitchen,1,3.0,15.0,9.99,Credit Card,Desktop,11.0,Delivered,3.0
ORD101507,2025-02-06,C1456,46.0,F,Thailand,Phuket,2024-01-11,VIP,Social Media,Home & Kitchen,4,64.52,5.0,0.0,Credit Card,Mobile,,Cancelled,
ORD100312,2024-04-28,C1687,50.0,Male,Vietnam,Hanoi,2023-10-20,VIP,Email,Beauty,3,26.45,10.0,9.99,Bank Transfer,Desktop,,Cancelled,
ORD100435,2024-05-28,C1071,22.0,Female,Cambodia,Siem Reap,2022-05-04,New,Organic Search,Home & Kitchen,2,3.0,0.0,9.99,Credit Card,Mobile,2.0,Delivered,4.0
ORD101942,2025-06-15,C1302,44.0,Female,Thailand,Bangkok,2023-02-20,Regular,Referral,Fashion,3,73.6,0.0,0.0,Credit Card,Desktop,4.0,Delivered,
ORD101419,2025-01-06,C1268,35.0,Female,Malaysia,Kuala Lumpur,2023-10-01,Regular,Organic Search,Toys,2,18.38,10.0,6.99,Cash on Delivery,Desktop,,Cancelled,
ORD100308,2024-04-26,C1789,32.0,Male,Singapore,Singapore,2022-12-05,VIP,Paid Ads,Home & Kitchen,1,23.02,5.0,2.99,Credit Card,Mobile,1.0,Delivered,5.0
ORD100430,2024-05-28,C1695,25.0,Female,Cambodia,Battambang,2024-05-27,New,Social Media,Home & Kitchen,3,105.61,0.0,0.0,Credit Card,Desktop,6.0,Delivered,5.0
ORD100660,2024-07-27,C1137,43.0,Female,Singapore,Singapore,2022-02-06,VIP,Social Media,Beauty,1,28.75,10.0,2.99,E-Wallet,Mobile,1.0,Delivered,5.0
ORD100370,2024-05-12,C1335,21.0,Female,Vietnam,Da Nang,2022-01-17,Regular,Email,Home & Kitchen,1,95.17,25.0,4.99,E-Wallet,Mobile,4.0,Delivered,
ORD100566,2024-07-02,C1550,38.0,Female,Thailand,Phuket,2022-05-30,VIP,Referral,Electronics,1,274.35,25.0,0.0,Cash on Delivery,Desktop,1.0,Delivered,3.0
ORD101018,2024-10-27,C1218,32.0,Female,Vietnam,Ho Chi Minh City,2023-07-21,VIP,Social Media,Electronics,3,250.68,0.0,0.0,E-Wallet,Desktop,5.0,Delivered,4.0
ORD100181,2024-03-19,C1429,38.0,Male,Thailand,Bangkok,2022-12-25,Regular,Social Media,Books,4,28.37,0.0,4.99,Credit Card,Desktop,4.0,Delivered,4.0
ORD101004,2024-10-21,C1755,46.0,Female,Vietnam,Hanoi,2024-03-10,New,Social Media,Beauty,1,37.77,15.0,6.99,E-Wallet,Mobile,3.0,Delivered,
ORD100621,2024-07-15,C1050,37.0,Male,Cambodia,Siem Reap,2022-09-30,Regular,Social Media,Home & Kitchen,2,98.04,10.0,0.0,E-Wallet,Desktop,10.0,Delivered,3.0
ORD100849,2024-09-08,C1779,20.0,Female,Thailand,Chiang Mai,2022-11-15,New,Organic Search,Electronics,1,226.46,25.0,0.0,Cash on Delivery,Mobile,3.0,Delivered,3.0
ORD101655,2025-03-27,C1835,24.0,Female,Cambodia,Phnom Penh,2023-04-13,New,Referral,Electronics,2,38.17,0.0,4.99,Cash on Delivery,Desktop,10.0,Delivered,3.0
ORD100990,2024-10-18,C1792,40.0,Male,Cambodia,Siem Reap,2023-10-25,VIP,Organic Search,Sports,2,231.05,15.0,0.0,E-Wallet,Mobile,4.0,Delivered,
ORD100813,2024-09-01,C1379,29.0,Female,Malaysia,Penang,2022-08-22,New,Organic Search,Beauty,1,35.32,10.0,6.99,Credit Card,Desktop,3.0,Delivered,
ORD101965,2025-06-20,C1433,,Male,Philippines,Cebu,2023-04-19,Regular,Organic Search,Sports,2,67.52,0.0,0.0,Credit Card,Mobile,5.0,Returned,3.0
ORD101882,2025-06-01,C1310,,Female,Cambodia,Phnom Penh,2023-05-17,VIP,Email,Home & Kitchen,1,82.8,0.0,2.99,E-Wallet,Mobile,4.0,Delivered,
ORD101472,2025-01-24,C1537,47.0,Male,Thailand,Phuket,2023-12-10,New,Social Media,Home & Kitchen,2,34.64,20.0,2.99,E-Wallet,Desktop,4.0,Delivered,
ORD101342,2024-12-23,C1008,34.0,Female,Cambodia,Battambang,2024-08-31,Regular,Paid Ads,Electronics,1,174.29,0.0,0.0,,Desktop,10.0,Returned,
ORD100296,2024-04-22,C1796,45.0,Female,Vietnam,Hanoi,2022-06-16,VIP,Organic Search,Electronics,3,274.74,0.0,0.0,E-Wallet,Mobile,4.0,Delivered,4.0
ORD100936,2024-10-03,C1650,54.0,Male,Thailand,Chiang Mai,2024-01-28,VIP,Social Media,Electronics,1,181.14,0.0,0.0,Bank Transfer,Desktop,6.0,Delivered,4.0
ORD100461,2024-06-04,C1276,26.0,Female,Indonesia,Surabaya,2022-10-13,VIP,Organic Search,Sports,1,90.69,10.0,4.99,Credit Card,Desktop,2.0,Delivered,4.0
ORD101329,2024-12-20,C1701,31.0,Male,Vietnam,Ho Chi Minh City,2023-03-09,Regular,Email,Fashion,1,93.6,5.0,2.99,E-Wallet,Mobile,10.0,Delivered,3.0
ORD101202,2024-11-28,C1527,35.0,Female,Vietnam,Hanoi,2024-07-07,New,Email,Home & Kitchen,3,34.07,15.0,2.99,E-Wallet,Mobile,8.0,Delivered,4.0
ORD100377,2024-05-14,C1667,39.0,Female,Singapore,Singapore,2023-06-12,New,Social Media,Electronics,3,301.96,0.0,0.0,Credit Card,Mobile,6.0,Delivered,4.0
ORD100798,2024-08-28,C1250,30.0,Male,Vietnam,Hanoi,2022-11-13,VIP,Organic Search,home & kitchen,1,81.74,0.0,2.99,Cash on Delivery,Mobile,4.0,Delivered,4.0
ORD101128,2024-11-15,C1111,37.0,Female,Vietnam,,2024-04-01,New,Referral,Beauty,1,17.16,0.0,4.99,Bank Transfer,Desktop,,Cancelled,
ORD100105,2024-02-12,C1518,44.0,Male,Thailand,Bangkok,2023-10-25,VIP,Paid Ads,Beauty,1,42.52,15.0,6.99,Bank Transfer,Mobile,7.0,Delivered,
ORD100126,2024-02-22,C1369,43.0,Female,Cambodia,Battambang,2023-03-31,VIP,Organic Search,Electronics,4,,15.0,0.0,PayPal,Desktop,5.0,Delivered,3.0
ORD101013,2024-10-25,C1611,37.0,Female,Cambodia,Sihanoukville,2022-08-08,Regular,Organic Search,Books,1,11.22,0.0,2.99,Credit Card,Mobile,10.0,Delivered,4.0
ORD101351,2024-12-24,C1371,49.0,Female,Cambodia,Sihanoukville,2024-03-26,Regular,Paid Ads,Home & Kitchen,1,14.09,0.0,4.99,Credit Card,Desktop,2.0,Delivered,
ORD101717,2025-04-17,C1735,36.0,Female,Thailand,Bangkok,2023-11-20,VIP,Social Media,Toys,2,,15.0,9.99,Bank Transfer,Mobile,10.0,Delivered,
ORD100355,2024-05-08,C1299,38.0,Male,Cambodia,Phnom Penh,2022-08-01,VIP,Paid Ads,Books,2,17.42,10.0,6.99,Bank Transfer,Desktop,4.0,Delivered,
ORD101650,2025-03-25,C1214,30.0,Male,Thailand,Phuket,2023-09-04,New,Organic Search,Books,3,11.12,0.0,2.99,Credit Card,Mobile,8.0,Delivered,
ORD100682,2024-08-02,C1724,24.0,Female,Vietnam,Ho Chi Minh City,2022-11-15,New,Social Media,Fashion,1,18.32,5.0,2.99,Credit Card,Mobile,6.0,Delivered,2.0
ORD101341,2024-12-23,C1834,26.0,Female,Indonesia,Jakarta,2024-05-29,VIP,Email,Electronics,2,279.8,10.0,0.0,Cash on Delivery,Mobile,7.0,Delivered,4.0
ORD101888,2025-06-02,C1503,18.0,Female,Cambodia,Battambang,2023-11-19,VIP,Paid Ads,Sports,2,56.15,15.0,6.99,E-Wallet,Mobile,8.0,Delivered,
ORD100906,2024-09-23,C1672,26.0,Female,Cambodia,,2022-02-23,VIP,Social Media,Fashion,1,42.53,0.0,6.99,E-Wallet,Mobile,8.0,Delivered,
ORD100209,2024-03-27,C1186,36.0,Male,Cambodia,Battambang,2023-06-09,Regular,Referral,Fashion,4,37.22,15.0,0.0,Bank Transfer,Mobile,5.0,Delivered,5.0
ORD101000,2024-10-20,C1548,42.0,Male,Singapore,Singapore,2022-12-30,Regular,Organic Search,Sports,2,14.3,0.0,6.99,E-Wallet,Mobile,3.0,Delivered,
ORD100140,2024-02-29,C1339,41.0,Male,Cambodia,Phnom Penh,2024-02-28,New,Organic Search,Beauty,1,40.1,30.0,9.99,E-Wallet,Desktop,10.0,Delivered,3.0
ORD101467,2025-01-22,C1603,27.0,Female,Cambodia,Siem Reap,2023-05-28,Regular,Social Media,Beauty,1,24.49,10.0,2.99,Cash on Delivery,Mobile,9.0,Delivered,
ORD101366,2024-12-27,C1116,37.0,Female,Philippines,Cebu,2022-03-25,Regular,Paid Ads,Electronics,1,334.51,0.0,0.0,E-Wallet,Desktop,3.0,Delivered,4.0
ORD101083,2024-11-07,C1622,37.0,Female,Thailand,Phuket,2024-01-19,New,Paid Ads,Beauty,2,29.49,15.0,9.99,Bank Transfer,Mobile,6.0,Delivered,3.0
ORD101607,2025-03-12,C1103,42.0,Male,Vietnam,Ho Chi Minh City,2022-04-21,Regular,Social Media,Fashion,1,67.54,0.0,6.99,Bank Transfer,Desktop,3.0,Delivered,4.0
ORD101121,2024-11-14,C1807,20.0,Female,Cambodia,Battambang,2024-03-24,Regular,Social Media,Fashion,3,49.96,10.0,0.0,Bank Transfer,Mobile,9.0,Delivered,2.0
ORD101231,2024-12-05,C1661,34.0,Male,Cambodia,Phnom Penh,2024-02-20,Regular,Organic Search,Electronics,2,372.27,0.0,0.0,Bank Transfer,Tablet,9.0,Delivered,
ORD100926,2024-09-27,C1425,30.0,Female,Malaysia,Johor Bahru,2024-09-26,New,Paid Ads,Sports,4,56.3,0.0,0.0,E-Wallet,Mobile,6.0,Delivered,4.0
ORD100711,2024-08-09,C1359,32.0,Male,Thailand,Bangkok,2024-08-08,Regular,Organic Search,Electronics,1,330.99,25.0,0.0,Credit Card,Mobile,2.0,Delivered,5.0
ORD101293,2024-12-15,C1624,39.0,Male,Malaysia,Kuala Lumpur,2023-10-30,VIP,Organic Search,Beauty,4,26.94,0.0,2.99,PayPal,Desktop,4.0,Delivered,4.0
ORD101137,2024-11-17,C1062,36.0,Male,Vietnam,Hanoi,2022-12-07,New,Referral,Fashion,1,29.3,0.0,6.99,E-Wallet,Mobile,5.0,Delivered,4.0
ORD100887,2024-09-18,C1342,35.0,F,Thailand,Phuket,2023-03-07,VIP,Referral,Books,2,23.74,5.0,9.99,Credit Card,Desktop,9.0,Delivered,
ORD101304,2024-12-17,C1171,39.0,Male,Singapore,Singapore,2023-12-31,Regular,Email,Electronics,2,338.21,5.0,0.0,Credit Card,Desktop,5.0,Delivered,4.0
ORD100010,2024-01-05,C1396,42.0,Female,Thailand,Bangkok,2023-04-08,Regular,Paid Ads,Electronics,1,41.2,10.0,4.99,Bank Transfer,Mobile,7.0,Delivered,4.0
ORD101731,2025-04-22,C1489,41.0,Female,Philippines,Manila,2022-02-04,New,Organic Search,Electronics,1,291.34,0.0,0.0,Credit Card,Mobile,4.0,Delivered,
ORD101313,2024-12-17,C1528,37.0,Female,Cambodia,Battambang,2023-09-28,VIP,Paid Ads,Fashion,2,31.74,5.0,2.99,,Mobile,10.0,Delivered,3.0
ORD100282,2024-04-20,C1832,22.0,Female,Vietnam,Ho Chi Minh City,2024-04-19,VIP,Social Media,Electronics,2,79.38,20.0,0.0,E-Wallet,Mobile,11.0,Delivered,4.0
ORD100810,2024-08-31,C1234,26.0,Female,Cambodia,Sihanoukville,2022-09-25,VIP,Paid Ads,Fashion,1,30.31,10.0,4.99,E-Wallet,Desktop,3.0,Returned,
ORD101116,2024-11-13,C1210,44.0,Male,Thailand,Bangkok,2024-03-04,VIP,Organic Search,Books,1,8.07,25.0,9.99,PayPal,Tablet,4.0,Delivered,
ORD100291,2024-04-21,C1678,38.0,Female,Vietnam,Ho Chi Minh City,2023-06-16,VIP,Organic Search,Fashion,3,27.68,5.0,2.99,Credit Card,Mobile,2.0,Delivered,5.0
ORD100754,2024-08-19,C1373,43.0,Female,Cambodia,Siem Reap,2024-01-25,New,Paid Ads,Beauty,2,36.82,0.0,9.99,Credit Card,Tablet,,Cancelled,
ORD100626,2024-07-18,C1116,37.0,Female,Philippines,,2022-03-25,Regular,Paid Ads,Home & Kitchen,2,3.0,10.0,9.99,Credit Card,Mobile,2.0,Delivered,5.0
ORD101854,2025-05-26,C1023,32.0,Male,Singapore,Singapore,2023-04-22,VIP,Email,Sports,5,63.91,0.0,0.0,Credit Card,Desktop,7.0,Delivered,3.0
ORD101493,2025-01-31,C1030,58.0,Female,Cambodia,Siem Reap,2022-08-04,New,Email,Home & Kitchen,2,155.16,0.0,0.0,E-Wallet,Mobile,10.0,Delivered,
ORD100129,2024-02-23,C1839,30.0,Female,Vietnam,Ho Chi Minh City,2022-11-23,Regular,Social Media,Sports,2,57.64,10.0,9.99,E-Wallet,Mobile,8.0,Delivered,3.0
ORD101494,2025-02-01,C1560,33.0,Female,Singapore,Singapore,2024-04-25,Regular,Organic Search,Home & Kitchen,1,82.56,5.0,9.99,E-Wallet,Tablet,4.0,Delivered,
ORD100843,2024-09-07,C1297,30.0,Female,Singapore,Singapore,2024-03-25,Regular,Email,Home & Kitchen,2,58.01,0.0,2.99,E-Wallet,Mobile,7.0,Delivered,3.0
ORD100323,2024-05-01,C1243,18.0,Female,Indonesia,Jakarta,2022-09-08,Regular,Email,Electronics,2,3.0,15.0,4.99,Bank Transfer,Mobile,9.0,Delivered,
ORD101114,2024-11-13,C1687,50.0,Male,Vietnam,Hanoi,2023-10-20,VIP,Email,Sports,4,86.13,5.0,0.0,Cash on Delivery,Mobile,2.0,Returned,2.0
ORD101034,2024-10-30,C1469,23.0,Male,Indonesia,Surabaya,2022-01-16,VIP,Organic Search,Electronics,2,220.54,10.0,0.0,E-Wallet,Desktop,5.0,Delivered,5.0
ORD101001,2024-10-20,C1650,54.0,Male,Thailand,,2024-01-28,VIP,Social Media,Fashion,1,36.99,0.0,2.99,Credit Card,Mobile,6.0,Delivered,
ORD101907,2025-06-07,C1148,46.0,Male,Vietnam,Ho Chi Minh City,2024-05-24,VIP,Social Media,Toys,1,,0.0,6.99,Cash on Delivery,Desktop,1.0,Delivered,
ORD100900,2024-09-22,C1437,,Male,Cambodia,Phnom Penh,2024-09-07,Regular,Email,Sports,1,113.9,10.0,9.99,Credit Card,Mobile,2.0,Delivered,4.0
ORD100907,2024-09-23,C1550,38.0,Female,Thailand,Phuket,2022-05-30,VIP,Referral,Fashion,1,61.39,10.0,6.99,Bank Transfer,Mobile,11.0,Delivered,2.0
ORD100695,2024-08-05,C1635,31.0,Female,Malaysia,Johor Bahru,2023-07-27,Regular,Paid Ads, Electronics ,3,211.01,10.0,0.0,Bank Transfer,Mobile,1.0,Delivered,
ORD100215,2024-03-30,C1370,34.0,Female,Singapore,Singapore,2023-05-07,Regular,Social Media,Fashion,1,49.62,5.0,2.99,Credit Card,Desktop,2.0,Delivered,4.0
ORD101055,2024-11-03,C1371,49.0,Female,Cambodia,Sihanoukville,2024-03-26,Regular,Paid Ads,Electronics,3,135.67,5.0,0.0,Credit Card,Mobile,1.0,Delivered,4.0
ORD101357,2024-12-26,C1254,31.0,Female,Singapore,Singapore,2022-12-10,VIP,Organic Search,Electronics,2,150.94,0.0,0.0,E-Wallet,Mobile,1.0,Delivered,
ORD101288,2024-12-15,C1457,25.0,Female,Vietnam,Da Nang,2022-06-26,Regular,Organic Search,Fashion,2,45.71,0.0,4.99,E-Wallet,Tablet,8.0,Returned,3.0
ORD100158,2024-03-10,C1506,61.0,Male,Philippines,Cebu,2022-01-24,VIP,Paid Ads,Beauty,4,30.93,20.0,0.0,Bank Transfer,Mobile,2.0,Delivered,
ORD101289,2024-12-15,C1053,30.0,Female,Cambodia,Battambang,2023-09-16,VIP,Paid Ads,Toys,1,14.8,0.0,9.99,Cash on Delivery,Desktop,2.0,Delivered,4.0
ORD101273,2024-12-13,C1523,32.0,Female,Philippines,Davao,2023-02-03,VIP,Email,Sports,1,67.67,20.0,9.99,Cash on Delivery,Mobile,7.0,Delivered,
ORD101829,2025-05-20,C1273,57.0,Female,Philippines,Cebu,2023-03-31,VIP,Paid Ads,Sports,1,31.65,5.0,6.99,Credit Card,Mobile,7.0,Delivered,3.0
ORD100841,2024-09-07,C1464,22.0,Female,Thailand,Chiang Mai,2022-01-11,New,Referral,Fashion,1,26.23,5.0,6.99,E-Wallet,Mobile,7.0,Delivered,4.0
ORD100634,2024-07-19,C1551,40.0,Female,Cambodia,Sihanoukville,2024-07-14,VIP,Paid Ads,Fashion,4,34.24,25.0,0.0,E-Wallet,Desktop,11.0,Delivered,4.0
ORD100516,2024-06-16,C1090,41.0,Female,Cambodia,Sihanoukville,2024-04-24,VIP,Paid Ads,Electronics,1,354.62,5.0,0.0,Cash on Delivery,Mobile,7.0,Delivered,3.0
ORD100944,2024-10-04,C1225,37.0,Male,Vietnam,Ho Chi Minh City,2022-02-27,Regular,Social Media,Electronics,1,286.85,0.0,0.0,Credit Card,Desktop,2.0,Delivered,4.0
ORD101553,2025-02-24,C1792,40.0,Male,Cambodia,Siem Reap,2023-10-25,VIP,Organic Search,Sports,1,55.88,30.0,6.99,E-Wallet,Desktop,,Cancelled,
ORD100597,2024-07-11,C1278,47.0,Female,Cambodia,Battambang,2022-03-13,VIP,Social Media,Books,4,15.06,5.0,6.99,Credit Card,Mobile,2.0,Delivered,3.0
ORD100195,2024-03-24,C1084,21.0,Male,Vietnam,Ho Chi Minh City,2022-08-04,New,Social Media,Beauty,2,22.93,0.0,6.99,E-Wallet,Desktop,2.0,Delivered,5.0
ORD101677,2025-04-03,C1456,46.0,Female,Thailand,Phuket,2024-01-11,VIP,Social Media,Electronics,1,52.57,0.0,6.99,E-Wallet,Mobile,,Cancelled,
ORD100904,2024-09-23,C1835,24.0,Female,Cambodia,Phnom Penh,2023-04-13,New,Referral,Beauty,4,3.0,0.0,6.99,E-Wallet,Mobile,5.0,Delivered,4.0
ORD100410,2024-05-22,C1617,37.0,Female,Vietnam,Ho Chi Minh City,2024-05-21,New,Social Media,Home & Kitchen,1,103.29,0.0,6.99,Credit Card,Mobile,2.0,Delivered,5.0
ORD100096,2024-02-08,C1493,39.0,Female,Vietnam,Ho Chi Minh City,2022-03-16,VIP,Organic Search,Fashion,3,80.64,5.0,0.0,Credit Card,Desktop,10.0,Delivered,3.0
ORD100440,2024-05-30,C1452,55.0,Female,Philippines,Manila,2022-10-27,Regular,Referral,Electronics,1,363.53,0.0,0.0,Bank Transfer,Desktop,3.0,Delivered,2.0
ORD101505,2025-02-04,C1817,37.0,Female,Vietnam,Hanoi,2024-01-25,Regular,Referral,Home & Kitchen,1,62.07,10.0,2.99,Credit Card,Mobile,2.0,Delivered,3.0
ORD100156,2024-03-10,C1451,38.0,Male,Thailand,Bangkok,2022-04-10,VIP,Organic Search,Electronics,1,286.05,15.0,0.0,E-Wallet,Mobile,6.0,Delivered,
ORD100419,2024-05-24,C1440,32.0,Male,Malaysia,Kuala Lumpur,2023-02-07,Regular,Organic Search,Books,3,21.66,20.0,4.99,E-Wallet,Mobile,5.0,Delivered,3.0
ORD101844,2025-05-24,C1165,24.0,Female,Thailand,Chiang Mai,2023-02-26,VIP,Email,Electronics,2,3.0,5.0,9.99,E-Wallet,Desktop,10.0,Delivered,4.0
ORD100477,2024-06-08,C1137,43.0,Female,Singapore,Singapore,2022-02-06,VIP,Social Media,Sports,1,116.24,0.0,2.99,Cash on Delivery,Mobile,10.0,Delivered,
ORD101898,2025-06-04,C1456,46.0,Female,Thailand,Phuket,2024-01-11,VIP,Social Media,Home & Kitchen,1,32.17,5.0,2.99,Bank Transfer,Mobile,8.0,Delivered,3.0
ORD100668,2024-07-30,C1392,29.0,Male,Vietnam,Da Nang,2022-07-28,New,Social Media,Toys,1,49.61,5.0,4.99,Credit Card,Desktop,4.0,Delivered,3.0
ORD101782,2025-05-06,C1022,47.0,Male,Malaysia,Johor Bahru,2022-05-17,VIP,Social Media,Electronics,2,364.46,10.0,0.0,Credit Card,Tablet,2.0,Delivered,
ORD101915,2025-06-08,C1298,18.0,Female,Cambodia,Phnom Penh,2024-07-13,New,Organic Search,Books,1,8.31,15.0,9.99,Bank Transfer,Mobile,6.0,Delivered,4.0
ORD101326,2024-12-20,C1322,47.0,Male,Cambodia,Siem Reap,2023-10-21,VIP,Organic Search,Electronics,2,216.84,0.0,0.0,Bank Transfer,Mobile,9.0,Delivered,3.0
ORD100447,2024-05-31,C1310,47.0,Female,Cambodia,Phnom Penh,2023-05-17,VIP,Email,Electronics,1,214.24,0.0,0.0,Cash on Delivery,Desktop,8.0,Delivered,3.0
ORD100553,2024-06-29,C1832,22.0,Female,Vietnam,Ho Chi Minh City,2024-04-19,VIP,Social Media,Electronics,3,353.9,35.0,0.0,Bank Transfer,Mobile,1.0,Delivered,4.0
ORD100178,2024-03-18,C1792,40.0,Male,Cambodia,Siem Reap,2023-10-25,VIP,Organic Search,Beauty,1,31.72,0.0,9.99,E-Wallet,Desktop,9.0,Delivered,4.0
ORD100390,2024-05-16,C1296,37.0,Male,Cambodia,Siem Reap,2023-04-28,Regular,Organic Search,Fashion,1,111.61,0.0,2.99,Cash on Delivery,Mobile,9.0,Delivered,3.0
ORD100578,2024-07-04,C1423,18.0,Female,Vietnam,Ho Chi Minh City,2023-12-23,Regular,Social Media,Toys,4,12.03,5.0,4.99,Credit Card,Mobile,5.0,Delivered,3.0
ORD101036,2024-10-31,C1809,36.0,Male,Vietnam,Da Nang,2022-07-22,VIP,Organic Search,Fashion,2,68.66,15.0,0.0,E-Wallet,Mobile,4.0,Delivered,4.0
ORD101743,2025-04-25,C1115,28.0,Female,Vietnam,Da Nang,2022-06-13,VIP,Referral,Home & Kitchen,5,58.63,20.0,0.0,E-Wallet,Desktop,1.0,Delivered,4.0
ORD101314,2024-12-18,C1241,33.0,Male,Indonesia,Jakarta,2023-12-12,New,Organic Search,Home & Kitchen,1,125.94,15.0,0.0,E-Wallet,Desktop,1.0,Delivered,
ORD101985,2025-06-26,C1014,,Female,Thailand,Bangkok,2023-11-07,VIP,Organic Search,Sports,1,83.49,30.0,4.99,Cash on Delivery,Desktop,11.0,Delivered,3.0
ORD101492,2025-01-31,C1658,47.0,Female,Thailand,Chiang Mai,2023-09-24,VIP,Email,Fashion,4,30.38,5.0,0.0,Credit Card,Mobile,3.0,Delivered,4.0
ORD100820,2024-09-03,C1092,29.0,Male,Singapore,Singapore,2024-03-13,New,Paid Ads,Electronics,1,131.91,0.0,0.0,Credit Card,Desktop,8.0,Delivered,4.0
ORD101866,2025-05-30,C1768,20.0,Male,Vietnam,Ho Chi Minh City,2022-04-14,Regular,Social Media,Electronics,1,230.36,10.0,0.0,Bank Transfer,Desktop,,Cancelled,
ORD101023,2024-10-28,C1523,32.0,Female,Philippines,Davao,2023-02-03,VIP,Email,Home & Kitchen,1,6.0,5.0,6.99,E-Wallet,Mobile,3.0,Delivered,
ORD101884,2025-06-02,C1828,47.0,Male,Vietnam,Da Nang,2023-03-14,Regular,Organic Search,Fashion,5,3.0,0.0,9.99,,Mobile,2.0,Delivered,5.0
ORD100664,2024-07-28,C1032,28.0,Male,Singapore,Singapore,2024-07-27,New,Social Media,Books,1,20.09,20.0,4.99,Credit Card,Mobile,8.0,Delivered,4.0
ORD100142,2024-02-29,C1339,41.0,Male,Cambodia,Phnom Penh,2024-02-28,New,Organic Search,Sports,1,30.41,20.0,6.99,Credit Card,Mobile,7.0,Delivered,3.0
ORD101549,2025-02-23,C1475,30.0,Female,Vietnam,Hanoi,2023-11-22,VIP,Paid Ads,Fashion,1,84.44,0.0,9.99,Credit Card,Desktop,7.0,Delivered,3.0
ORD100585,2024-07-08,C1781,33.0,Female,Philippines,Cebu,2024-07-05,Regular,Organic Search,Electronics,5,230.25,10.0,0.0,E-Wallet,Desktop,1.0,Delivered,5.0
ORD100864,2024-09-13,C1808,30.0,Male,Cambodia,Battambang,2023-02-07,New,Paid Ads,Toys,2,48.87,30.0,4.99,Credit Card,Mobile,4.0,Delivered,
ORD100421,2024-05-25,C1148,46.0,Male,Vietnam,Ho Chi Minh City,2024-05-24,VIP,Social Media,Sports,3,70.68,20.0,0.0,Credit Card,Mobile,6.0,Delivered,4.0
ORD100636,2024-07-21,C1324,54.0,Female,Philippines,Manila,2023-07-24,VIP,Organic Search,Fashion,3,99.49,15.0,0.0,Bank Transfer,Desktop,5.0,Delivered,4.0
ORD101436,2025-01-12,C1135,23.0,Female,Vietnam,Da Nang,2024-05-06,Regular,Paid Ads,Sports,1,144.39,20.0,0.0,Cash on Delivery,Desktop,1.0,Returned,3.0
ORD100799,2024-08-29,C1342,35.0,Female,Thailand,Phuket,2023-03-07,VIP,Referral,Books,3,24.37,20.0,4.99,E-Wallet,Mobile,4.0,Delivered,4.0
ORD101090,2024-11-08,C1482,35.0,Male,Vietnam,Ho Chi Minh City,2022-05-18,Regular,Organic Search,Home & Kitchen,2,67.64,10.0,0.0,Bank Transfer,Mobile,5.0,Delivered,4.0
ORD100615,2024-07-14,C1457,25.0,Female,Vietnam,Da Nang,2022-06-26,Regular,Organic Search,Electronics,1,145.56,0.0,0.0,Credit Card,Mobile,8.0,Returned,3.0
ORD100294,2024-04-22,C1064,42.0,Male,Singapore,Singapore,2023-11-21,Regular,Social Media,Fashion,2,40.91,0.0,4.99,E-Wallet,Mobile,2.0,Returned,3.0
ORD101292,2024-12-15,C1478,34.0,Male,Cambodia,Siem Reap,2023-01-30,VIP,Paid Ads,Fashion,2,42.86,20.0,2.99,Credit Card,Mobile,10.0,Delivered,
ORD100964,2024-10-10,C1803,38.0,Male,Malaysia,Kuala Lumpur,2023-11-19,Regular,Email,Sports,1,114.59,0.0,2.99,Bank Transfer,Mobile,6.0,Delivered,
ORD101946,2025-06-16,C1237,32.0,Female,Philippines,Cebu,2024-02-13,Regular,Organic Search,Beauty,2,33.85,10.0,4.99,Cash on Delivery,Mobile,9.0,Returned,
ORD100088,2024-02-06,C1325,42.0,Male,Cambodia,Phnom Penh,2024-01-08,Regular,Paid Ads,Toys,1,50.79,0.0,2.99,Bank Transfer,Mobile,1.0,Delivered,
ORD100041,2024-01-18,C1671,37.0,Female,Cambodia,Siem Reap,2023-01-18,VIP,Organic Search,Books,3,22.42,0.0,2.99,Bank Transfer,Desktop,3.0,Delivered,
ORD101843,2025-05-24,C1045,36.0,Female,Indonesia,,2023-04-22,Regular,Organic Search,Beauty,1,21.41,0.0,2.99,PayPal,Mobile,6.0,Delivered,4.0
ORD101978,2025-06-24,C1139,66.0,Male,Philippines,Cebu,2023-11-10,Regular,Email,Sports,1,71.35,15.0,6.99,Credit Card,Desktop,5.0,Delivered,4.0
ORD100131,2024-02-24,C1219,26.0,Male,Vietnam,Hanoi,2022-03-05,Regular,Organic Search,Toys,1,39.87,0.0,2.99,Bank Transfer,Desktop,1.0,Delivered,3.0
ORD101265,2024-12-11,C1588,37.0,Male,Philippines,Manila,2024-03-03,VIP,Paid Ads,Fashion,1,80.6,10.0,2.99,Cash on Delivery,Mobile,4.0,Delivered,
ORD100409,2024-05-22,C1342,35.0,Female,Thailand,Phuket,2023-03-07,VIP,Referral,Fashion,1,54.2,15.0,4.99,Bank Transfer,Mobile,11.0,Returned,3.0
ORD101322,2024-12-19,C1252,53.0,Female,Singapore,Singapore,2024-07-05,New,Organic Search,Electronics,2,444.03,0.0,0.0,Credit Card,Mobile,6.0,Delivered,
ORD101897,2025-06-04,C1687,50.0,Male,Vietnam,Hanoi,2023-10-20,VIP,Email,Home & Kitchen,1,78.48,20.0,6.99,Credit Card,Desktop,,Cancelled,
ORD101817,2025-05-15,C1000,37.0,Male,Indonesia,Jakarta,2023-08-13,Regular,Social Media,Fashion,2,113.03,25.0,0.0,E-Wallet,Desktop,10.0,Delivered,2.0
ORD101531,2025-02-16,C1158,29.0,Male,Thailand,Phuket,2024-09-23,Regular,Organic Search,Fashion,1,3.0,15.0,6.99,Cash on Delivery,Desktop,3.0,Delivered,4.0
ORD100164,2024-03-13,C1550,38.0,Female,Thailand,Phuket,2022-05-30,VIP,Referral,Toys,4,30.32,0.0,0.0,Credit Card,Mobile,5.0,Delivered,4.0
ORD100724,2024-08-12,C1266,36.0,Female,Singapore,Singapore,2022-05-12,Regular,Email,Books,2,38.82,10.0,4.99,Credit Card,Mobile,5.0,Delivered,4.0
ORD100290,2024-04-21,C1577,48.0,Female,Cambodia,Phnom Penh,2023-11-11,Regular,Organic Search,Fashion,3,24.55,0.0,6.99,Credit Card,Tablet,8.0,Delivered,4.0
ORD101912,2025-06-08,C1306,30.0,Female,Vietnam,Ho Chi Minh City,2022-03-07,Regular,Social Media,Home & Kitchen,2,51.13,25.0,2.99,Bank Transfer,Desktop,1.0,Delivered,4.0
ORD101568,2025-02-28,C1210,44.0,Male,Thailand,Bangkok,2024-03-04,VIP,Organic Search,Fashion,1,28.77,0.0,2.99,Bank Transfer,Mobile,9.0,Delivered,
ORD101940,2025-06-14,C1599,18.0,Female,Cambodia,Siem Reap,2024-09-16,Regular,Organic Search,Electronics,1,498.33,5.0,0.0,Credit Card,Mobile,9.0,Delivered,3.0
ORD101043,2024-11-01,C1044,35.0,Female,Cambodia,Battambang,2022-11-27,Regular,Email,Books,1,19.55,0.0,6.99,Credit Card,Tablet,10.0,Delivered,4.0
ORD101389,2024-12-29,C1530,30.0,Male,Thailand,Chiang Mai,2023-03-10,VIP,Social Media,Fashion,2,59.36,20.0,4.99,E-Wallet,Desktop,11.0,Returned,3.0
ORD100778,2024-08-24,C1523,32.0,Female,Philippines,Davao,2023-02-03,VIP,Email,Fashion,5,46.84,15.0,0.0,Credit Card,Mobile,4.0,Delivered,4.0
ORD100839,2024-09-07,C1081,27.0,Female,Singapore,Singapore,2023-11-23,New,Paid Ads,Electronics,3,17.63,0.0,2.99,Credit Card,Tablet,3.0,Delivered,3.0
ORD100348,2024-05-07,C1166,44.0,Female,Vietnam,Ho Chi Minh City,2024-05-06,VIP,Social Media,Fashion,1,3.0,25.0,2.99,E-Wallet,Mobile,6.0,Delivered,4.0
ORD101989,2025-06-26,C1798,45.0,Female,Thailand,Phuket,2022-02-13,VIP,Organic Search,Electronics,2,148.08,5.0,0.0,Bank Transfer,Mobile,8.0,Delivered,2.0
ORD100571,2024-07-03,C1435,27.0,Male,Indonesia,Bandung,2023-01-11,New,Paid Ads,Home & Kitchen,1,80.69,10.0,2.99,E-Wallet,Mobile,7.0,Delivered,
ORD100917,2024-09-25,C1774,34.0,Female,Malaysia,Penang,2023-12-05,VIP,Organic Search,Fashion,3,69.44,0.0,0.0,Credit Card,Desktop,8.0,Delivered,3.0
ORD101233,2024-12-05,C1094,18.0,Male,Cambodia,Battambang,2022-05-07,Regular,Social Media,Beauty,3,43.19,25.0,0.0,Cash on Delivery,Desktop,7.0,Delivered,4.0
ORD101930,2025-06-11,C1403,30.0,Female,Philippines,Davao,2023-12-31,New,Social Media,Fashion,3,3.0,5.0,2.99,Credit Card,Mobile,3.0,Delivered,
ORD101574,2025-03-02,C1101,48.0,Male,Cambodia,Sihanoukville,2023-02-12,VIP,Organic Search,Electronics,2,174.09,20.0,0.0,Credit Card,Mobile,6.0,Delivered,3.0
ORD101624,2025-03-18,C1477,21.0,Female,Philippines,Cebu,2022-09-30,VIP,Social Media,Beauty,1,25.67,0.0,4.99,Credit Card,Mobile,9.0,Delivered,
ORD101344,2024-12-23,C1435,27.0,Male,Indonesia,Bandung,2023-01-11,New,Paid Ads,Beauty,2,39.77,30.0,6.99,Credit Card,Tablet,8.0,Delivered,3.0
ORD101939,2025-06-14,C1775,36.0,Male,Malaysia,Penang,2023-05-05,New,Organic Search,Fashion,1,15.74,15.0,6.99,Credit Card,Mobile,2.0,Delivered,5.0
ORD100136,2024-02-27,C1121,36.0,Female,Cambodia,Phnom Penh,2023-10-04,Regular,Paid Ads,Toys,1,38.65,10.0,2.99,Cash on Delivery,Mobile,8.0,Returned,
ORD100458,2024-06-04,C1226,62.0,Male,Cambodia,Siem Reap,2023-05-22,Regular,Organic Search,Electronics,1,410.58,5.0,0.0,E-Wallet,Desktop,6.0,Delivered,4.0
ORD100375,2024-05-13,C1642,57.0,Male,Thailand,Chiang Mai,2022-08-05,VIP,Paid Ads,Beauty,3,59.76,20.0,0.0,E-Wallet,Desktop,11.0,Delivered,2.0
ORD101510,2025-02-07,C1136,37.0,Male,Thailand,Phuket,2022-10-09,New,Paid Ads,Fashion,2,65.71,5.0,0.0,Credit Card,Mobile,2.0,Delivered,4.0
ORD100333,2024-05-04,C1641,42.0,Male,Vietnam,Ho Chi Minh City,2024-04-29,Regular,Social Media,Beauty,1,4.12,10.0,9.99,Cash on Delivery,Desktop,3.0,Delivered,
ORD101333,2024-12-21,C1556,26.0,Male,Singapore,Singapore,2022-12-07,VIP,Email,Toys,1,30.19,10.0,4.99,E-Wallet,Mobile,1.0,Delivered,5.0
ORD101185,2024-11-26,C1163,25.0,Male,Malaysia,Johor Bahru,2022-10-08,VIP,Referral,Fashion,1,60.39,0.0,6.99,Credit Card,Mobile,4.0,Delivered,4.0
ORD101967,2025-06-20,C1310,47.0,Female,Cambodia,Phnom Penh,2023-05-17,VIP,Email,Electronics,1,350.81,10.0,0.0,Cash on Delivery,Desktop,5.0,Delivered,3.0
ORD101799,2025-05-10,C1625,28.0,Male,Thailand,Bangkok,2023-08-10,Regular,Paid Ads,Electronics,2,13.62,30.0,2.99,E-Wallet,Mobile,,Cancelled,
ORD101488,2025-01-30,C1501,44.0,Male,Vietnam,Hanoi,2023-06-04,VIP,Paid Ads,Toys,1,24.02,0.0,2.99,E-Wallet,Mobile,10.0,Delivered,
ORD100816,2024-09-01,C1667,39.0,Female,Singapore,Singapore,2023-06-12,New,Social Media,Beauty,1,3.0,10.0,6.99,Cash on Delivery,Mobile,7.0,Delivered,3.0
ORD101937,2025-06-14,C1543,32.0,Male,Vietnam,Hanoi,2023-07-29,VIP,Email,Sports,1,34.72,0.0,9.99,Credit Card,Mobile,1.0,Delivered,
ORD100605,2024-07-12,C1700,46.0,Male,Thailand,Chiang Mai,2022-08-25,VIP,Organic Search,Toys,2,47.33,0.0,4.99,E-Wallet,Mobile,8.0,Delivered,3.0
ORD101992,2025-06-28,C1033,25.0,Male,Vietnam,Hanoi,2024-01-24,VIP,Organic Search,Electronics,1,153.7,0.0,0.0,E-Wallet,Desktop,1.0,Returned,
ORD101758,2025-04-29,C1742,23.0,Male,Vietnam,Hanoi,2023-04-11,Regular,Paid Ads,Fashion,1,63.02,15.0,6.99,Credit Card,Mobile,3.0,Delivered,
ORD101041,2024-11-01,C1489,41.0,Female,Philippines,Manila,2022-02-04,New,Organic Search,Fashion,1,41.42,10.0,6.99,Bank Transfer,Mobile,7.0,Returned,2.0
ORD100910,2024-09-24,C1158,29.0,Male,Thailand,Phuket,2024-09-23,Regular,Organic Search,Fashion,1,31.13,0.0,9.99,PayPal,Mobile,5.0,Delivered,
ORD101274,2024-12-13,C1232,37.0,Female,Malaysia,Penang,2023-06-28,VIP,Social Media,Home & Kitchen,1,39.01,120.0,4.99,Cash on Delivery,Mobile,5.0,Delivered,2.0
ORD101974,2025-06-22,C1804,48.0,Male,Cambodia,Siem Reap,2023-10-13,VIP,Social Media,Electronics,1,109.75,0.0,2.99,Cash on Delivery,Tablet,11.0,Delivered,3.0
ORD101151,2024-11-20,C1405,31.0,Female,Cambodia,Phnom Penh,2023-04-03,New,Paid Ads,Electronics,2,353.83,20.0,0.0,Credit Card,Mobile,10.0,Delivered,3.0
ORD100328,2024-05-03,C1396,42.0,Female,Thailand,Bangkok,2023-04-08,Regular,Paid Ads,Electronics,3,291.57,20.0,0.0,E-Wallet,Desktop,2.0,Delivered,
ORD101058,2024-11-04,C1046,44.0,Female,Philippines,Cebu,2022-07-15,New,Email,Beauty,1,33.33,0.0,6.99,Credit Card,Desktop,7.0,Delivered,3.0
ORD100318,2024-04-29,C1664,33.0,Male,Philippines,Manila,2023-12-26,VIP,Social Media,Home & Kitchen,2,27.59,15.0,6.99,Bank Transfer,Tablet,,Cancelled,
ORD101562,2025-02-26,C1588,37.0,Male,Philippines,Manila,2024-03-03,VIP,Paid Ads,Fashion,2,38.24,15.0,4.99,Credit Card,Mobile,,Cancelled,
ORD101386,2024-12-29,C1166,44.0,Female,Vietnam,Ho Chi Minh City,2024-05-06,VIP,Social Media,Books,1,32.85,0.0,4.99,Credit Card,Mobile,3.0,Delivered,4.0
ORD101771,2025-05-04,C1784,34.0,Female,Vietnam,Hanoi,2023-04-17,VIP,Organic Search,Books,1,8.89,5.0,9.99,E-Wallet,Mobile,5.0,Delivered,3.0
ORD100167,2024-03-14,C1290,31.0,Male,Indonesia,Surabaya,2022-07-16,Regular,Social Media,Books,1,15.05,0.0,6.99,Cash on Delivery,Desktop,8.0,Delivered,2.0
ORD100012,2024-01-06,C1831,51.0,M,Cambodia,Battambang,2023-01-08,New,Organic Search,Fashion,1,41.88,0.0,9.99,Cash on Delivery,Desktop,9.0,Delivered,3.0
ORD101971,2025-06-22,C1502,26.0,Male,Philippines,Cebu,2023-04-09,VIP,Paid Ads,Fashion,1,44.4,10.0,6.99,Cash on Delivery,Mobile,11.0,Delivered,3.0
ORD100171,2024-03-15,C1581,21.0,Male,Thailand,Bangkok,2022-02-27,VIP,Paid Ads,Electronics,1,235.66,15.0,0.0,Credit Card,Mobile,3.0,Returned,2.0
ORD100649,2024-07-24,C1453,57.0,Male,Cambodia,Battambang,2022-02-10,VIP,Email,Fashion,1,34.97,15.0,4.99,E-Wallet,Mobile,7.0,Delivered,4.0
ORD101085,2024-11-07,C1177,36.0,Female,Thailand,Phuket,2023-03-06,Regular,Email,Home & Kitchen,1,73.1,5.0,9.99,Bank Transfer,Mobile,5.0,Returned,
ORD100260,2024-04-14,C1357,37.0,Female,Vietnam,Ho Chi Minh City,2023-02-02,New,Social Media,Toys,3,37.1,0.0,4.99,E-Wallet,Mobile,7.0,Delivered,
ORD101239,2024-12-06,C1591,37.0,Female,Vietnam,Ho Chi Minh City,2023-09-25,New,Social Media,Home & Kitchen,1,41.84,15.0,9.99,Credit Card,Desktop,5.0,Delivered,4.0
ORD101756,2025-04-28,C1669,18.0,Female,Cambodia,Battambang,2023-02-03,VIP,Email,Home & Kitchen,4,68.75,15.0,0.0,E-Wallet,Mobile,3.0,Delivered,
ORD100901,2024-09-22,C1477,21.0,Female,Philippines,Cebu,2022-09-30,VIP,Social Media,Sports,2,74.53,5.0,0.0,Credit Card,Desktop,1.0,Delivered,
ORD100672,2024-07-31,C1573,24.0,Male,Cambodia,Sihanoukville,2023-04-18,VIP,Paid Ads,Toys,2,41.81,0.0,6.99,Bank Transfer,Desktop,9.0,Delivered,4.0
ORD100258,2024-04-14,C1690,37.0,Male,Singapore,Singapore,2022-08-16,Regular,Organic Search,Electronics,2,351.09,0.0,0.0,Bank Transfer,Mobile,6.0,Delivered,
ORD101538,2025-02-19,C1814,27.0,Female,Philippines,Manila,2022-07-24,New,Email,Fashion,1,35.99,20.0,6.99,Credit Card,Desktop,10.0,Returned,2.0
ORD100844,2024-09-07,C1033,25.0,Male,Vietnam,Hanoi,2024-01-24,VIP,Organic Search,Electronics,1,235.16,0.0,0.0,E-Wallet,Mobile,,Cancelled,
ORD100867,2024-09-14,C1327,33.0,Male,Singapore,Singapore,2023-07-03,Regular,Organic Search,Beauty,1,38.66,5.0,2.99,PayPal,Desktop,2.0,Delivered,
ORD101220,2024-12-03,C1767,28.0,Male,Philippines,Manila,2022-09-09,Regular,Social Media,Toys,1,33.26,10.0,4.99,E-Wallet,Mobile,9.0,Delivered,5.0
ORD100138,2024-02-28,C1654,40.0,Female,Cambodia,Sihanoukville,2024-02-27,Regular,Social Media,Fashion,1,17.01,5.0,9.99,E-Wallet,Mobile,2.0,Delivered,
ORD100893,2024-09-20,C1148,46.0,Male,Vietnam,Ho Chi Minh City,2024-05-24,VIP,Social Media,Toys,1,44.76,10.0,9.99,Credit Card,Desktop,9.0,Delivered,3.0
ORD101879,2025-06-01,C1324,54.0,Female,Philippines,Manila,2023-07-24,VIP,Organic Search,Sports,4,41.22,0.0,0.0,E-Wallet,Tablet,1.0,Delivered,4.0
ORD100549,2024-06-28,C1795,33.0,Female,Philippines,Davao,2023-10-01,Regular,Organic Search,Home & Kitchen,2,61.0,0.0,0.0,E-Wallet,Mobile,3.0,Delivered,4.0
ORD100319,2024-04-30,C1805,46.0,Female,Cambodia,Sihanoukville,2024-04-20,VIP,Paid Ads,Sports,1,48.75,10.0,4.99,Cash on Delivery,Mobile,3.0,Delivered,3.0
ORD101559,2025-02-26,C1335,21.0,Female,Vietnam,Da Nang,2022-01-17,Regular,Email,Toys,1,61.49,30.0,9.99,E-Wallet,Mobile,5.0,Delivered,
ORD101262,2024-12-11,C1627,49.0,Male,Cambodia,Siem Reap,2022-04-12,Regular,Email,Books,2,29.21,0.0,2.99,Bank Transfer,Mobile,11.0,Delivered,3.0
ORD101455,2025-01-18,C1363,22.0,Female,Vietnam,,2023-12-13,Regular,Referral,Electronics,2,173.84,25.0,0.0,E-Wallet,Mobile,5.0,Returned,
ORD100558,2024-06-30,C1222,36.0,Male,Singapore,Singapore,2022-12-11,VIP,Referral,Sports,1,3.0,0.0,9.99,Bank Transfer,Mobile,1.0,Delivered,5.0
ORD100139,2024-02-28,C1273,57.0,F,Philippines,Cebu,2023-03-31,VIP,Paid Ads,Fashion,2,3.0,10.0,6.99,Bank Transfer,Tablet,,Cancelled,
ORD101773,2025-05-04,C1809,36.0,Male,Vietnam,Da Nang,2022-07-22,VIP,Organic Search,Fashion,1,80.71,5.0,9.99,Credit Card,Mobile,1.0,Delivered,5.0
ORD100531,2024-06-20,C1614,25.0,Male,Cambodia,Battambang,2023-01-23,VIP,Social Media,Sports,1,46.52,15.0,2.99,E-Wallet,Mobile,1.0,Delivered,4.0
ORD100224,2024-04-01,C1529,51.0,Female,Cambodia,Sihanoukville,2022-12-16,Regular,Social Media,Sports,1,19.12,10.0,2.99,PayPal,Mobile,2.0,Delivered,
ORD100723,2024-08-12,C1588,37.0,Male,Philippines,Manila,2024-03-03,VIP,Paid Ads,Fashion,4,49.6,20.0,0.0,Credit Card,Mobile,6.0,Delivered,4.0
ORD101754,2025-04-28,C1244,57.0,Female,Vietnam,Ho Chi Minh City,2022-09-17,VIP,Organic Search,Fashion,3,32.94,0.0,2.99,Bank Transfer,Mobile,10.0,Delivered,
ORD100325,2024-05-01,C1221,37.0,Female,Malaysia,Johor Bahru,2024-04-30,Regular,Social Media,Beauty,1,51.52,5.0,6.99,E-Wallet,Mobile,9.0,Delivered,4.0
ORD101289,2024-12-15,C1053,30.0,Female,Cambodia,Battambang,2023-09-16,VIP,Paid Ads,Toys,1,14.8,0.0,9.99,Cash on Delivery,Desktop,2.0,Delivered,4.0
ORD100714,2024-08-09,C1647,18.0,Female,Cambodia,Sihanoukville,2022-12-29,Regular,Organic Search,Electronics,1,225.2,25.0,0.0,E-Wallet,Mobile,4.0,Delivered,5.0
ORD100846,2024-09-08,C1250,30.0,Male,Vietnam,Hanoi,2022-11-13,VIP,Organic Search,Books,1,14.84,0.0,6.99,Credit Card,Mobile,9.0,Returned,
ORD100193,2024-03-23,C1455,36.0,Male,Thailand,Chiang Mai,2023-08-31,VIP,Organic Search,Books,1,14.08,0.0,9.99,Bank Transfer,Desktop,6.0,Delivered,
ORD100573,2024-07-03,C1816,30.0,Male,Malaysia,Kuala Lumpur,2023-12-28,VIP,Paid Ads,Beauty,1,28.12,5.0,4.99,Credit Card,Mobile,5.0,Returned,
ORD100946,2024-10-05,C1667,39.0,Female,Singapore,Singapore,2023-06-12,New,Social Media,Toys,2,15.9,0.0,9.99,E-Wallet,Mobile,8.0,Delivered,4.0
ORD100503,2024-06-13,C1329,28.0,Male,Malaysia,Penang,2022-02-14,VIP,Social Media,Books,1,24.5,10.0,2.99,Credit Card,Mobile,8.0,Delivered,3.0
ORD101198,2024-11-27,C1088,39.0,Female,Vietnam,Hanoi,2023-04-09,New,Email,Home & Kitchen,2,122.85,25.0,0.0,Credit Card,Tablet,6.0,Delivered,
ORD101189,2024-11-26,C1377,18.0,Male,Thailand,Chiang Mai,2023-05-18,VIP,Social Media,Sports,3,78.95,10.0,0.0,PayPal,Mobile,2.0,Delivered,
ORD101827,2025-05-19,C1440,32.0,Male,Malaysia,Kuala Lumpur,2023-02-07,Regular,Organic Search,Sports,1,75.99,10.0,4.99,,Desktop,6.0,Delivered,4.0
ORD100003,2024-01-02,C1570,18.0,Female,Thailand,Chiang Mai,2022-08-14,Regular,Organic Search,Electronics,1,93.64,0.0,4.99,Credit Card,Mobile,2.0,Delivered,
ORD101175,2024-11-24,C1278,47.0,Female,Cambodia,Battambang,2022-03-13,VIP,Social Media,Electronics,2,218.12,5.0,0.0,E-Wallet,Desktop,8.0,Delivered,
ORD100467,2024-06-06,C1650,54.0,Male,Thailand,Chiang Mai,2024-01-28,VIP,Social Media,Electronics,2,437.67,5.0,0.0,E-Wallet,Mobile,9.0,Delivered,
ORD100005,2024-01-03,C1538,18.0,Male,Vietnam,Ho Chi Minh City,2023-06-04,Regular,Organic Search,Home & Kitchen,1,100.6,0.0,2.99,Credit Card,Mobile,10.0,Delivered,3.0
ORD101403,2025-01-02,C1174,20.0,Female,Cambodia,Siem Reap,2023-12-29,VIP,Organic Search,Fashion,3,58.98,0.0,0.0,Credit Card,Mobile,2.0,Delivered,
ORD100547,2024-06-27,C1315,,Male,Thailand,Phuket,2024-04-08,Regular,Organic Search,Electronics,4,35.65,0.0,0.0,E-Wallet,Desktop,3.0,Delivered,
ORD100228,2024-04-03,C1091,33.0,Female,Singapore,Singapore,2023-07-05,New,Social Media,Beauty,4,18.35,15.0,6.99,E-Wallet,Mobile,7.0,Delivered,
ORD100542,2024-06-25,C1251,38.0,Female,Cambodia,Phnom Penh,2023-02-07,Regular,Social Media,Home & Kitchen,2,26.92,10.0,2.99,Cash on Delivery,Mobile,11.0,Delivered,4.0
ORD100242,2024-04-08,C1321,32.0,Male,Thailand,Phuket,2023-06-22,VIP,Email,Fashion,3,43.1,0.0,0.0,Credit Card,Mobile,11.0,Delivered,4.0
ORD100898,2024-09-21,C1105,32.0,Female,Thailand,Chiang Mai,2024-09-20,New,Organic Search,Fashion,1,51.9,0.0,4.99,Credit Card,Mobile,2.0,Returned,4.0
ORD101159,2024-11-21,C1002,42.0,Male,Thailand,Phuket,2024-05-07,Regular,Email,Home & Kitchen,4,119.04,10.0,0.0,Credit Card,Mobile,8.0,Delivered,3.0
ORD101330,2024-12-20,C1328,21.0,Male,Cambodia,Sihanoukville,2023-12-11,New,Organic Search,Electronics,2,6.47,20.0,4.99,E-Wallet,Desktop,7.0,Delivered,3.0
ORD101110,2024-11-13,C1047,36.0,Male,Philippines,Davao,2022-06-28,VIP,Organic Search,Fashion,2,45.07,5.0,9.99,Credit Card,Mobile,2.0,Delivered,
ORD100842,2024-09-07,C1237,32.0,Female,Philippines,Cebu,2024-02-13,Regular,Organic Search,Beauty,4,21.98,20.0,4.99,Credit Card,Tablet,5.0,Delivered,2.0
ORD101448,2025-01-16,C1007,31.0,Male,Malaysia,,2022-04-16,VIP,Paid Ads,Sports,3,102.26,5.0,0.0,Bank Transfer,Mobile,4.0,Delivered,4.0
ORD101916,2025-06-08,C1597,43.0,Female,Philippines,Cebu,2022-05-23,Regular,Referral,Electronics,3,47.86,5.0,0.0,Credit Card,Desktop,8.0,Delivered,4.0
ORD100374,2024-05-13,C1325,42.0,Male,Cambodia,Phnom Penh,2024-01-08,Regular,Paid Ads,Electronics,2,86.21,0.0,0.0,Credit Card,Mobile,5.0,Delivered,
ORD100661,2024-07-27,C1023,32.0,Male,Singapore,Singapore,2023-04-22,VIP,Email,Electronics,2,159.62,0.0,0.0,E-Wallet,Mobile,8.0,Returned,1.0
ORD101284,2024-12-14,C1402,43.0,Female,Cambodia,Phnom Penh,2023-02-13,Regular,Social Media,Electronics,3,432.82,10.0,0.0,Credit Card,Mobile,4.0,Delivered,4.0
ORD100314,2024-04-28,C1605,40.0,Male,Singapore,Singapore,2022-09-07,New,Organic Search,Sports,1,13.25,15.0,6.99,Cash on Delivery,Tablet,2.0,Delivered,4.0
ORD100691,2024-08-04,C1451,38.0,Male,Thailand,Bangkok,2022-04-10,VIP,Organic Search,Electronics,1,419.0,0.0,0.0,Credit Card,Desktop,11.0,Delivered,3.0
ORD101536,2025-02-18,C1220,32.0,Female,Malaysia,,2022-07-13,Regular,Organic Search,Toys,1,36.68,0.0,4.99,Credit Card,Mobile,9.0,Delivered,4.0
ORD100424,2024-05-25,C1295,36.0,Female,Cambodia,Sihanoukville,2022-07-14,VIP,Paid Ads,fashion,1,65.24,5.0,2.99,Credit Card,Desktop,9.0,Returned,2.0
ORD100594,2024-07-11,C1148,46.0,Male,Vietnam,Ho Chi Minh City,2024-05-24,VIP,Social Media,Toys,1,9.98,15.0,9.99,Credit Card,Desktop,3.0,Delivered,4.0
ORD100065,2024-01-26,C1566,32.0,Male,Malaysia,Kuala Lumpur,2023-01-29,VIP,Organic Search,Fashion,1,76.43,15.0,6.99,Credit Card,Desktop,2.0,Delivered,5.0
ORD100622,2024-07-16,C1249,21.0,Female,Thailand,Chiang Mai,2022-06-10,New,Social Media,Fashion,1,20.27,15.0,4.99,E-Wallet,Desktop,2.0,Delivered,
ORD101196,2024-11-26,C1411,18.0,Male,Cambodia,Battambang,2022-07-25,VIP,Referral,Home & Kitchen,1,10.25,10.0,6.99,,Mobile,8.0,Delivered,
ORD101433,2025-01-10,C1341,37.0,Female,Malaysia,Johor Bahru,2023-05-04,Regular,Paid Ads,Beauty,1,16.43,0.0,4.99,Credit Card,Desktop,9.0,Delivered,2.0
ORD100227,2024-04-03,C1494,31.0,Female,Singapore,Singapore,2024-03-16,VIP,Referral,Beauty,2,21.6,0.0,2.99,E-Wallet,Desktop,4.0,Delivered,5.0
ORD101684,2025-04-06,C1682,48.0,Female,Vietnam,Ho Chi Minh City,2023-08-19,New,Email, Fashion ,3,59.4,0.0,0.0,Bank Transfer,Tablet,6.0,Delivered,3.0
ORD101358,2024-12-26,C1616,42.0,Male,Vietnam,Hanoi,2024-07-30,VIP,Organic Search,Books,1,12.07,25.0,4.99,Bank Transfer,Mobile,,Cancelled,
ORD101457,2025-01-18,C1559,24.0,Male,Vietnam,Hanoi,2022-05-08,Regular,Email,Toys,1,40.11,15.0,9.99,Credit Card,Mobile,3.0,Delivered,
ORD100066,2024-01-27,C1093,33.0,Female,Singapore,Singapore,2023-03-29,New,Organic Search,Fashion,1,57.2,10.0,6.99,Credit Card,Tablet,8.0,Delivered,
ORD100024,2024-01-13,C1484,33.0,Female,Cambodia,Sihanoukville,2023-10-18,Regular,Social Media,Home & Kitchen,3,132.8,0.0,0.0,Credit Card,Desktop,2.0,Delivered,
ORD100144,2024-03-01,C1209,30.0,Male,Thailand,Bangkok,2023-04-16,Regular,Organic Search,Beauty,4,33.05,0.0,0.0,Credit Card,Desktop,4.0,Delivered,3.0
ORD100536,2024-06-22,C1021,27.0,Female,Cambodia,Battambang,2023-08-06,Regular,Organic Search,Beauty,3,22.5,10.0,4.99,E-Wallet,Desktop,8.0,Returned,2.0
ORD100811,2024-08-31,C1193,50.0,Male,Thailand,Chiang Mai,2024-02-03,New,Social Media,Toys,3,86.05,0.0,0.0,E-Wallet,Desktop,7.0,Delivered,4.0
ORD101851,2025-05-25,C1701,31.0,Male,Vietnam,Ho Chi Minh City,2023-03-09,Regular,Email,Sports,2,134.49,10.0,0.0,Cash on Delivery,Tablet,9.0,Delivered,3.0
ORD100085,2024-02-04,C1767,,Male,Philippines,Manila,2022-09-09,Regular,Social Media,Beauty,4,12.35,5.0,2.99,Credit Card,Mobile,4.0,Delivered,2.0
ORD101359,2024-12-26,C1699,32.0,Male,Indonesia,Jakarta,2024-07-27,Regular,Organic Search,Electronics,2,111.19,10.0,0.0,PayPal,Mobile,6.0,Delivered,
ORD101356,2024-12-26,C1016,38.0,Female,Cambodia,Sihanoukville,2023-04-13,VIP,Referral,Home & Kitchen,1,50.17,0.0,4.99,Credit Card,Tablet,1.0,Returned,4.0
ORD101094,2024-11-08,C1257,30.0,Male,Vietnam,Da Nang,2024-06-03,New,Referral,Electronics,1,111.78,0.0,4.99,Credit Card,Mobile,1.0,Delivered,5.0
ORD101846,2025-05-24,C1567,27.0,Male,Vietnam,Ho Chi Minh City,2023-10-03,Regular,Social Media,Fashion,2,32.46,30.0,6.99,Bank Transfer,Tablet,5.0,Delivered,
ORD101859,2025-05-28,C1096,19.0,Male,Thailand,Bangkok,2022-05-05,Regular,Email,Home & Kitchen,4,3.0,20.0,4.99,Cash on Delivery,Mobile,11.0,Delivered,
ORD101401,2025-01-01,C1154,33.0,Male,Philippines,Davao,2024-01-31,New,Organic Search,Toys,1,27.8,10.0,9.99,E-Wallet,Desktop,6.0,Delivered,
ORD101170,2024-11-23,C1232,37.0,Female,Malaysia,Penang,2023-06-28,VIP,Social Media,Books,1,21.67,5.0,6.99,Bank Transfer,Mobile,,Cancelled,
ORD100362,2024-05-10,C1099,24.0,Female,Thailand,Phuket,2024-03-02,New,Social Media,Home & Kitchen,1,97.01,5.0,4.99,Bank Transfer,Mobile,1.0,Delivered,4.0
ORD101645,2025-03-25,C1728,21.0,Male,Indonesia,Surabaya,2023-09-14,New,Organic Search,Sports,1,3.0,0.0,6.99,Credit Card,Desktop,2.0,Returned,4.0
ORD101178,2024-11-25,C1069,,Male,Malaysia,Johor Bahru,2023-07-02,Regular,Social Media,Books,1,24.15,0.0,6.99,PayPal,Desktop,5.0,Delivered,
ORD101026,2024-10-29,C1128,27.0,Female,Cambodia,Sihanoukville,2022-10-01,Regular,Referral,Sports,1,30.06,15.0,2.99,Credit Card,Mobile,9.0,Delivered,3.0
ORD101030,2024-10-30,C1441,38.0,Female,Malaysia,Johor Bahru,2024-04-18,Regular,Organic Search,Beauty,1,15.54,0.0,9.99,PayPal,Desktop,1.0,Delivered,4.0
ORD101309,2024-12-17,C1415,36.0,Female,Thailand,Bangkok,2023-01-23,VIP,Organic Search,Electronics,1,64.04,10.0,4.99,Credit Card,Mobile,5.0,Delivered,4.0
ORD101804,2025-05-11,C1524,49.0,Female,Cambodia,Phnom Penh,2022-08-26,Regular,Organic Search,Fashion,2,95.74,10.0,0.0,Credit Card,Mobile,3.0,Delivered,5.0
ORD101117,2024-11-14,C1121,36.0,Female,Cambodia,Phnom Penh,2023-10-04,Regular,Paid Ads,Fashion,5,19.08,0.0,6.99,E-Wallet,Desktop,2.0,Delivered,
ORD100665,2024-07-29,C1639,40.0,Female,Malaysia,Penang,2022-07-10,VIP,Email,Beauty,1,37.92,0.0,4.99,Cash on Delivery,Mobile,1.0,Delivered,4.0
ORD100364,2024-05-10,C1813,28.0,Female,Cambodia,Battambang,2022-03-19,Regular,Organic Search,Electronics,2,92.33,10.0,0.0,E-Wallet,Mobile,5.0,Delivered,4.0
ORD100077,2024-02-01,C1299,38.0,Male,Cambodia,Phnom Penh,2022-08-01,VIP,Paid Ads,Home & Kitchen,2,148.22,10.0,0.0,Credit Card,Tablet,2.0,Delivered,5.0
ORD100027,2024-01-14,C1638,,Female,Cambodia,Sihanoukville,2023-04-20,VIP,Social Media,Toys,1,22.8,5.0,6.99,E-Wallet,Mobile,3.0,Delivered,
ORD101466,2025-01-21,C1152,18.0,Male,Vietnam,Hanoi,2022-02-16,Regular,Email,Electronics,2,196.65,15.0,0.0,Bank Transfer,Desktop,,Cancelled,
ORD100525,2024-06-19,C1491,38.0,Female,Cambodia,,2023-01-06,Regular,Social Media,Electronics,3,220.05,5.0,0.0,Credit Card,Tablet,8.0,Returned,2.0
ORD101876,2025-06-01,C1117,34.0,Male,Vietnam,Hanoi,2023-03-14,Regular,Social Media,Fashion,2,6.03,5.0,9.99,Credit Card,Tablet,5.0,Delivered,5.0
ORD100055,2024-01-23,C1004,18.0,Female,Thailand,Bangkok,2022-08-06,Regular,Referral,Fashion,1,3.41,0.0,2.99,Cash on Delivery,Desktop,5.0,Delivered,4.0
ORD100638,2024-07-21,C1550,38.0,Female,Thailand,Phuket,2022-05-30,VIP,Referral,Electronics,2,212.13,35.0,0.0,Credit Card,Mobile,6.0,Delivered,
ORD100302,2024-04-24,C1210,44.0,Male,Thailand,Bangkok,2024-03-04,VIP,Organic Search,Toys,3,39.72,10.0,4.99,,Desktop,10.0,Delivered,3.0
ORD100718,2024-08-10,C1149,36.0,Male,Indonesia,Jakarta,2023-12-18,VIP,Social Media,Electronics,1,85.61,5.0,6.99,E-Wallet,Tablet,8.0,Delivered,
ORD100624,2024-07-16,C1639,40.0,Female,Malaysia,Penang,2022-07-10,VIP,Email,Electronics,1,224.82,0.0,0.0,Cash on Delivery,Desktop,1.0,Delivered,
ORD100007,2024-01-05,C1365,50.0,Female,Cambodia,Sihanoukville,2022-12-17,Regular,Email,Beauty,2,72.23,25.0,0.0,Credit Card,Mobile,8.0,Delivered,5.0
ORD100803,2024-08-30,C1170,27.0,Male,Thailand,Chiang Mai,2023-04-17,New,Social Media,Books,2,10.57,0.0,6.99,Credit Card,Mobile,6.0,Delivered,5.0
ORD101049,2024-11-02,C1459,34.0,Female,Cambodia,Battambang,2023-11-08,Regular,Paid Ads,Electronics,1,136.68,0.0,0.0,Bank Transfer,Mobile,1.0,Delivered,4.0
ORD100336,2024-05-05,C1772,37.0,Female,Malaysia,Penang,2024-05-04,New,Organic Search,Beauty,1,12.53,0.0,4.99,Credit Card,Mobile,3.0,Delivered,
ORD100047,2024-01-20,C1428,19.0,Female,Philippines,Manila,2023-07-07,Regular,Organic Search,Home & Kitchen,1,75.41,15.0,9.99,E-Wallet,Tablet,2.0,Delivered,
ORD101512,2025-02-07,C1347,40.0,Female,Cambodia,Battambang,2024-02-11,Regular,Social Media,Electronics,1,210.24,15.0,0.0,E-Wallet,Desktop,10.0,Delivered,3.0
ORD100106,2024-02-13,C1163,25.0,Male,Malaysia,Johor Bahru,2022-10-08,VIP,Referral,Books,1,11.21,25.0,6.99,E-Wallet,Desktop,7.0,Delivered,4.0
ORD100349,2024-05-07,C1135,23.0,Female,Vietnam,Da Nang,2024-05-06,Regular,Paid Ads,Fashion,1,80.79,0.0,6.99,E-Wallet,Desktop,4.0,Delivered,5.0
ORD101079,2024-11-07,C1480,36.0,Female,Singapore,Singapore,2022-10-29,Regular,Paid Ads,Fashion,1,28.32,0.0,4.99,Bank Transfer,Mobile,4.0,Delivered,
ORD100238,2024-04-06,C1700,46.0,Male,Thailand,Chiang Mai,2022-08-25,VIP,Organic Search,Fashion,3,45.78,10.0,0.0,Credit Card,Mobile,10.0,Returned,
ORD100213,2024-03-30,C1478,34.0,Male,Cambodia,Siem Reap,2023-01-30,VIP,Paid Ads,Toys,1,52.31,0.0,6.99,Credit Card,Mobile,3.0,Delivered,
ORD101333,2024-12-21,C1556,26.0,Male,Singapore,Singapore,2022-12-07,VIP,Email,Toys,1,30.19,10.0,4.99,E-Wallet,Mobile,1.0,Delivered,5.0
ORD101164,2024-11-22,C1114,35.0,Female,Vietnam,Da Nang,2023-03-31,Regular,Paid Ads,Electronics,2,149.4,0.0,0.0,Credit Card,Mobile,4.0,Delivered,
ORD100793,2024-08-27,C1630,52.0,Female,Singapore,Singapore,2023-01-25,Regular,Organic Search,Beauty,1,34.26,0.0,2.99,E-Wallet,Mobile,7.0,Returned,3.0
ORD101096,2024-11-08,C1729,22.0,Female,Cambodia,Phnom Penh,2023-07-28,New,Social Media,Electronics,2,186.2,25.0,0.0,E-Wallet,Mobile,3.0,Delivered,5.0
ORD101318,2024-12-19,C1577,48.0,Female,Cambodia,Phnom Penh,2023-11-11,Regular,Organic Search,Sports,3,45.55,15.0,0.0,Bank Transfer,Mobile,7.0,Delivered,4.0
ORD101547,2025-02-22,C1377,18.0,Male,Thailand,Chiang Mai,2023-05-18,VIP,Social Media,Home & Kitchen,2,80.04,5.0,0.0,Credit Card,Mobile,8.0,Delivered,3.0
ORD101615,2025-03-14,C1446,46.0,Male,Thailand,Bangkok,2024-02-26,VIP,Social Media,Home & Kitchen,1,37.9,5.0,2.99,Bank Transfer,Desktop,3.0,Delivered,4.0
ORD101708,2025-04-13,C1322,47.0,Male,Cambodia,Siem Reap,2023-10-21,VIP,Organic Search,Beauty,2,7.44,10.0,6.99,Cash on Delivery,Desktop,8.0,Delivered,3.0
ORD100523,2024-06-19,C1742,23.0,Male,Vietnam,Hanoi,2023-04-11,Regular,Paid Ads,Beauty,1,34.01,0.0,9.99,Bank Transfer,Desktop,2.0,Returned,2.0
ORD100232,2024-04-05,C1580,18.0,Male,Vietnam,Ho Chi Minh City,2023-04-26,Regular,Paid Ads,Electronics,1,124.52,5.0,0.0,Cash on Delivery,Desktop,9.0,Delivered,
ORD100644,2024-07-23,C1222,36.0,Male,Singapore,Singapore,2022-12-11,VIP,Referral,Fashion,4,3.0,5.0,4.99,E-Wallet,Mobile,2.0,Delivered,3.0
ORD101540,2025-02-20,C1109,18.0,Male,Vietnam,Hanoi,2022-10-16,Regular,Social Media,Fashion,1,73.64,5.0,9.99,Bank Transfer,Mobile,,Cancelled,
ORD100533,2024-06-21,C1101,48.0,Male,Cambodia,Sihanoukville,2023-02-12,VIP,Organic Search,Fashion,3,46.56,5.0,0.0,PayPal,Mobile,5.0,Delivered,3.0
ORD101541,2025-02-21,C1524,49.0,Female,Cambodia,Phnom Penh,2022-08-26,Regular,Organic Search,Fashion,1,104.02,5.0,4.99,Credit Card,Mobile,10.0,Delivered,4.0
ORD100603,2024-07-11,C1003,44.0,Male,Malaysia,Johor Bahru,2024-06-13,Regular,Email,Sports,1,37.31,0.0,4.99,Credit Card,Mobile,8.0,Returned,
ORD101235,2024-12-05,C1367,25.0,Female,Cambodia,Siem Reap,2022-05-17,Regular,Social Media,Fashion,2,50.09,10.0,4.99,E-Wallet,Mobile,2.0,Delivered,2.0
ORD101074,2024-11-06,C1441,38.0,Female,Malaysia,Johor Bahru,2024-04-18,Regular,Organic Search,Books,1,14.32,0.0,4.99,Bank Transfer,Desktop,11.0,Delivered,2.0
ORD101331,2024-12-21,C1738,18.0,Female,Singapore,Singapore,2023-08-06,New,Organic Search,Electronics,1,157.03,20.0,0.0,Bank Transfer,Mobile,1.0,Delivered,4.0
ORD100060,2024-01-25,C1540,18.0,Male,Thailand,Phuket,2023-07-09,Regular,Email,Electronics,2,78.52,20.0,0.0,Credit Card,Desktop,10.0,Delivered,4.0
ORD101290,2024-12-15,C1299,38.0,Male,Cambodia,Phnom Penh,2022-08-01,VIP,Paid Ads,Electronics,1,407.86,5.0,0.0,Credit Card,Desktop,3.0,Delivered,
ORD100092,2024-02-07,C1533,,Female,Cambodia,Sihanoukville,2023-06-06,Regular,Email,Beauty,1,66.23,0.0,6.99,Cash on Delivery,Mobile,10.0,Delivered,3.0
ORD100666,2024-07-29,C1793,38.0,Male,Cambodia,Phnom Penh,2022-09-19,Regular,Paid Ads,Electronics,3,3.0,10.0,6.99,Credit Card,Tablet,7.0,Delivered,2.0
ORD100280,2024-04-19,C1370,34.0,Female,Singapore,Singapore,2023-05-07,Regular,Social Media,Beauty,1,54.7,0.0,6.99,Bank Transfer,Desktop,5.0,Delivered,
ORD101601,2025-03-09,C1526,50.0,Male,Thailand,Phuket,2023-03-19,New,Organic Search,Electronics,2,116.85,0.0,0.0,E-Wallet,Desktop,7.0,Delivered,
ORD100359,2024-05-09,C1670,43.0,Female,Cambodia,Siem Reap,2024-05-08,VIP,Paid Ads,Fashion,3,53.66,10.0,0.0,Cash on Delivery,Mobile,1.0,Returned,3.0
ORD101688,2025-04-07,C1345,18.0,Male,Thailand,Bangkok,2024-01-24,Regular,Paid Ads,Electronics,1,138.35,20.0,0.0,Credit Card,Desktop,6.0,Delivered,4.0
ORD101619,2025-03-16,C1377,18.0,Male,Thailand,Chiang Mai,2023-05-18,VIP,Social Media,Beauty,2,55.5,20.0,9.99,Cash on Delivery,Mobile,10.0,Delivered,
ORD100847,2024-09-08,C1696,18.0,Female,Thailand,Chiang Mai,2024-09-07,Regular,Social Media,Fashion,1,70.89,10.0,4.99,Cash on Delivery,Mobile,,Cancelled,
ORD101406,2025-01-02,C1359,32.0,Male,Thailand,Bangkok,2024-08-08,Regular,Organic Search,Fashion,2,21.61,5.0,6.99,Cash on Delivery,Desktop,11.0,Delivered,3.0
ORD100110,2024-02-13,C1562,35.0,Female,Malaysia,Penang,2022-04-20,New,Paid Ads,Electronics,1,135.77,0.0,0.0,Credit Card,Mobile,8.0,Delivered,
ORD100042,2024-01-18,C1137,43.0,Female,Singapore,Singapore,2022-02-06,VIP,Social Media,Electronics,4,3.0,30.0,2.99,Cash on Delivery,Desktop,10.0,Delivered,
ORD100125,2024-02-22,C1219,26.0,Male,Vietnam,Hanoi,2022-03-05,Regular,Organic Search,Electronics,1,209.55,5.0,0.0,E-Wallet,Tablet,3.0,Delivered,4.0
ORD100204,2024-03-26,C1428,19.0,Female,Philippines,Manila,2023-07-07,Regular,Organic Search,Home & Kitchen,2,58.61,5.0,9.99,Bank Transfer,Mobile,8.0,Delivered,
ORD100052,2024-01-22,C1472,31.0,Male,Vietnam,Ho Chi Minh City,2023-03-01,Regular,Social Media,Fashion,2,82.49,5.0,0.0,Credit Card,Mobile,9.0,Returned,
ORD100545,2024-06-27,C1742,23.0,Male,Vietnam,Hanoi,2023-04-11,Regular,Paid Ads,Sports,3,56.8,25.0,0.0,Credit Card,Mobile,1.0,Returned,2.0
ORD100068,2024-01-28,C1786,34.0,Female,Malaysia,Penang,2022-12-20,VIP,Organic Search,Fashion,1,73.37,10.0,6.99,Bank Transfer,Desktop,5.0,Delivered,4.0
ORD101904,2025-06-06,C1815,37.0,Female,Philippines,Davao,2024-08-25,New,Paid Ads,Electronics,1,244.01,20.0,0.0,Bank Transfer,Desktop,8.0,Delivered,4.0
ORD101580,2025-03-03,C1640,18.0,Male,Cambodia,Siem Reap,2022-12-08,VIP,Referral,Fashion,1,23.26,30.0,9.99,Bank Transfer,Mobile,6.0,Delivered,
ORD100183,2024-03-19,C1101,48.0,Male,Cambodia,Sihanoukville,2023-02-12,VIP,Organic Search,Beauty,2,48.46,15.0,6.99,Bank Transfer,Mobile,4.0,Delivered,4.0
ORD100137,2024-02-27,C1186,36.0,Male,Cambodia,Battambang,2023-06-09,Regular,Referral,Home & Kitchen,1,3.0,0.0,2.99,Credit Card,Desktop,10.0,Returned,1.0
ORD100899,2024-09-21,C1105,32.0,Female,Thailand,Chiang Mai,2024-09-20,New,Organic Search,Beauty,1,33.9,10.0,9.99,Credit Card,Mobile,9.0,Delivered,
ORD100796,2024-08-28,C1461,25.0,Male,Cambodia,Battambang,2024-06-04,VIP,Organic Search,Beauty,2,54.49,5.0,2.99,PayPal,Mobile,10.0,Delivered,
ORD100132,2024-02-24,C1208,24.0,Female,Vietnam,Da Nang,2022-12-13,Regular,Organic Search,Toys,3,13.82,5.0,6.99,E-Wallet,Desktop,3.0,Delivered,4.0
ORD100080,2024-02-03,C1735,36.0,Female,Thailand,Bangkok,2023-11-20,VIP,Social Media,Electronics,2,156.98,0.0,0.0,Bank Transfer,Desktop,6.0,Delivered,
ORD100674,2024-08-01,C1697,23.0,Female,Philippines,Manila,2023-09-19,VIP,Referral,Electronics,1,3.0,15.0,4.99,Credit Card,Desktop,2.0,Delivered,4.0
ORD101573,2025-03-02,C1770,53.0,Female,Cambodia,Sihanoukville,2022-01-07,New,Email,Fashion,2,,15.0,0.0,E-Wallet,Desktop,11.0,Delivered,
ORD100541,2024-06-24,C1809,36.0,Male,Vietnam,Da Nang,2022-07-22,VIP,Organic Search,Sports,1,79.95,10.0,9.99,Credit Card,Desktop,7.0,Returned,
ORD101628,2025-03-20,C1670,43.0,Female,Cambodia,Siem Reap,2024-05-08,VIP,Paid Ads,Sports,2,78.38,0.0,0.0,Bank Transfer,Mobile,,Cancelled,
ORD100983,2024-10-17,C1140,39.0,Female,Vietnam,Hanoi,2022-05-23,Regular,Paid Ads,Books,2,24.19,0.0,6.99,,Desktop,7.0,Delivered,
ORD100165,2024-03-13,C1664,33.0,Male,Philippines,Manila,2023-12-26,VIP,Social Media,Beauty,2,45.0,10.0,2.99,Cash on Delivery,Mobile,10.0,Delivered,2.0
ORD100248,2024-04-10,C1605,40.0,Male,Singapore,Singapore,2022-09-07,New,Organic Search,Electronics,1,221.85,5.0,0.0,Cash on Delivery,Desktop,11.0,Delivered,2.0
ORD100446,2024-05-31,C1177,36.0,Female,Thailand,Phuket,2023-03-06,Regular,Email,Home & Kitchen,2,31.8,0.0,2.99,E-Wallet,Mobile,5.0,Delivered,
ORD101362,2024-12-26,C1832,22.0,Female,Vietnam,Ho Chi Minh City,2024-04-19,VIP,Social Media,Electronics,3,185.3,30.0,0.0,Cash on Delivery,Desktop,9.0,Delivered,4.0
ORD100858,2024-09-11,C1586,21.0,Male,Cambodia,Siem Reap,2024-06-07,VIP,Email,Books,2,7.79,0.0,2.99,Credit Card,Mobile,4.0,Delivered,3.0
ORD101237,2024-12-05,C1595,29.0,Female,Thailand,Bangkok,2024-06-03,VIP,Social Media,Home & Kitchen,2,149.46,10.0,0.0,Bank Transfer,Mobile,3.0,Delivered,5.0
ORD100097,2024-02-09,C1798,45.0,Female,Thailand,Phuket,2022-02-13,VIP,Organic Search, Fashion ,2,21.05,0.0,6.99,Cash on Delivery,Mobile,8.0,Returned,
ORD101646,2025-03-25,C1047,36.0,Male,Philippines,Davao,2022-06-28,VIP,Organic Search,Electronics,1,94.07,15.0,6.99,Cash on Delivery,Desktop,2.0,Returned,3.0
ORD100737,2024-08-16,C1369,43.0,Female,Cambodia,Battambang,2023-03-31,VIP,Organic Search,Electronics,1,319.89,0.0,0.0,Cash on Delivery,Desktop,10.0,Delivered,
ORD101805,2025-05-11,C1225,37.0,Male,Vietnam,Ho Chi Minh City,2022-02-27,Regular,Social Media,Beauty,2,37.62,5.0,9.99,PayPal,Tablet,,Cancelled,
ORD100102,2024-02-10,C1550,38.0,Female,Thailand,Phuket,2022-05-30,VIP,Referral,Fashion,1,51.01,5.0,9.99,E-Wallet,Mobile,6.0,Returned,3.0
ORD100434,2024-05-28,C1719,23.0,Female,Singapore,Singapore,2022-12-09,Regular,Social Media,Beauty,2,32.54,0.0,2.99,Bank Transfer,Desktop,10.0,Delivered,2.0
ORD100074,2024-01-31,C1587,25.0,Female,Singapore,Singapore,2023-12-15,VIP,Organic Search,Sports,2,95.53,10.0,0.0,Bank Transfer,Mobile,11.0,Delivered,2.0
ORD101832,2025-05-20,C1633,18.0,Female,Cambodia,Sihanoukville,2023-12-30,Regular,Paid Ads,Electronics,1,-5.5,10.0,0.0,Bank Transfer,Mobile,3.0,Delivered,
ORD101469,2025-01-23,C1075,,Male,Singapore,Singapore,2023-03-11,Regular,Email,Fashion,3,48.27,0.0,0.0,Credit Card,Desktop,,Cancelled,
ORD100918,2024-09-25,C1128,27.0,Female,Cambodia,Sihanoukville,2022-10-01,Regular,Referral,Home & Kitchen,2,215.95,0.0,0.0,Credit Card,Mobile,,Cancelled,
ORD101929,2025-06-11,C1146,27.0,Female,Cambodia,Phnom Penh,2022-03-19,VIP,Paid Ads,Home & Kitchen,1,35.63,10.0,4.99,E-Wallet,Mobile,11.0,Delivered,
ORD101760,2025-04-29,C1139,66.0,Male,Philippines,Cebu,2023-11-10,Regular,Email,Fashion,2,72.29,0.0,0.0,Credit Card,Desktop,11.0,Delivered,3.0
ORD101654,2025-03-27,C1759,39.0,Male,Malaysia,Kuala Lumpur,2022-07-19,New,Email,Fashion,3,62.16,5.0,0.0,Credit Card,Mobile,3.0,Delivered,5.0
ORD100762,2024-08-20,C1129,24.0,Female,Vietnam,Ho Chi Minh City,2023-11-17,Regular,Email,Books,2,20.79,5.0,9.99,Credit Card,Mobile,9.0,Delivered,4.0
ORD100989,2024-10-18,C1465,29.0,Male,Malaysia,Penang,2024-03-29,Regular,Organic Search,Home & Kitchen,3,41.39,0.0,0.0,E-Wallet,Tablet,4.0,Delivered,3.0
ORD100388,2024-05-15,C1413,42.0,Male,Thailand,Phuket,2024-05-14,Regular,Paid Ads,Fashion,2,35.06,10.0,6.99,E-Wallet,Mobile,,Cancelled,
ORD100235,2024-04-05,C1177,36.0,Female,Thailand,Phuket,2023-03-06,Regular,Email,Electronics,1,57.63,10.0,4.99,Bank Transfer,Mobile,6.0,Delivered,
ORD101625,2025-03-18,C1661,34.0,Male,Cambodia,Phnom Penh,2024-02-20,Regular,Organic Search,Home & Kitchen,3,10.12,20.0,6.99,E-Wallet,Desktop,8.0,Delivered,
ORD100267,2024-04-15,C1499,18.0,Male,Thailand,Chiang Mai,2022-05-10,Regular,Social Media,Electronics,1,332.83,10.0,0.0,Bank Transfer,Desktop,1.0,Delivered,4.0
ORD101395,2024-12-31,C1578,31.0,Male,Indonesia,Jakarta,2023-11-23,Regular,Paid Ads,Beauty,3,8.3,20.0,9.99,Bank Transfer,Tablet,9.0,Delivered,3.0
ORD100117,2024-02-16,C1317,26.0,Male,Vietnam,Hanoi,2022-06-11,New,Social Media,Electronics,1,177.6,0.0,0.0,E-Wallet,Mobile,6.0,Delivered,4.0
ORD101640,2025-03-23,C1136,37.0,Male,Thailand,Phuket,2022-10-09,New,Paid Ads,Electronics,1,218.67,0.0,0.0,E-Wallet,Mobile,9.0,Delivered,4.0
ORD100673,2024-07-31,C1616,42.0,Male,Vietnam,Hanoi,2024-07-30,VIP,Organic Search,Home & Kitchen,2,81.43,0.0,0.0,Credit Card,Mobile,5.0,Delivered,
ORD100249,2024-04-10,C1802,38.0,Male,Cambodia,Battambang,2024-02-14,Regular,Email,Electronics,3,287.92,10.0,0.0,,Mobile,,Cancelled,
ORD101483,2025-01-28,C1269,34.0,Male,Thailand,Chiang Mai,2023-08-12,Regular,Social Media,Beauty,3,5.42,15.0,4.99,Bank Transfer,Mobile,4.0,Delivered,4.0
ORD100254,2024-04-12,C1804,48.0,Male,Cambodia,Siem Reap,2023-10-13,VIP,Social Media,Electronics,2,186.53,5.0,0.0,E-Wallet,Mobile,9.0,Delivered,4.0
ORD100094,2024-02-08,C1703,33.0,Female,Cambodia,Siem Reap,2023-06-05,New,Organic Search,Sports,1,50.49,0.0,6.99,E-Wallet,Mobile,4.0,Delivered,3.0
ORD100033,2024-01-16,C1384,18.0,Male,Cambodia,Battambang,2023-04-25,VIP,Organic Search,Sports,1,112.95,10.0,6.99,E-Wallet,Desktop,5.0,Delivered,4.0
ORD101790,2025-05-08,C1139,66.0,Male,Philippines,Cebu,2023-11-10,Regular,Email,Electronics,2,136.4,30.0,0.0,E-Wallet,Desktop,2.0,Delivered,
ORD101704,2025-04-11,C1475,30.0,Female,Vietnam,Hanoi,2023-11-22,VIP,Paid Ads,Beauty,2,52.29,10.0,4.99,E-Wallet,Desktop,3.0,Delivered,
ORD100448,2024-05-31,C1701,31.0,Male,Vietnam,Ho Chi Minh City,2023-03-09,Regular,Email,Electronics,2,260.98,0.0,0.0,Cash on Delivery,Mobile,10.0,Delivered,5.0
ORD100716,2024-08-09,C1221,37.0,Female,Malaysia,,2024-04-30,Regular,Social Media,Electronics,1,226.74,0.0,0.0,E-Wallet,Desktop,4.0,Delivered,4.0
ORD101435,2025-01-12,C1316,35.0,F,Vietnam,Hanoi,2023-05-23,VIP,Paid Ads,Home & Kitchen,1,3.0,5.0,6.99,E-Wallet,Desktop,1.0,Delivered,
ORD101550,2025-02-23,C1518,44.0,Male,Thailand,Bangkok,2023-10-25,VIP,Paid Ads,Electronics,3,439.89,5.0,0.0,Credit Card,Mobile,6.0,Delivered,4.0
ORD100000,2024-01-01,C1833,30.0,Male,Thailand,Phuket,2023-06-20,New,Social Media,Toys,1,32.3,20.0,2.99,Cash on Delivery,Mobile,6.0,Delivered,
ORD101404,2025-01-02,C1323,42.0,Female,Malaysia,Johor Bahru,2022-03-27,Regular,Organic Search,Electronics,1,325.41,5.0,0.0,Credit Card,Desktop,7.0,Delivered,
ORD101101,2024-11-10,C1396,42.0,Female,Thailand,Bangkok,2023-04-08,Regular,Paid Ads,Beauty,1,38.31,15.0,9.99,Credit Card,Mobile,8.0,Delivered,
ORD101108,2024-11-12,C1661,34.0,Male,Cambodia,Phnom Penh,2024-02-20,Regular,Organic Search,Fashion,1,68.31,5.0,6.99,Cash on Delivery,Mobile,7.0,Delivered,4.0
ORD101281,2024-12-13,C1040,42.0,Male,Philippines,Manila,2023-09-15,New,Email,Electronics,2,169.78,10.0,0.0,E-Wallet,Mobile,8.0,Delivered,3.0
ORD100082,2024-02-03,C1050,37.0,Male,Cambodia,Siem Reap,2022-09-30,Regular,Social Media,Toys,1,16.32,0.0,4.99,Bank Transfer,Mobile,4.0,Delivered,4.0
ORD101315,2024-12-18,C1620,29.0,Male,Malaysia,Johor Bahru,2024-03-25,Regular,Social Media,Fashion,2,62.18,5.0,0.0,Cash on Delivery,Desktop,11.0,Delivered,3.0
ORD100676,2024-08-01,C1472,31.0,Male,Vietnam,Ho Chi Minh City,2023-03-01,Regular,Social Media,Sports,3,55.05,25.0,0.0,Credit Card,Tablet,3.0,Returned,2.0
ORD101481,2025-01-28,C1410,18.0,Female,Cambodia,Siem Reap,2023-06-02,Regular,Email,Books,3,21.51,0.0,9.99,Credit Card,Mobile,4.0,Delivered,2.0
ORD101046,2024-11-02,C1014,39.0,Female,Thailand,Bangkok,2023-11-07,VIP,Organic Search,Fashion,1,32.76,10.0,9.99,Cash on Delivery,Desktop,1.0,Delivered,3.0
ORD100770,2024-08-22,C1798,45.0,Female,Thailand,Phuket,2022-02-13,VIP,Organic Search,Home & Kitchen,3,77.52,5.0,0.0,E-Wallet,Mobile,8.0,Delivered,4.0
ORD101867,2025-05-30,C1461,25.0,Male,Cambodia,Battambang,2024-06-04,VIP,Organic Search,Home & Kitchen,2,34.97,15.0,2.99,Bank Transfer,Mobile,4.0,Delivered,
ORD101307,2024-12-17,C1493,39.0,F,Vietnam,Ho Chi Minh City,2022-03-16,VIP,Organic Search,Beauty,1,17.92,10.0,9.99,Cash on Delivery,Mobile,2.0,Delivered,
ORD101613,2025-03-14,C1551,40.0,Female,Cambodia,Sihanoukville,2024-07-14,VIP,Paid Ads,Fashion,2,3.0,5.0,6.99,Bank Transfer,Tablet,5.0,Delivered,5.0
ORD101521,2025-02-12,C1516,41.0,Male,Cambodia,Siem Reap,2024-02-15,New,Email,Fashion,1,11.5,0.0,2.99,Credit Card,Mobile,1.0,Delivered,
ORD100404,2024-05-20,C1715,21.0,Male,Singapore,Singapore,2023-07-25,New,Email,Electronics,2,245.91,15.0,0.0,Credit Card,Tablet,7.0,Returned,4.0
ORD101765,2025-05-02,C1614,25.0,Male,Cambodia,Battambang,2023-01-23,VIP,Social Media,Electronics,2,184.94,0.0,0.0,E-Wallet,Desktop,6.0,Delivered,
ORD101429,2025-01-10,C1542,37.0,Female,Indonesia,Jakarta,2022-08-10,New,Referral,Electronics,2,49.02,0.0,6.99,Credit Card,Desktop,5.0,Delivered,
ORD101909,2025-06-07,C1530,30.0,Male,Thailand,Chiang Mai,2023-03-10,VIP,Social Media,Fashion,2,44.53,10.0,4.99,Cash on Delivery,Mobile,5.0,Delivered,4.0
ORD100104,2024-02-12,C1125,38.0,Female,Thailand,Chiang Mai,2023-01-27,New,Email,Sports,1,54.65,30.0,4.99,E-Wallet,Mobile,6.0,Delivered,5.0
ORD100688,2024-08-03,C1118,52.0,Male,Thailand,Phuket,2023-08-03,Regular,Referral,Books,2,14.71,0.0,9.99,E-Wallet,Mobile,6.0,Delivered,2.0
ORD101083,2024-11-07,C1622,37.0,Female,Thailand,Phuket,2024-01-19,New,Paid Ads,Beauty,2,29.49,15.0,9.99,Bank Transfer,Mobile,6.0,Delivered,3.0
ORD100826,2024-09-04,C1551,40.0,Female,Cambodia,Sihanoukville,2024-07-14,VIP,Paid Ads,Fashion,1,39.99,20.0,2.99,E-Wallet,Mobile,3.0,Delivered,4.0
ORD100062,2024-01-26,C1200,38.0,Female,Philippines,Davao,2022-10-24,Regular,Social Media,Sports,3,62.76,0.0,0.0,PayPal,Mobile,2.0,Returned,3.0
ORD100852,2024-09-08,C1107,30.0,Female,Vietnam,Da Nang,2023-03-27,New,Organic Search,Sports,1,49.74,10.0,4.99,Credit Card,Tablet,7.0,Delivered,
ORD101380,2024-12-28,C1631,62.0,Female,Cambodia,Phnom Penh,2023-10-21,VIP,Paid Ads,Electronics,1,122.07,0.0,0.0,Bank Transfer,Desktop,4.0,Delivered,
ORD100223,2024-04-01,C1598,37.0,Male,Indonesia,Jakarta,2023-12-12,Regular,Paid Ads,Beauty,3,32.5,10.0,6.99,Credit Card,Desktop,5.0,Delivered,
ORD100145,2024-03-01,C1704,46.0,Male,Cambodia,Sihanoukville,2022-08-31,New,Referral,beauty,1,29.82,0.0,2.99,Credit Card,Mobile,10.0,Delivered,
ORD101088,2024-11-07,C1020,32.0,Female,Singapore,Singapore,2022-10-14,New,Referral,Home & Kitchen,1,36.65,5.0,2.99,E-Wallet,Mobile,3.0,Returned,2.0
ORD100373,2024-05-12,C1039,41.0,Male,Cambodia,Battambang,2023-09-27,Regular,Organic Search,Fashion,1,75.96,5.0,6.99,E-Wallet,Mobile,,Cancelled,
ORD101450,2025-01-17,C1000,37.0,Male,Indonesia,Jakarta,2023-08-13,Regular,Social Media,Fashion,1,52.8,0.0,6.99,Bank Transfer,Mobile,9.0,Delivered,5.0
ORD101142,2024-11-18,C1183,46.0,Male,Cambodia,Sihanoukville,2022-06-18,VIP,Social Media,Toys,1,23.04,10.0,6.99,Cash on Delivery,Mobile,9.0,Delivered,
ORD101868,2025-05-30,C1390,18.0,Female,Malaysia,Johor Bahru,2023-03-13,Regular,Referral,Home & Kitchen,2,106.68,15.0,0.0,Credit Card,Desktop,5.0,Delivered,4.0
ORD101658,2025-03-29,C1310,47.0,Female,Cambodia,Phnom Penh,2023-05-17,VIP,Email,Fashion,2,44.13,10.0,9.99,E-Wallet,Mobile,2.0,Delivered,5.0
ORD101635,2025-03-22,C1513,,Female,Cambodia,Battambang,2022-10-12,Regular,Paid Ads,Toys,5,45.4,5.0,0.0,Bank Transfer,Mobile,5.0,Delivered,
ORD101980,2025-06-24,C1203,41.0,Female,Cambodia,Sihanoukville,2023-05-16,VIP,Organic Search,Fashion,1,78.9,20.0,2.99,Credit Card,Mobile,11.0,Returned,1.0
ORD100009,2024-01-05,C1264,39.0,Female,Thailand,Chiang Mai,2022-02-19,New,Social Media,Toys,5,76.01,0.0,0.0,Bank Transfer,Tablet,11.0,Delivered,3.0
ORD100449,2024-06-01,C1189,52.0,Male,Cambodia,Phnom Penh,2023-04-24,Regular,Email,Beauty,2,37.97,5.0,2.99,Credit Card,Mobile,6.0,Delivered,
ORD100708,2024-08-08,C1412,27.0,Male,Thailand,Chiang Mai,2023-11-12,New,Email,Toys,1,3.0,5.0,2.99,Bank Transfer,Mobile,4.0,Delivered,
ORD100255,2024-04-12,C1329,28.0,Male,Malaysia,Penang,2022-02-14,VIP,Social Media,Beauty,1,27.1,0.0,2.99,Credit Card,Mobile,8.0,Returned,3.0
ORD100882,2024-09-18,C1065,43.0,Female,Thailand,Bangkok,2022-06-21,VIP,Email,Home & Kitchen,1,57.27,5.0,4.99,Bank Transfer,Tablet,3.0,Delivered,
ORD100389,2024-05-16,C1763,41.0,Female,Cambodia,Siem Reap,2023-07-08,Regular,Email,Sports,3,55.11,5.0,0.0,Credit Card,Mobile,,Cancelled,
ORD100908,2024-09-24,C1765,18.0,Male,Cambodia,Battambang,2022-07-22,Regular,Social Media,Books,1,30.71,10.0,9.99,Credit Card,Mobile,5.0,Delivered,
ORD100924,2024-09-27,C1568,40.0,Female,Thailand,Chiang Mai,2024-09-26,New,Paid Ads,Beauty,1,25.28,0.0,2.99,PayPal,Desktop,3.0,Delivered,4.0
ORD101740,2025-04-25,C1554,33.0,Female,Singapore,Singapore,2023-08-26,Regular,Paid Ads,Beauty,1,18.72,20.0,9.99,PayPal,Desktop,2.0,Delivered,4.0
ORD101258,2024-12-10,C1285,29.0,Female,Thailand,Phuket,2023-01-31,Regular,Email,Fashion,1,71.4,10.0,2.99,Cash on Delivery,Mobile,7.0,Delivered,
ORD100460,2024-06-04,C1052,18.0,Female,Cambodia,,2023-03-24,Regular,Email,Fashion,3,40.77,0.0,0.0,Bank Transfer,Mobile,7.0,Delivered,4.0
ORD101642,2025-03-24,C1411,18.0,Male,Cambodia,Battambang,2022-07-25,VIP,Referral,Toys,1,52.09,15.0,4.99,Credit Card,Mobile,1.0,Delivered,3.0
ORD101737,2025-04-24,C1615,20.0,Female,Cambodia,Phnom Penh,2024-06-28,Regular,Social Media,Fashion,3,43.55,5.0,0.0,,Mobile,5.0,Delivered,5.0
ORD101168,2024-11-23,C1149,36.0,Male,Indonesia,Jakarta,2023-12-18,VIP,Social Media,Beauty,1,20.99,5.0,2.99,Bank Transfer,Mobile,,Cancelled,
ORD100958,2024-10-09,C1762,42.0,Male,Thailand,Phuket,2023-09-26,Regular,Organic Search,Beauty,-2,52.84,10.0,4.99,Credit Card,Desktop,11.0,Delivered,3.0
ORD100501,2024-06-13,C1000,37.0,Male,Indonesia,Jakarta,2023-08-13,Regular,Social Media,Electronics,2,169.52,0.0,0.0,Credit Card,Mobile,4.0,Delivered,
ORD100739,2024-08-16,C1131,19.0,Female,Philippines,Cebu,2023-03-26,New,Social Media,Books,1,17.28,5.0,9.99,Credit Card,Tablet,4.0,Delivered,4.0
ORD101892,2025-06-03,C1630,52.0,Female,Singapore,Singapore,2023-01-25,Regular,Organic Search,Fashion,1,55.71,0.0,2.99,Bank Transfer,Desktop,3.0,Delivered,
ORD100868,2024-09-14,C1569,36.0,Female,Cambodia,Siem Reap,2022-11-19,VIP,Organic Search,Electronics,2,294.34,30.0,0.0,Credit Card,Mobile,3.0,Returned,3.0
ORD100731,2024-08-14,C1023,32.0,Male,Singapore,,2023-04-22,VIP,Email,Home & Kitchen,1,3.0,15.0,2.99,Bank Transfer,Mobile,11.0,Delivered,
ORD100539,2024-06-24,C1318,45.0,Female,Cambodia,Phnom Penh,2023-03-15,New,Social Media,Beauty,1,43.61,0.0,9.99,Bank Transfer,Desktop,5.0,Delivered,5.0
ORD101201,2024-11-28,C1147,32.0,Female,Cambodia,Siem Reap,2024-02-28,Regular,Social Media,Electronics,1,177.62,0.0,0.0,Credit Card,Desktop,11.0,Delivered,
ORD100697,2024-08-06,C1479,63.0,Male,Vietnam,Ho Chi Minh City,2022-01-07,VIP,Organic Search,Books,1,8.11,0.0,6.99,PayPal,Mobile,6.0,Delivered,4.0
ORD101422,2025-01-07,C1023,32.0,Male,Singapore,Singapore,2023-04-22,VIP,Email,Electronics,3,97.12,0.0,0.0,Cash on Delivery,Mobile,11.0,Delivered,3.0
ORD101405,2025-01-02,C1262,37.0,Male,Cambodia,Phnom Penh,2023-11-13,New,Social Media,Electronics,1,405.58,0.0,0.0,E-Wallet,Desktop,4.0,Delivered,4.0
ORD101145,2024-11-19,C1114,35.0,Female,Vietnam,Da Nang,2023-03-31,Regular,Paid Ads,Home & Kitchen,1,62.19,5.0,2.99,E-Wallet,Mobile,8.0,Delivered,3.0
ORD101031,2024-10-30,C1537,47.0,Male,Thailand,Phuket,2023-12-10,New,Social Media,Electronics,1,90.02,10.0,2.99,Credit Card,Mobile,1.0,Delivered,4.0
ORD100372,2024-05-12,C1819,,Male,Vietnam,Ho Chi Minh City,2022-03-06,Regular,Paid Ads,Electronics,1,31.21,5.0,2.99,E-Wallet,Mobile,4.0,Delivered,4.0
ORD100667,2024-07-30,C1274,51.0,Male,Cambodia,Siem Reap,2024-02-19,Regular,Social Media,Fashion,1,55.41,20.0,4.99,Credit Card,Desktop,6.0,Returned,4.0
ORD101558,2025-02-25,C1539,25.0,Male,Malaysia,Johor Bahru,2022-10-19,Regular,Organic Search,Fashion,5,3.0,0.0,4.99,E-Wallet,Mobile,9.0,Returned,2.0
ORD100357,2024-05-08,C1829,18.0,Male,Thailand,Phuket,2023-08-19,New,Referral,Sports,1,140.31,0.0,0.0,Credit Card,Mobile,4.0,Delivered,4.0
ORD100967,2024-10-11,C1325,42.0,Male,Cambodia,Phnom Penh,2024-01-08,Regular,Paid Ads,Fashion,1,64.53,30.0,9.99,PayPal,Mobile,10.0,Delivered,
ORD100783,2024-08-25,C1539,25.0,Male,Malaysia,Johor Bahru,2022-10-19,Regular,Organic Search,Electronics,1,123.76,10.0,0.0,Credit Card,Mobile,7.0,Delivered,3.0
ORD100735,2024-08-15,C1561,38.0,Female,Malaysia,Kuala Lumpur,2024-04-10,Regular,Paid Ads,Toys,1,36.35,10.0,9.99,E-Wallet,Desktop,11.0,Delivered,
ORD101035,2024-10-31,C1812,37.0,Female,Philippines,Cebu,2023-06-16,Regular,Social Media,Beauty,1,3.0,0.0,9.99,E-Wallet,Mobile,9.0,Delivered,
ORD100970,2024-10-13,C1596,28.0,Male,Vietnam,Da Nang,2024-05-28,New,Email,Beauty,2,41.53,0.0,6.99,Credit Card,Mobile,8.0,Delivered,2.0
ORD101557,2025-02-25,C1743,18.0,Female,Vietnam,Ho Chi Minh City,2023-05-28,Regular,Social Media,Home & Kitchen,1,21.42,10.0,9.99,E-Wallet,Mobile,9.0,Delivered,3.0
ORD101519,2025-02-12,C1085,,Female,Cambodia,Siem Reap,2024-01-21,VIP,Organic Search,Fashion,3,43.63,5.0,0.0,Bank Transfer,Tablet,6.0,Returned,2.0
ORD101556,2025-02-24,C1263,28.0,Female,Cambodia,Battambang,2022-07-06,New,Referral,Home & Kitchen,3,107.37,0.0,0.0,Credit Card,Desktop,7.0,Delivered,4.0
ORD101554,2025-02-24,C1595,29.0,Female,Thailand,Bangkok,2024-06-03,VIP,Social Media,Beauty,2,45.18,150.0,2.99,E-Wallet,Mobile,4.0,Delivered,4.0
ORD101523,2025-02-13,C1275,38.0,Male,Singapore,Singapore,2023-01-01,VIP,Paid Ads,Electronics,5,156.79,0.0,0.0,Bank Transfer,Mobile,9.0,Delivered,3.0
ORD101676,2025-04-02,C1658,47.0,Female,Thailand,Chiang Mai,2023-09-24,VIP,Email,Electronics,1,201.61,10.0,0.0,Credit Card,Mobile,5.0,Returned,3.0
ORD101252,2024-12-09,C1499,,Male,Thailand,Chiang Mai,2022-05-10,Regular,Social Media,Beauty,4,49.06,0.0,0.0,E-Wallet,Mobile,11.0,Delivered,4.0
ORD101730,2025-04-21,C1628,23.0,Male,Cambodia,Battambang,2023-02-12,New,Social Media,Sports,5,28.76,0.0,0.0,Cash on Delivery,Mobile,2.0,Delivered,5.0
ORD101752,2025-04-27,C1247,54.0,Male,Vietnam,Hanoi,2024-02-14,VIP,Organic Search,Books,2,13.03,10.0,9.99,,Desktop,5.0,Delivered,3.0
ORD101236,2024-12-05,C1597,43.0,Female,Philippines,Cebu,2022-05-23,Regular,Referral,Electronics,5,186.3,5.0,0.0,Credit Card,Mobile,3.0,Returned,1.0
ORD100885,2024-09-18,C1605,40.0,Male,Singapore,Singapore,2022-09-07,New,Organic Search,Home & Kitchen,1,67.39,15.0,4.99,E-Wallet,Desktop,5.0,Delivered,4.0
ORD100079,2024-02-02,C1369,43.0,Female,Cambodia,Battambang,2023-03-31,VIP,Organic Search,Home & Kitchen,1,39.15,5.0,6.99,Cash on Delivery,Mobile,10.0,Delivered,4.0
ORD101172,2024-11-23,C1363,22.0,Female,Vietnam,Ho Chi Minh City,2023-12-13,Regular,Referral,Electronics,1,146.6,15.0,0.0,Credit Card,Tablet,3.0,Delivered,3.0
ORD100814,2024-09-01,C1008,34.0,Female,Cambodia,Battambang,2024-08-31,Regular,Paid Ads,Sports,1,14.1,10.0,9.99,E-Wallet,Mobile,2.0,Delivered,
ORD101753,2025-04-27,C1297,30.0,Female,Singapore,Singapore,2024-03-25,Regular,Email,Fashion,4,3.0,15.0,4.99,Credit Card,Mobile,1.0,Delivered,5.0
ORD100671,2024-07-31,C1173,21.0,Female,Thailand,Bangkok,2023-03-01,New,Organic Search,Sports,1,52.34,0.0,6.99,PayPal,Mobile,9.0,Delivered,
ORD101564,2025-02-27,C1329,28.0,Male,Malaysia,Penang,2022-02-14,VIP,Social Media,Toys,1,31.02,10.0,4.99,Credit Card,Mobile,,Cancelled,
ORD100057,2024-01-24,C1396,42.0,Female,Thailand,Bangkok,2023-04-08,Regular,Paid Ads,Electronics,1,3.0,5.0,2.99,Bank Transfer,Mobile,11.0,Delivered,1.0
ORD100133,2024-02-24,C1631,62.0,Female,Cambodia,Phnom Penh,2023-10-21,VIP,Paid Ads,Sports,2,68.41,5.0,0.0,E-Wallet,Tablet,1.0,Delivered,4.0
ORD101140,2024-11-17,C1118,52.0,Male,Thailand,Phuket,2023-08-03,Regular,Referral,Electronics,1,237.2,0.0,0.0,Credit Card,Mobile,10.0,Delivered,
ORD100933,2024-10-01,C1465,29.0,Male,Malaysia,Penang,2024-03-29,Regular,Organic Search,Fashion,1,29.89,0.0,9.99,Bank Transfer,Desktop,4.0,Delivered,
ORD101721,2025-04-18,C1477,21.0,Female,Philippines,Cebu,2022-09-30,VIP,Social Media,Fashion,3,69.61,0.0,0.0,Bank Transfer,Tablet,11.0,Delivered,2.0
ORD100823,2024-09-03,C1631,62.0,Female,Cambodia,Phnom Penh,2023-10-21,VIP,Paid Ads,Sports,1,42.57,25.0,4.99,Credit Card,Mobile,6.0,Delivered,4.0
ORD101214,2024-12-01,C1152,18.0,Male,Vietnam,Hanoi,2022-02-16,Regular,Email,Fashion,1,48.8,0.0,6.99,E-Wallet,Desktop,6.0,Delivered,3.0
ORD100504,2024-06-14,C1003,44.0,Male,Malaysia,Johor Bahru,2024-06-13,Regular,Email,Fashion,4,51.05,0.0,0.0,Bank Transfer,Desktop,8.0,Delivered,
ORD101814,2025-05-14,C1786,34.0,Female,Malaysia,Penang,2022-12-20,VIP,Organic Search,beauty,1,3.0,5.0,6.99,Cash on Delivery,Mobile,9.0,Delivered,3.0
ORD100347,2024-05-06,C1477,21.0,Female,Philippines,Cebu,2022-09-30,VIP,Social Media,Toys,3,64.03,0.0,0.0,Credit Card,Mobile,7.0,Delivered,4.0
ORD100386,2024-05-15,C1818,37.0,Male,Vietnam,Ho Chi Minh City,2022-07-16,New,Email,Home & Kitchen,1,146.92,25.0,0.0,Bank Transfer,Desktop,2.0,Delivered,4.0
ORD101024,2024-10-28,C1009,25.0,Male,Cambodia,Sihanoukville,2022-06-02,Regular,Social Media,Books,1,18.74,20.0,2.99,Credit Card,Desktop,4.0,Delivered,4.0
ORD100894,2024-09-20,C1543,32.0,Male,Vietnam,Hanoi,2023-07-29,VIP,Email,Home & Kitchen,3,121.94,0.0,0.0,Credit Card,Desktop,5.0,Returned,3.0
ORD100828,2024-09-04,C1443,49.0,Male,Malaysia,Johor Bahru,2024-08-31,Regular,Organic Search,Electronics,2,295.41,25.0,0.0,E-Wallet,Mobile,9.0,Delivered,
ORD101936,2025-06-13,C1502,26.0,Male,Philippines,Cebu,2023-04-09,VIP,Paid Ads,Fashion,1,41.8,5.0,6.99,Credit Card,Desktop,7.0,Delivered,4.0
ORD100475,2024-06-08,C1590,21.0,Female,Thailand,Chiang Mai,2023-05-14,Regular,Referral,Beauty,1,63.85,0.0,2.99,Cash on Delivery,Mobile,5.0,Delivered,4.0
ORD101502,2025-02-03,C1115,28.0,Female,Vietnam,Da Nang,2022-06-13,VIP,Referral,Electronics,1,105.2,35.0,4.99,E-Wallet,Mobile,10.0,Delivered,2.0
ORD101477,2025-01-26,C1163,25.0,Male,Malaysia,Johor Bahru,2022-10-08,VIP,Referral,Home & Kitchen,1,17.66,0.0,9.99,PayPal,Mobile,2.0,Delivered,5.0
ORD101764,2025-05-01,C1004,18.0,Female,Thailand,Bangkok,2022-08-06,Regular,Referral,Beauty,5,21.02,0.0,6.99,Credit Card,Desktop,9.0,Delivered,
ORD100652,2024-07-24,C1806,33.0,Male,Vietnam,Hanoi,2023-12-03,Regular,Organic Search,Toys,5,41.34,30.0,0.0,E-Wallet,Mobile,1.0,Delivered,5.0
ORD100172,2024-03-16,C1108,43.0,Male,Philippines,Davao,2022-06-05,VIP,Referral,Beauty,1,65.41,5.0,9.99,E-Wallet,Mobile,,Cancelled,
ORD101149,2024-11-20,C1555,31.0,Female,Vietnam,Da Nang,2022-12-22,Regular,Email,Books,3,18.58,5.0,4.99,Credit Card,Mobile,5.0,Delivered,3.0
ORD100038,2024-01-17,C1456,,Female,Thailand,Phuket,2024-01-11,VIP,Social Media,fashion,2,31.12,0.0,2.99,Cash on Delivery,Mobile,8.0,Delivered,3.0
ORD100713,2024-08-09,C1349,50.0,Female,Cambodia,,2023-07-06,VIP,Organic Search,Books,5,27.61,25.0,0.0,Bank Transfer,Mobile,11.0,Delivered,2.0
ORD100090,2024-02-07,C1501,44.0,Male,Vietnam,Hanoi,2023-06-04,VIP,Paid Ads,Electronics,2,107.26,20.0,0.0,Credit Card,Mobile,3.0,Delivered,4.0
ORD101981,2025-06-24,C1316,35.0,Female,Vietnam,Hanoi,2023-05-23,VIP,Paid Ads,Fashion,3,51.27,10.0,0.0,Credit Card,Desktop,2.0,Delivered,
ORD101205,2024-11-29,C1192,30.0,Female,Vietnam,Hanoi,2023-03-21,New,Organic Search,Fashion,2,43.67,0.0,2.99,PayPal,Desktop,1.0,Delivered,
ORD100875,2024-09-16,C1538,18.0,Male,Vietnam,Ho Chi Minh City,2023-06-04,Regular,Organic Search,Electronics,1,266.93,5.0,0.0,E-Wallet,Mobile,8.0,Returned,
ORD101378,2024-12-28,C1437,22.0,Male,Cambodia,Phnom Penh,2024-09-07,Regular,Email,Beauty,4,26.35,0.0,6.99,Cash on Delivery,Desktop,10.0,Delivered,3.0
ORD101933,2025-06-12,C1571,33.0,Female,Singapore,Singapore,2024-09-18,Regular,Organic Search,Sports,1,167.15,15.0,0.0,Credit Card,Mobile,11.0,Returned,2.0
ORD101093,2024-11-08,C1053,30.0,Female,Cambodia,Battambang,2023-09-16,VIP,Paid Ads,Toys,1,52.65,15.0,4.99,PayPal,Desktop,2.0,Delivered,4.0
ORD101155,2024-11-20,C1528,37.0,Female,Cambodia,Battambang,2023-09-28,VIP,Paid Ads,Fashion,1,8.99,0.0,9.99,E-Wallet,Mobile,8.0,Delivered,
ORD101391,2024-12-30,C1420,,Male,Indonesia,Jakarta,2022-01-16,Regular,Organic Search,Beauty,2,34.87,0.0,6.99,Cash on Delivery,Mobile,6.0,Delivered,
ORD100905,2024-09-23,C1671,,Female,Cambodia,Siem Reap,2023-01-18,VIP,Organic Search,Fashion,2,55.42,5.0,6.99,E-Wallet,Tablet,9.0,Delivered,
ORD100499,2024-06-13,C1444,30.0,Male,Cambodia,Phnom Penh,2023-02-18,VIP,Email,Beauty,5,43.41,10.0,0.0,Credit Card,Desktop,10.0,Delivered,
ORD100338,2024-05-05,C1631,62.0,Female,Cambodia,Phnom Penh,2023-10-21,VIP,Paid Ads,Electronics,4,140.17,5.0,0.0,,Desktop,4.0,Delivered,5.0
ORD101188,2024-11-26,C1784,34.0,Female,Vietnam,Hanoi,2023-04-17,VIP,Organic Search,Beauty,2,21.79,15.0,2.99,Bank Transfer,Mobile,6.0,Delivered,4.0
ORD100028,2024-01-14,C1124,43.0,Male,Cambodia,Siem Reap,2022-12-07,VIP,Organic Search,Home & Kitchen,2,34.16,5.0,6.99,E-Wallet,Desktop,6.0,Delivered,
ORD101217,2024-12-02,C1027,38.0,Female,Malaysia,Penang,2023-10-06,VIP,Organic Search,Electronics,3,151.66,0.0,0.0,Cash on Delivery,Desktop,2.0,Delivered,
ORD101352,2024-12-25,C1816,30.0,Male,Malaysia,Kuala Lumpur,2023-12-28,VIP,Paid Ads,Books,1,10.55,30.0,6.99,Credit Card,Mobile,5.0,Delivered,4.0
ORD101911,2025-06-07,C1611,37.0,Female,Cambodia,Sihanoukville,2022-08-08,Regular,Organic Search,Electronics,5,77.04,20.0,0.0,Bank Transfer,Desktop,3.0,Delivered,
ORD100945,2024-10-05,C1177,36.0,Female,Thailand,Phuket,2023-03-06,Regular,Email,Home & Kitchen,1,39.27,10.0,9.99,Bank Transfer,Desktop,5.0,Delivered,3.0
ORD100169,2024-03-15,C1065,43.0,Female,Thailand,Bangkok,2022-06-21,VIP,Email,Fashion,1,3.0,10.0,2.99,Bank Transfer,Mobile,11.0,Delivered,2.0
ORD101801,2025-05-11,C1290,31.0,Male,Indonesia,Surabaya,2022-07-16,Regular,Social Media,Toys,3,41.63,0.0,0.0,Credit Card,Mobile,10.0,Delivered,4.0
ORD101197,2024-11-27,C1149,36.0,Male,Indonesia,Jakarta,2023-12-18,VIP,Social Media,Beauty,2,31.12,5.0,9.99,Credit Card,Mobile,4.0,Delivered,5.0
ORD101253,2024-12-09,C1376,32.0,Male,Singapore,Singapore,2024-08-13,New,Organic Search,Electronics,2,337.65,20.0,0.0,Cash on Delivery,Tablet,2.0,Delivered,
ORD101428,2025-01-09,C1686,43.0,Male,Cambodia,Sihanoukville,2023-10-18,Regular,Email,Beauty,2,30.31,0.0,9.99,E-Wallet,Mobile,3.0,Delivered,
ORD100912,2024-09-24,C1785,37.0,Male,Cambodia,Battambang,2024-09-23,Regular,Email,Fashion,1,103.18,5.0,6.99,Credit Card,Mobile,3.0,Delivered,4.0
ORD100491,2024-06-10,C1593,18.0,Male,Thailand,Chiang Mai,2024-06-09,Regular,Paid Ads,sports,1,120.22,15.0,0.0,Cash on Delivery,Mobile,9.0,Delivered,3.0
ORD100953,2024-10-07,C1452,55.0,Female,Philippines,Manila,2022-10-27,Regular,Referral,Electronics,1,251.61,15.0,0.0,Bank Transfer,Mobile,,Cancelled,
ORD101097,2024-11-09,C1531,24.0,Female,Cambodia,Siem Reap,2023-06-14,VIP,Email,Electronics,1,154.61,0.0,0.0,Bank Transfer,Mobile,2.0,Delivered,5.0
ORD101032,2024-10-30,C1009,25.0,Male,Cambodia,Sihanoukville,2022-06-02,Regular,Social Media,Electronics,2,211.08,10.0,0.0,Credit Card,Desktop,4.0,Delivered,
ORD100587,2024-07-08,C1164,43.0,Female,Cambodia,Sihanoukville,2023-03-30,VIP,Social Media,Electronics,1,236.18,20.0,0.0,Bank Transfer,Tablet,2.0,Delivered,4.0
ORD100750,2024-08-19,C1023,32.0,Male,Singapore,Singapore,2023-04-22,VIP,Email,Fashion,3,55.34,0.0,0.0,Cash on Delivery,Mobile,5.0,Delivered,
ORD100657,2024-07-27,C1694,25.0,Female,Vietnam,Hanoi,2022-08-26,Regular,Social Media,Electronics,1,148.11,0.0,0.0,E-Wallet,Desktop,,Cancelled,
ORD100234,2024-04-05,C1327,33.0,Male,Singapore,Singapore,2023-07-03,Regular,Organic Search,Books,3,18.49,10.0,6.99,E-Wallet,Desktop,10.0,Delivered,4.0
ORD100732,2024-08-14,C1800,25.0,Male,Cambodia,Siem Reap,2023-03-16,VIP,Paid Ads,Sports,5,100.87,5.0,0.0,Bank Transfer,Desktop,3.0,Delivered,3.0
ORD100907,2024-09-23,C1550,38.0,Female,Thailand,Phuket,2022-05-30,VIP,Referral,Fashion,1,61.39,10.0,6.99,Bank Transfer,Mobile,11.0,Delivered,2.0
ORD101666,2025-03-31,C1296,37.0,Male,Cambodia,Siem Reap,2023-04-28,Regular,Organic Search,Electronics,1,157.0,25.0,0.0,Credit Card,Desktop,4.0,Returned,2.0
ORD101156,2024-11-20,C1518,44.0,Male,Thailand,Bangkok,2023-10-25,VIP,Paid Ads,Electronics,1,118.33,5.0,9.99,Bank Transfer,Mobile,9.0,Delivered,
ORD101501,2025-02-02,C1222,36.0,Male,Singapore,Singapore,2022-12-11,VIP,Referral,Home & Kitchen,2,60.79,5.0,0.0,Bank Transfer,Mobile,1.0,Delivered,4.0
ORD101454,2025-01-18,C1798,45.0,Female,Thailand,Phuket,2022-02-13,VIP,Organic Search, Books ,3,25.89,10.0,2.99,E-Wallet,Mobile,,Cancelled,
ORD101763,2025-04-30,C1706,24.0,Male,Cambodia,Sihanoukville,2022-12-27,Regular,Email,Electronics,1,61.41,10.0,2.99,E-Wallet,Mobile,3.0,Returned,
ORD100934,2024-10-01,C1647,18.0,Female,Cambodia,Sihanoukville,2022-12-29,Regular,Organic Search,Beauty,1,51.2,0.0,6.99,E-Wallet,Desktop,9.0,Delivered,4.0
ORD101209,2024-11-29,C1462,18.0,Male,Thailand,Phuket,2022-03-15,Regular,Email,Electronics,3,139.82,10.0,0.0,Cash on Delivery,Mobile,3.0,Delivered,
ORD101065,2024-11-05,C1465,29.0,Male,Malaysia,Penang,2024-03-29,Regular,Organic Search,Fashion,1,,0.0,9.99,PayPal,Desktop,6.0,Delivered,3.0
ORD100108,2024-02-13,C1528,37.0,Female,Cambodia,Battambang,2023-09-28,VIP,Paid Ads,Beauty,1,5.32,15.0,6.99,Cash on Delivery,Mobile,5.0,Returned,3.0
ORD101575,2025-03-02,C1655,38.0,Female,Thailand,Bangkok,2022-09-27,Regular,Organic Search,Home & Kitchen,3,93.05,0.0,0.0,E-Wallet,Mobile,8.0,Delivered,4.0
ORD100568,2024-07-02,C1012,35.0,Female,Vietnam,Ho Chi Minh City,2022-10-31,New,Paid Ads,Sports,1,54.48,20.0,4.99,PayPal,Mobile,7.0,Delivered,3.0
ORD101167,2024-11-23,C1319,21.0,Female,Vietnam,Da Nang,2023-11-08,Regular,Referral,Home & Kitchen,2,46.12,0.0,6.99,E-Wallet,Mobile,7.0,Delivered,4.0
ORD101174,2024-11-24,C1037,25.0,Female,Thailand,Bangkok,2023-05-22,Regular,Organic Search,Electronics,1,254.64,0.0,0.0,Credit Card,Tablet,1.0,Delivered,4.0
ORD100890,2024-09-19,C1368,36.0,Male,Thailand,Chiang Mai,2023-11-16,Regular,Social Media,Fashion,4,50.57,0.0,0.0,E-Wallet,Desktop,,Cancelled,
ORD100947,2024-10-05,C1357,37.0,Female,Vietnam,Ho Chi Minh City,2023-02-02,New,Social Media,Beauty,3,24.32,0.0,6.99,E-Wallet,Mobile,,Cancelled,
ORD101048,2024-11-02,C1635,31.0,Female,Malaysia,Johor Bahru,2023-07-27,Regular,Paid Ads, Sports ,3,146.44,0.0,0.0,PayPal,Mobile,9.0,Delivered,3.0
ORD101379,2024-12-28,C1736,43.0,Female,Vietnam,Ho Chi Minh City,2024-05-22,VIP,Email,Electronics,2,198.1,10.0,0.0,Bank Transfer,Mobile,2.0,Delivered,
ORD101811,2025-05-13,C1636,32.0,Female,Cambodia,Siem Reap,2024-05-29,VIP,Organic Search,Fashion,2,22.62,10.0,6.99,E-Wallet,Tablet,,Cancelled,
ORD101476,2025-01-26,C1388,37.0,Female,Singapore,Singapore,2024-01-29,New,Email,Electronics,2,74.24,15.0,0.0,E-Wallet,Mobile,6.0,Delivered,5.0
ORD100884,2024-09-18,C1399,,Female,Vietnam,Hanoi,2024-08-25,VIP,Organic Search,Beauty,1,41.43,0.0,4.99,E-Wallet,Desktop,,Cancelled,
ORD101709,2025-04-13,C1800,25.0,Male,Cambodia,Siem Reap,2023-03-16,VIP,Paid Ads,Electronics,1,115.7,0.0,2.99,Credit Card,Desktop,3.0,Delivered,
ORD100850,2024-09-08,C1696,18.0,Female,Thailand,Chiang Mai,2024-09-07,Regular,Social Media,Fashion,3,41.52,15.0,0.0,Cash on Delivery,Mobile,11.0,Returned,2.0
ORD100734,2024-08-14,C1518,44.0,Male,Thailand,Bangkok,2023-10-25,VIP,Paid Ads,Electronics,2,227.19,0.0,0.0,Bank Transfer,Mobile,8.0,Delivered,4.0
ORD100717,2024-08-09,C1359,32.0,Male,Thailand,Bangkok,2024-08-08,Regular,Organic Search,Home & Kitchen,1,45.2,0.0,4.99,E-Wallet,Tablet,1.0,Delivered,4.0
ORD100454,2024-06-02,C1102,30.0,Female,Malaysia,Penang,2024-06-01,Regular,Email,Electronics,1,145.52,5.0,0.0,E-Wallet,Desktop,2.0,Delivered,
ORD100264,2024-04-15,C1269,34.0,Male,Thailand,Chiang Mai,2023-08-12,Regular,Social Media,Electronics,2,212.84,0.0,0.0,Credit Card,Desktop,9.0,Delivered,
ORD100075,2024-01-31,C1390,18.0,Female,Malaysia,Johor Bahru,2023-03-13,Regular,Referral,Beauty,3,,5.0,4.99,Bank Transfer,Mobile,4.0,Delivered,4.0
ORD101693,2025-04-09,C1284,22.0,Female,Cambodia,Siem Reap,2023-09-10,Regular,Referral,Electronics,1,3.0,0.0,6.99,E-Wallet,Mobile,,Cancelled,
ORD100444,2024-05-30,C1636,32.0,Female,Cambodia,Siem Reap,2024-05-29,VIP,Organic Search,Home & Kitchen,1,47.73,0.0,6.99,Credit Card,Mobile,9.0,Returned,2.0
ORD100395,2024-05-19,C1724,24.0,Female,Vietnam,Ho Chi Minh City,2022-11-15,New,Social Media,Electronics,1,335.87,25.0,0.0,Credit Card,Mobile,3.0,Returned,3.0
ORD100176,2024-03-17,C1164,43.0,Female,Cambodia,Sihanoukville,2023-03-30,VIP,Social Media,Home & Kitchen,2,52.69,15.0,2.99,E-Wallet,Desktop,1.0,Delivered,4.0
ORD101042,2024-11-01,C1633,18.0,Female,Cambodia,Sihanoukville,2023-12-30,Regular,Paid Ads,Home & Kitchen,1,34.91,0.0,4.99,Credit Card,Desktop,,Cancelled,
ORD101774,2025-05-04,C1466,31.0,Male,Cambodia,Battambang,2022-05-03,VIP,Paid Ads,Electronics,1,189.25,25.0,0.0,PayPal,Tablet,7.0,Delivered,4.0
ORD101431,2025-01-10,C1097,23.0,Female,Cambodia,Sihanoukville,2023-10-26,Regular,Social Media,Electronics,1,146.9,20.0,0.0,PayPal,Mobile,4.0,Delivered,4.0
ORD101543,2025-02-21,C1031,30.0,Female,Indonesia,Surabaya,2023-10-10,New,Paid Ads,Electronics,1,237.58,0.0,0.0,PayPal,Mobile,10.0,Delivered,4.0
ORD101581,2025-03-04,C1397,37.0,Female,Cambodia,Phnom Penh,2023-04-18,VIP,Social Media, Sports ,0,42.43,10.0,9.99,Bank Transfer,Mobile,3.0,Delivered,
ORD100595,2024-07-11,C1518,44.0,Male,Thailand,Bangkok,2023-10-25,VIP,Paid Ads,Electronics,1,56.07,5.0,4.99,E-Wallet,Desktop,9.0,Delivered,2.0
ORD100061,2024-01-25,C1686,43.0,Male,Cambodia,Sihanoukville,2023-10-18,Regular,Email,Electronics,2,214.05,20.0,0.0,Credit Card,Mobile,5.0,Delivered,
ORD101296,2024-12-16,C1609,40.0,Female,Cambodia,Sihanoukville,2024-03-10,Regular,Organic Search,Electronics,3,318.58,0.0,0.0,Credit Card,Desktop,8.0,Delivered,
ORD100872,2024-09-14,C1287,35.0,Male,Vietnam,Da Nang,2024-07-07,Regular,Social Media,Fashion,3,17.65,0.0,2.99,Credit Card,Mobile,7.0,Returned,
ORD101903,2025-06-06,C1786,34.0,Female,Malaysia,Penang,2022-12-20,VIP,Organic Search,Home & Kitchen,1,45.21,30.0,4.99,PayPal,Desktop,8.0,Returned,
ORD101922,2025-06-10,C1498,18.0,Female,Indonesia,Surabaya,2022-03-28,New,Email,Beauty,1,41.97,0.0,6.99,E-Wallet,Mobile,11.0,Delivered,
ORD100278,2024-04-19,C1441,38.0,Female,Malaysia,Johor Bahru,2024-04-18,Regular,Organic Search,Beauty,1,30.25,15.0,9.99,Bank Transfer,Desktop,9.0,Returned,
ORD101392,2024-12-30,C1004,18.0,Female,Thailand,Bangkok,2022-08-06,Regular,Referral,Toys,1,44.24,10.0,2.99,Credit Card,Mobile,11.0,Delivered,
ORD100036,2024-01-16,C1743,18.0,Female,Vietnam,Ho Chi Minh City,2023-05-28,Regular,Social Media,Books,1,14.29,0.0,2.99,E-Wallet,Desktop,11.0,Delivered,
ORD101548,2025-02-22,C1049,35.0,Male,Cambodia,Sihanoukville,2023-01-01,VIP,Social Media,Home & Kitchen,1,62.49,10.0,2.99,E-Wallet,Desktop,10.0,Delivered,
ORD100662,2024-07-28,C1069,32.0,Male,Malaysia,Johor Bahru,2023-07-02,Regular,Social Media,Books,4,11.44,0.0,2.99,Credit Card,Mobile,5.0,Delivered,5.0
ORD101848,2025-05-24,C1554,33.0,Female,Singapore,Singapore,2023-08-26,Regular,Paid Ads,Home & Kitchen,1,75.28,10.0,9.99,Cash on Delivery,Desktop,1.0,Delivered,4.0
ORD101474,2025-01-25,C1124,43.0,Male,Cambodia,Siem Reap,2022-12-07,VIP,Organic Search,Electronics,1,200.98,25.0,0.0,E-Wallet,Mobile,11.0,Delivered,3.0
ORD100977,2024-10-15,C1153,29.0,Female,Malaysia,Johor Bahru,2022-12-08,New,Social Media,Electronics,4,176.43,0.0,0.0,Cash on Delivery,Desktop,8.0,Delivered,
ORD101604,2025-03-10,C1552,37.0,Female,Vietnam,Da Nang,2023-08-20,VIP,Paid Ads,Fashion,1,48.48,5.0,6.99,Credit Card,Mobile,11.0,Delivered,
ORD100738,2024-08-16,C1049,35.0,Male,Cambodia,Sihanoukville,2023-01-01,VIP,Social Media,Books,1,6.08,0.0,6.99,E-Wallet,Desktop,2.0,Delivered,
ORD100191,2024-03-21,C1109,18.0,Male,Vietnam,Hanoi,2022-10-16,Regular,Social Media,Toys,2,3.0,25.0,2.99,Credit Card,Mobile,4.0,Returned,3.0
ORD100919,2024-09-26,C1300,53.0,Female,Cambodia,Battambang,2023-06-29,Regular,Social Media,Electronics,5,3.0,0.0,6.99,Cash on Delivery,Mobile,7.0,Delivered,4.0
ORD100456,2024-06-03,C1097,23.0,Female,Cambodia,Sihanoukville,2023-10-26,Regular,Social Media,Fashion,1,38.71,5.0,4.99,Cash on Delivery,Mobile,7.0,Delivered,
ORD100675,2024-08-01,C1035,46.0,Female,Vietnam,Ho Chi Minh City,2024-07-10,VIP,Organic Search,Books,2,8.75,5.0,2.99,E-Wallet,Mobile,,Cancelled,
ORD100760,2024-08-20,C1723,18.0,Male,Indonesia,Surabaya,2022-01-20,VIP,Social Media,Electronics,1,233.93,0.0,0.0,Credit Card,Mobile,8.0,Returned,
ORD101849,2025-05-25,C1234,26.0,Female,Cambodia,Sihanoukville,2022-09-25,VIP,Paid Ads,Books,1,21.33,5.0,9.99,E-Wallet,Desktop,9.0,Delivered,4.0
ORD101778,2025-05-05,C1474,41.0,Female,Malaysia,Kuala Lumpur,2022-10-02,New,Paid Ads,Electronics,1,143.95,0.0,0.0,E-Wallet,Mobile,2.0,Delivered,4.0
ORD100728,2024-08-12,C1087,34.0,Female,Vietnam,Da Nang,2024-04-28,Regular,Social Media,Fashion,2,101.83,20.0,0.0,E-Wallet,Desktop,1.0,Delivered,
ORD101399,2025-01-01,C1191,32.0,Male,Cambodia,Phnom Penh,2024-09-07,Regular,Referral,Fashion,3,86.3,0.0,0.0,Credit Card,Desktop,11.0,Delivered,4.0
ORD100412,2024-05-23,C1712,23.0,Male,Philippines,Davao,2022-06-09,VIP,Paid Ads,Books,1,19.31,0.0,4.99,Bank Transfer,Desktop,4.0,Delivered,
ORD101098,2024-11-09,C1606,42.0,Female,Vietnam,Da Nang,2023-11-14,Regular,Social Media,Sports,1,44.58,20.0,2.99,Cash on Delivery,Mobile,9.0,Delivered,
ORD100825,2024-09-04,C1739,18.0,Male,Singapore,Singapore,2023-02-15,Regular,Social Media,Electronics,1,127.02,0.0,0.0,,Desktop,11.0,Delivered,
ORD101567,2025-02-28,C1269,34.0,Male,Thailand,,2023-08-12,Regular,Social Media,Home & Kitchen,1,28.04,15.0,9.99,Cash on Delivery,Mobile,4.0,Delivered,5.0
ORD100616,2024-07-15,C1280,39.0,Female,Thailand,Bangkok,2022-02-06,New,Organic Search,Electronics,2,548.58,0.0,0.0,PayPal,Desktop,9.0,Returned,3.0
ORD100114,2024-02-14,C1167,38.0,Female,Vietnam,Hanoi,2024-02-13,VIP,Organic Search,Home & Kitchen,2,98.08,5.0,0.0,Credit Card,Mobile,1.0,Delivered,3.0
ORD100417,2024-05-24,C1344,52.0,Female,Indonesia,Bandung,2022-03-23,VIP,Social Media,Home & Kitchen,1,53.99,0.0,4.99,E-Wallet,Desktop,1.0,Delivered,
ORD101954,2025-06-17,C1517,26.0,Female,Singapore,Singapore,2024-05-09,Regular,Organic Search,Home & Kitchen,2,118.13,5.0,0.0,E-Wallet,Mobile,11.0,Delivered,
ORD100969,2024-10-13,C1005,20.0,Female,Vietnam,Ho Chi Minh City,2023-12-19,New,Referral,Electronics,1,23.27,10.0,9.99,Credit Card,Mobile,11.0,Delivered,3.0
ORD100604,2024-07-11,C1293,0.0,Male,Philippines,Davao,2022-01-30,New,Paid Ads,Toys,2,58.69,5.0,2.99,Cash on Delivery,Mobile,11.0,Delivered,
ORD101963,2025-06-20,C1119,31.0,Male,Indonesia,Bandung,2022-04-15,VIP,Organic Search,Electronics,2,223.82,20.0,0.0,Credit Card,Mobile,10.0,Delivered,3.0
ORD100089,2024-02-06,C1614,25.0,Male,Cambodia,Battambang,2023-01-23,VIP,Social Media,Toys,3,18.61,0.0,6.99,E-Wallet,Mobile,7.0,Delivered,4.0
ORD100848,2024-09-08,C1027,38.0,Female,Malaysia,Penang,2023-10-06,VIP,Organic Search,Electronics,3,162.27,15.0,0.0,Credit Card,Mobile,6.0,Delivered,
ORD101552,2025-02-23,C1396,42.0,Female,Thailand,Bangkok,2023-04-08,Regular,Paid Ads,Fashion,1,27.82,5.0,9.99,Bank Transfer,Mobile,6.0,Returned,3.0
ORD101962,2025-06-19,C1570,18.0,Female,Thailand,Chiang Mai,2022-08-14,Regular,Organic Search,Sports,2,29.03,0.0,6.99,Bank Transfer,Mobile,2.0,Delivered,5.0
ORD100753,2024-08-19,C1530,30.0,Male,Thailand,Chiang Mai,2023-03-10,VIP,Social Media,Electronics,1,49.89,25.0,2.99,Credit Card,Mobile,1.0,Delivered,
ORD100498,2024-06-12,C1144,25.0,Male,Cambodia,Phnom Penh,2022-05-13,New,Social Media,Home & Kitchen,5,143.03,0.0,0.0,Bank Transfer,Mobile,6.0,Delivered,4.0
ORD101276,2024-12-13,C1207,21.0,Female,Indonesia,Jakarta,2022-03-15,New,Organic Search,Electronics,2,199.45,0.0,0.0,E-Wallet,Tablet,4.0,Delivered,3.0
ORD101325,2024-12-20,C1247,54.0,Male,Vietnam,Hanoi,2024-02-14,VIP,Organic Search,Beauty,2,43.79,10.0,9.99,Credit Card,Mobile,10.0,Delivered,
ORD100011,2024-01-06,C1355,37.0,Female,Indonesia,Bandung,2022-08-08,New,Paid Ads,Electronics,1,70.91,0.0,4.99,Credit Card,Desktop,6.0,Delivered,
ORD100396,2024-05-19,C1493,39.0,Female,Vietnam,Ho Chi Minh City,2022-03-16,VIP,Organic Search,Home & Kitchen,1,56.83,5.0,2.99,Credit Card,Mobile,9.0,Delivered,4.0
ORD100284,2024-04-20,C1215,45.0,Male,Singapore,Singapore,2023-03-12,New,Social Media,Electronics,3,190.61,10.0,0.0,Cash on Delivery,Desktop,1.0,Delivered,
ORD101066,2024-11-05,C1559,24.0,Male,Vietnam,Hanoi,2022-05-08,Regular,Email,Fashion,1,14.58,25.0,2.99,E-Wallet,Desktop,5.0,Returned,3.0
ORD101191,2024-11-26,C1293,18.0,Male,Philippines,Davao,2022-01-30,New,Paid Ads,Sports,0,40.39,0.0,6.99,E-Wallet,Mobile,,Cancelled,
ORD101783,2025-05-07,C1226,62.0,Male,Cambodia,Siem Reap,2023-05-22,Regular,Organic Search,Fashion,1,54.06,30.0,9.99,Credit Card,Mobile,11.0,Delivered,4.0
ORD100690,2024-08-04,C1664,33.0,Male,Philippines,Manila,2023-12-26,VIP,Social Media,Fashion,2,57.17,0.0,4.99,Credit Card,Desktop,8.0,Delivered,3.0
ORD101665,2025-03-31,C1369,43.0,Female,Cambodia,Battambang,2023-03-31,VIP,Organic Search,Home & Kitchen,1,101.15,10.0,4.99,PayPal,Desktop,3.0,Returned,3.0
ORD101919,2025-06-09,C1635,31.0,Female,Malaysia,Johor Bahru,2023-07-27,Regular,Paid Ads,Fashion,1,57.93,15.0,2.99,Bank Transfer,Mobile,7.0,Delivered,
ORD100689,2024-08-03,C1126,50.0,Male,Singapore,Singapore,2024-05-24,Regular,Social Media,Fashion,1,55.95,5.0,2.99,E-Wallet,Mobile,8.0,Delivered,4.0
ORD100851,2024-09-08,C1816,30.0,Male,Malaysia,Kuala Lumpur,2023-12-28,VIP,Paid Ads,Electronics,2,,20.0,0.0,Credit Card,Mobile,8.0,Delivered,4.0
ORD100159,2024-03-11,C1569,36.0,Female,Cambodia,Siem Reap,2022-11-19,VIP,Organic Search,Fashion,5,96.62,0.0,0.0,Cash on Delivery,Mobile,2.0,Delivered,
ORD100895,2024-09-20,C1133,32.0,Female,Vietnam,Hanoi,2024-09-19,New,Organic Search,Toys,4,53.64,20.0,0.0,Bank Transfer,Desktop,5.0,Delivered,4.0
ORD101608,2025-03-13,C1552,37.0,Female,Vietnam,Da Nang,2023-08-20,VIP,Paid Ads,Electronics,1,134.36,20.0,0.0,,Mobile,8.0,Delivered,3.0
ORD100257,2024-04-13,C1826,34.0,Male,Cambodia,Phnom Penh,2023-08-24,Regular,Paid Ads,Home & Kitchen,1,51.45,10.0,4.99,Credit Card,Mobile,8.0,Returned,2.0
ORD100335,2024-05-04,C1108,43.0,Male,Philippines,Davao,2022-06-05,VIP,Referral,Electronics,1,21.33,0.0,2.99,Credit Card,Mobile,4.0,Delivered,5.0
ORD101923,2025-06-10,C1769,52.0,Female,Cambodia,Sihanoukville,2023-03-30,Regular,Organic Search,Books,1,11.54,0.0,9.99,Credit Card,Desktop,8.0,Returned,2.0
ORD101039,2024-11-01,C1808,30.0,Male,Cambodia,Battambang,2023-02-07,New,Paid Ads,Home & Kitchen,3,79.96,0.0,0.0,Credit Card,Mobile,3.0,Delivered,
ORD100515,2024-06-16,C1816,,Male,Malaysia,Kuala Lumpur,2023-12-28,VIP,Paid Ads,Home & Kitchen,1,109.89,10.0,9.99,Cash on Delivery,Desktop,1.0,Delivered,3.0
ORD101348,2024-12-24,C1650,54.0,Male,Thailand,Chiang Mai,2024-01-28,VIP,Social Media,Sports,3,102.98,25.0,0.0,Credit Card,Mobile,2.0,Delivered,
ORD101015,2024-10-25,C1570,18.0,Female,Thailand,Chiang Mai,2022-08-14,Regular,Organic Search,Electronics,2,295.19,5.0,0.0,Bank Transfer,Mobile,11.0,Delivered,2.0
ORD100768,2024-08-20,C1374,40.0,Male,Thailand,Bangkok,2022-10-02,VIP,Social Media,Electronics,1,127.07,30.0,0.0,Bank Transfer,Mobile,9.0,Delivered,
ORD101785,2025-05-07,C1646,41.0,Female,Indonesia,Jakarta,2023-12-18,New,Paid Ads,Fashion,1,28.23,15.0,9.99,Cash on Delivery,Mobile,4.0,Delivered,4.0
ORD100761,2024-08-20,C1135,23.0,Female,Vietnam,Da Nang,2024-05-06,Regular,Paid Ads,Beauty,1,27.98,30.0,9.99,E-Wallet,Mobile,7.0,Delivered,
ORD101246,2024-12-08,C1111,37.0,Female,Vietnam,Hanoi,2024-04-01,New,Referral,Fashion,1,62.98,10.0,4.99,Credit Card,Mobile,8.0,Returned,
ORD101203,2024-11-28,C1709,41.0,Female,Cambodia,Battambang,2022-08-11,New,Email,Books,3,19.16,20.0,2.99,Credit Card,Desktop,4.0,Delivered,4.0
ORD100353,2024-05-08,C1002,42.0,Male,Thailand,Phuket,2024-05-07,Regular,Email,Home & Kitchen,2,112.56,0.0,0.0,Credit Card,Desktop,,Cancelled,
ORD100792,2024-08-27,C1625,28.0,Male,Thailand,Bangkok,2023-08-10,Regular,Paid Ads,Beauty,1,44.18,0.0,4.99,Credit Card,Desktop,,Cancelled,
ORD100521,2024-06-18,C1203,41.0,Female,Cambodia,Sihanoukville,2023-05-16,VIP,Organic Search,Sports,3,92.42,5.0,0.0,E-Wallet,Desktop,1.0,Delivered,5.0
ORD100022,2024-01-12,C1378,52.0,Female,Thailand,Chiang Mai,2022-11-12,Regular,Social Media,Sports,2,61.94,10.0,0.0,Credit Card,Desktop,10.0,Delivered,3.0
ORD100356,2024-05-08,C1316,35.0,Female,Vietnam,Hanoi,2023-05-23,VIP,Paid Ads,Toys,2,7.81,0.0,2.99,Bank Transfer,Mobile,5.0,Delivered,
ORD101277,2024-12-13,C1384,18.0,Male,Cambodia,Battambang,2023-04-25,VIP,Organic Search,Electronics,1,7.01,0.0,6.99,E-Wallet,Desktop,,Cancelled,
ORD101312,2024-12-17,C1805,46.0,Female,Cambodia,Sihanoukville,2024-04-20,VIP,Paid Ads,Electronics,1,376.41,25.0,0.0,Credit Card,Tablet,5.0,Delivered,5.0
ORD101719,2025-04-17,C1690,37.0,Male,Singapore,Singapore,2022-08-16,Regular,Organic Search,Books,1,9.52,10.0,4.99,Cash on Delivery,Desktop,7.0,Delivered,3.0
ORD100340,2024-05-05,C1569,36.0,Female,Cambodia,Siem Reap,2022-11-19,VIP,Organic Search,fashion,3,35.05,15.0,6.99,Bank Transfer,Mobile,,Cancelled,
ORD100431,2024-05-28,C1401,36.0,Male,Vietnam,Da Nang,2022-03-21,VIP,Social Media,Books,1,28.66,25.0,4.99,Cash on Delivery,Mobile,2.0,Delivered,
ORD100473,2024-06-08,C1586,21.0,Male,Cambodia,Siem Reap,2024-06-07,VIP,Email,Beauty,2,28.72,5.0,9.99,E-Wallet,Tablet,8.0,Delivered,
ORD100217,2024-03-31,C1295,36.0,Female,Cambodia,Sihanoukville,2022-07-14,VIP,Paid Ads,Books,1,10.76,0.0,9.99,Credit Card,Desktop,11.0,Delivered,
ORD100911,2024-09-24,C1350,38.0,Male,Vietnam,Ho Chi Minh City,2022-11-05,Regular,Email,Sports,1,62.5,5.0,2.99,Credit Card,Mobile,7.0,Delivered,
ORD101227,2024-12-04,C1700,46.0,Male,Thailand,Chiang Mai,2022-08-25,VIP,Organic Search,Beauty,3,9.12,0.0,4.99,E-Wallet,Mobile,10.0,Delivered,4.0
ORD101629,2025-03-20,C1707,40.0,Male,Philippines,Cebu,2023-11-04,Regular,Organic Search,Electronics,1,390.64,0.0,0.0,E-Wallet,Desktop,5.0,Delivered,3.0
ORD101011,2024-10-23,C1051,41.0,Male,Cambodia,Battambang,2022-06-01,Regular,Organic Search,Fashion,3,20.15,0.0,4.99,Credit Card,Tablet,3.0,Returned,4.0
ORD101994,2025-06-29,C1252,53.0,Female,Singapore,Singapore,2024-07-05,New,Organic Search,Home & Kitchen,1,104.59,10.0,2.99,Credit Card,Mobile,11.0,Delivered,4.0
ORD100093,2024-02-08,C1523,32.0,Female,Philippines,Davao,2023-02-03,VIP,Email,Beauty,2,22.98,0.0,4.99,E-Wallet,Mobile,9.0,Delivered,3.0
ORD101008,2024-10-22,C1126,50.0,Male,Singapore,Singapore,2024-05-24,Regular,Social Media,Home & Kitchen,1,9.95,20.0,6.99,Credit Card,Mobile,4.0,Delivered,4.0
ORD101070,2024-11-06,C1122,36.0,Male,Cambodia,Phnom Penh,2024-03-21,VIP,Referral,Books,1,11.47,20.0,6.99,Cash on Delivery,Desktop,1.0,Delivered,4.0
ORD101092,2024-11-08,C1801,22.0,Female,Cambodia,Sihanoukville,2023-10-16,New,Organic Search,Beauty,1,32.74,0.0,9.99,Credit Card,Mobile,7.0,Delivered,
ORD101618,2025-03-15,C1007,31.0,Male,Malaysia,Penang,2022-04-16,VIP,Paid Ads,Beauty,1,14.36,0.0,9.99,E-Wallet,Mobile,6.0,Delivered,
ORD101308,2024-12-17,C1210,44.0,Male,Thailand,Bangkok,2024-03-04,VIP,Organic Search,Electronics,4,340.52,0.0,0.0,E-Wallet,Mobile,7.0,Delivered,3.0
ORD100696,2024-08-06,C1586,21.0,Male,Cambodia,Siem Reap,2024-06-07,VIP,Email,Fashion,3,36.19,0.0,2.99,E-Wallet,Desktop,10.0,Returned,3.0
ORD101834,2025-05-21,C1641,42.0,Male,Vietnam,Ho Chi Minh City,2024-04-29,Regular,Social Media,Electronics,3,356.74,0.0,0.0,E-Wallet,Mobile,10.0,Delivered,
ORD100996,2024-10-19,C1609,40.0,Female,Cambodia,Sihanoukville,2024-03-10,Regular,Organic Search,Home & Kitchen,2,36.37,15.0,9.99,E-Wallet,Desktop,7.0,Delivered,4.0
ORD101458,2025-01-19,C1220,32.0,Female,Malaysia,Kuala Lumpur,2022-07-13,Regular,Organic Search,Electronics,2,129.51,0.0,0.0,E-Wallet,Tablet,6.0,Delivered,4.0
ORD100153,2024-03-06,C1305,22.0,Female,Cambodia,Siem Reap,2023-02-10,New,Email,Toys,1,16.7,0.0,6.99,PayPal,Mobile,4.0,Returned,3.0
ORD101099,2024-11-09,C1322,47.0,Male,Cambodia,Siem Reap,2023-10-21,VIP,Organic Search,Beauty,1,56.55,5.0,4.99,E-Wallet,Desktop,2.0,Delivered,5.0
ORD101755,2025-04-28,C1322,47.0,Male,Cambodia,Siem Reap,2023-10-21,VIP,Organic Search,Toys,1,36.86,20.0,2.99,PayPal,Mobile,10.0,Delivered,3.0
ORD100251,2024-04-11,C1561,38.0,Female,Malaysia,Kuala Lumpur,2024-04-10,Regular,Paid Ads,Electronics,2,194.95,0.0,0.0,Cash on Delivery,Mobile,5.0,Delivered,4.0
ORD100789,2024-08-26,C1595,29.0,Female,Thailand,Bangkok,2024-06-03,VIP,Social Media,Fashion,1,3.0,10.0,2.99,Credit Card,Desktop,9.0,Delivered,3.0
ORD100580,2024-07-05,C1768,20.0,Male,Vietnam,Ho Chi Minh City,2022-04-14,Regular,Social Media,Fashion,2,93.02,5.0,0.0,Credit Card,Desktop,8.0,Delivered,5.0
ORD101470,2025-01-24,C1700,46.0,Male,Thailand,Chiang Mai,2022-08-25,VIP,Organic Search,Electronics,2,39.91,10.0,9.99,Bank Transfer,Desktop,7.0,Delivered,4.0
ORD100703,2024-08-07,C1301,18.0,Male,Thailand,Chiang Mai,2023-04-20,New,Email,Beauty,4,33.94,0.0,0.0,Bank Transfer,Desktop,4.0,Delivered,5.0
ORD101212,2024-11-30,C1672,26.0,Female,Cambodia,Siem Reap,2022-02-23,VIP,Social Media,Sports,4,130.71,15.0,0.0,E-Wallet,Mobile,4.0,Returned,2.0
ORD101295,2024-12-16,C1654,40.0,Female,Cambodia,Sihanoukville,2024-02-27,Regular,Social Media,Sports,1,,0.0,9.99,Cash on Delivery,Desktop,6.0,Delivered,4.0
ORD101702,2025-04-11,C1670,43.0,Female,Cambodia,Siem Reap,2024-05-08,VIP,Paid Ads,Home & Kitchen,1,3.0,5.0,9.99,Cash on Delivery,Mobile,7.0,Delivered,
ORD101260,2024-12-11,C1143,37.0,Female,Indonesia,Bandung,2023-02-13,Regular,Paid Ads,Electronics,3,338.93,15.0,0.0,Cash on Delivery,Mobile,3.0,Delivered,4.0
ORD100487,2024-06-09,C1819,21.0,Male,Vietnam,Ho Chi Minh City,2022-03-06,Regular,Paid Ads,Fashion,2,25.88,15.0,4.99,Credit Card,Desktop,11.0,Delivered,
ORD100559,2024-06-30,C1125,38.0,Female,Thailand,Chiang Mai,2023-01-27,New,Email,Books,1,11.14,0.0,2.99,Cash on Delivery,Mobile,9.0,Delivered,3.0
ORD101141,2024-11-17,C1072,24.0,Female,Cambodia,Phnom Penh,2022-01-01,VIP,Paid Ads,Toys,3,60.05,5.0,0.0,Credit Card,Desktop,6.0,Delivered,4.0
ORD101119,2024-11-14,C1792,40.0,Male,Cambodia,Siem Reap,2023-10-25,VIP,Organic Search,Home & Kitchen,2,37.55,0.0,6.99,E-Wallet,Tablet,7.0,Delivered,3.0
ORD100801,2024-08-29,C1004,18.0,Female,Thailand,Bangkok,2022-08-06,Regular,Referral,Home & Kitchen,1,51.23,0.0,9.99,Cash on Delivery,Desktop,3.0,Delivered,5.0
ORD100512,2024-06-16,C1260,31.0,Female,Singapore,Singapore,2024-01-16,Regular,Email,Home & Kitchen,1,15.1,0.0,2.99,E-Wallet,Desktop,5.0,Delivered,
ORD100633,2024-07-19,C1248,66.0,Male,Vietnam,Da Nang,2023-02-15,Regular,Email,Electronics,1,87.05,10.0,6.99,Credit Card,Mobile,5.0,Delivered,4.0
ORD101511,2025-02-07,C1359,32.0,Male,Thailand,Bangkok,2024-08-08,Regular,Organic Search,Electronics,1,345.79,5.0,0.0,Bank Transfer,Mobile,4.0,Delivered,3.0
ORD101828,2025-05-19,C1710,34.0,Female,Singapore,Singapore,2022-06-08,VIP,Social Media,Sports,4,64.09,10.0,0.0,E-Wallet,Desktop,4.0,Delivered,
ORD101578,2025-03-03,C1687,50.0,Male,Vietnam,Hanoi,2023-10-20,VIP,Email,Electronics,1,302.09,15.0,0.0,Credit Card,Mobile,9.0,Delivered,
ORD101150,2024-11-20,C1687,50.0,Male,Vietnam,Hanoi,2023-10-20,VIP,Email,Sports,1,90.94,0.0,9.99,Credit Card,Mobile,11.0,Delivered,
ORD100790,2024-08-26,C1494,,Female,Singapore,Singapore,2024-03-16,VIP,Referral,Beauty,2,31.48,15.0,9.99,Bank Transfer,Mobile,4.0,Delivered,3.0
ORD100116,2024-02-16,C1457,25.0,Female,Vietnam,Da Nang,2022-06-26,Regular,Organic Search,Home & Kitchen,1,11.4,15.0,2.99,Cash on Delivery,Mobile,8.0,Delivered,
ORD101497,2025-02-02,C1787,32.0,Female,Vietnam,Ho Chi Minh City,2023-07-20,Regular,Email,Home & Kitchen,1,83.58,20.0,2.99,Cash on Delivery,Mobile,8.0,Delivered,3.0
ORD100740,2024-08-16,C1581,21.0,Male,Thailand,Bangkok,2022-02-27,VIP,Paid Ads,Fashion,1,101.06,0.0,4.99,Credit Card,Mobile,,Cancelled,
ORD101727,2025-04-20,C1391,35.0,Male,Philippines,Davao,2022-06-07,New,Organic Search,Home & Kitchen,1,35.82,5.0,6.99,E-Wallet,Desktop,1.0,Delivered,5.0
ORD101081,2024-11-07,C1650,54.0,Male,Thailand,Chiang Mai,2024-01-28,VIP,Social Media,Home & Kitchen,3,56.86,15.0,0.0,Credit Card,Mobile,4.0,Delivered,5.0
ORD100830,2024-09-05,C1364,33.0,Female,Indonesia,Bandung,2024-01-20,Regular,Paid Ads,Fashion,1,38.22,0.0,2.99,Bank Transfer,Mobile,5.0,Delivered,4.0
ORD100119,2024-02-17,C1388,37.0,Female,Singapore,Singapore,2024-01-29,New,Email,Sports,1,68.96,0.0,6.99,Bank Transfer,Desktop,6.0,Returned,2.0
ORD100656,2024-07-27,C1816,30.0,Male,Malaysia,Kuala Lumpur,2023-12-28,VIP,Paid Ads,Fashion,3,57.56,25.0,0.0,Credit Card,Mobile,11.0,Returned,2.0
ORD101951,2025-06-16,C1723,18.0,Male,Indonesia,Surabaya,2022-01-20,VIP,Social Media,Home & Kitchen,1,129.77,25.0,0.0,Credit Card,Mobile,10.0,Returned,
ORD100635,2024-07-20,C1444,30.0,Male,Cambodia,Phnom Penh,2023-02-18,VIP,Email,Sports,1,160.88,0.0,0.0,Bank Transfer,Mobile,2.0,Delivered,
ORD100369,2024-05-11,C1424,24.0,Female,Thailand,Bangkok,2023-05-16,New,Organic Search,Sports,1,67.26,30.0,4.99,E-Wallet,Mobile,10.0,Delivered,3.0
ORD100268,2024-04-16,C1732,40.0,Female,Vietnam,Da Nang,2022-03-12,VIP,Paid Ads,Sports,1,14.91,5.0,2.99,Credit Card,Desktop,,Cancelled,
ORD100655,2024-07-27,C1275,38.0,Male,Singapore,Singapore,2023-01-01,VIP,Paid Ads,Sports,3,19.78,0.0,9.99,Cash on Delivery,Mobile,5.0,Delivered,5.0
ORD100935,2024-10-02,C1607,39.0,Female,Philippines,Cebu,2023-04-01,New,Organic Search,Books,3,15.36,25.0,2.99,Credit Card,Mobile,2.0,Delivered,4.0
ORD100822,2024-09-03,C1210,,Male,Thailand,Bangkok,2024-03-04,VIP,Organic Search,Electronics,1,147.66,15.0,0.0,Cash on Delivery,Tablet,6.0,Delivered,3.0
ORD100866,2024-09-14,C1103,42.0,Male,Vietnam,Ho Chi Minh City,2022-04-21,Regular,Social Media,Fashion,1,97.43,0.0,2.99,Credit Card,Tablet,3.0,Delivered,3.0
ORD100046,2024-01-19,C1120,23.0,Male,Thailand,Chiang Mai,2023-02-13,Regular,Referral,Toys,4,73.85,20.0,0.0,Credit Card,Tablet,1.0,Delivered,5.0
ORD101373,2024-12-28,C1039,41.0,Male,Cambodia,Battambang,2023-09-27,Regular,Organic Search,Home & Kitchen,5,153.48,0.0,0.0,E-Wallet,Mobile,3.0,Delivered,
ORD101745,2025-04-26,C1776,22.0,Male,Cambodia,Sihanoukville,2022-12-22,Regular,Referral,Home & Kitchen,1,89.48,20.0,9.99,E-Wallet,Mobile,9.0,Delivered,4.0
ORD100991,2024-10-18,C1391,35.0,Male,Philippines,Davao,2022-06-07,New,Organic Search,Books,2,8.19,15.0,6.99,Cash on Delivery,Mobile,3.0,Delivered,5.0
ORD100876,2024-09-17,C1304,33.0,Female,Cambodia,Battambang,2024-09-16,Regular,Social Media,Home & Kitchen,1,3.0,10.0,9.99,Cash on Delivery,Mobile,10.0,Delivered,
ORD100773,2024-08-23,C1436,28.0,Female,Malaysia,Kuala Lumpur,2023-12-06,Regular,Organic Search,Fashion,2,18.42,5.0,2.99,Bank Transfer,Mobile,2.0,Delivered,
ORD101219,2024-12-02,C1394,42.0,Female,Singapore,Singapore,2022-02-16,New,Social Media,Beauty,1,51.05,5.0,6.99,E-Wallet,Mobile,2.0,Delivered,5.0
ORD101568,2025-02-28,C1210,44.0,Male,Thailand,Bangkok,2024-03-04,VIP,Organic Search,Fashion,1,28.77,0.0,2.99,Bank Transfer,Mobile,9.0,Delivered,
ORD100004,2024-01-02,C1107,30.0,Female,Vietnam,Da Nang,2023-03-27,New,Organic Search,Toys,1,11.07,0.0,9.99,E-Wallet,Desktop,1.0,Delivered,5.0
ORD101003,2024-10-21,C1821,50.0,Male,Cambodia,Sihanoukville,2024-05-06,VIP,Referral,Toys,2,30.5,5.0,6.99,Cash on Delivery,Desktop,4.0,Delivered,4.0
ORD101761,2025-04-29,C1398,40.0,Male,Vietnam,Hanoi,2024-03-25,Regular,Email,Sports,2,33.12,0.0,4.99,Bank Transfer,Mobile,11.0,Returned,3.0
ORD100263,2024-04-15,C1685,29.0,Female,Cambodia,Battambang,2024-03-11,New,Referral,Fashion,1,80.76,0.0,6.99,PayPal,Desktop,3.0,Delivered,5.0
ORD101602,2025-03-09,C1348,18.0,Female,Philippines,Davao,2023-10-18,Regular,Paid Ads,Fashion,2,3.0,0.0,6.99,Credit Card,Mobile,7.0,Returned,
ORD101872,2025-05-31,C1035,46.0,Female,Vietnam,Ho Chi Minh City,2024-07-10,VIP,Organic Search,Sports,2,125.53,25.0,0.0,Credit Card,Mobile,3.0,Delivered,4.0
ORD100443,2024-05-30,C1636,32.0,Female,Cambodia,Siem Reap,2024-05-29,VIP,Organic Search,Sports,1,52.47,15.0,4.99,Credit Card,Desktop,8.0,Delivered,
ORD101002,2024-10-20,C1360,32.0,Female,Cambodia,Phnom Penh,2024-05-18,Regular,Social Media,Electronics,1,3.0,5.0,4.99,E-Wallet,Mobile,5.0,Delivered,4.0
ORD101077,2024-11-07,C1579,38.0,Male,Singapore,Singapore,2022-07-20,Regular,Referral,Fashion,1,45.31,0.0,6.99,PayPal,Mobile,2.0,Returned,3.0
ORD100837,2024-09-06,C1183,46.0,Male,Cambodia,Sihanoukville,2022-06-18,VIP,Social Media,Fashion,1,61.02,15.0,4.99,Cash on Delivery,Desktop,3.0,Delivered,
ORD101831,2025-05-20,C1365,50.0,Female,Cambodia,Sihanoukville,2022-12-17,Regular,Email,Sports,1,3.0,10.0,4.99,Credit Card,Mobile,4.0,Delivered,5.0
ORD100304,2024-04-25,C1090,41.0,Female,Cambodia,Sihanoukville,2024-04-24,VIP,Paid Ads,Beauty,3,27.71,0.0,6.99,Credit Card,Mobile,10.0,Delivered,4.0
ORD101365,2024-12-27,C1127,21.0,Female,Singapore,Singapore,2023-11-25,Regular,Social Media,Sports,1,41.73,25.0,6.99,Cash on Delivery,Mobile,4.0,Delivered,5.0
ORD101991,2025-06-27,C1129,24.0,Female,Vietnam,Ho Chi Minh City,2023-11-17,Regular,Email,Beauty,2,36.31,15.0,2.99,Credit Card,Mobile,6.0,Delivered,2.0
ORD100313,2024-04-28,C1290,31.0,Male,Indonesia,Surabaya,2022-07-16,Regular,Social Media,Fashion,1,41.47,0.0,6.99,Credit Card,Tablet,3.0,Delivered,5.0
ORD100149,2024-03-03,C1451,38.0,Male,Thailand,Bangkok,2022-04-10,VIP,Organic Search,Electronics,1,205.68,10.0,0.0,Credit Card,Tablet,2.0,Delivered,5.0
ORD101148,2024-11-19,C1057,50.0,Male,Malaysia,Johor Bahru,2023-12-05,Regular,Organic Search,Sports,1,104.91,0.0,9.99,Credit Card,Mobile,8.0,Returned,2.0
ORD101213,2024-12-01,C1397,37.0,Female,Cambodia,Phnom Penh,2023-04-18,VIP,Social Media,Toys,2,20.36,15.0,2.99,E-Wallet,Desktop,5.0,Returned,
ORD100574,2024-07-03,C1393,39.0,Male,Singapore,Singapore,2023-03-09,New,Organic Search,Fashion,5,96.16,20.0,0.0,E-Wallet,Desktop,6.0,Returned,2.0
ORD100050,2024-01-21,C1189,52.0,Male,Cambodia,Phnom Penh,2023-04-24,Regular,Email,Electronics,3,312.97,10.0,0.0,Bank Transfer,Mobile,10.0,Returned,3.0
ORD101958,2025-06-18,C1047,36.0,Male,Philippines,Davao,2022-06-28,VIP,Organic Search,Toys,3,29.31,30.0,4.99,E-Wallet,Mobile,4.0,Delivered,
ORD100726,2024-08-12,C1713,34.0,Male,Singapore,Singapore,2022-03-06,Regular,Referral,Beauty,2,28.81,20.0,6.99,E-Wallet,Mobile,8.0,Delivered,
ORD100833,2024-09-05,C1177,,Female,Thailand,Phuket,2023-03-06,Regular,Email,Sports,2,20.11,5.0,6.99,Bank Transfer,Mobile,2.0,Delivered,
ORD101377,2024-12-28,C1280,39.0,Female,Thailand,Bangkok,2022-02-06,New,Organic Search,Home & Kitchen,1,98.46,25.0,9.99,E-Wallet,Desktop,6.0,Delivered,
ORD101115,2024-11-13,C1083,30.0,Male,Cambodia,Siem Reap,2022-07-12,Regular,Social Media,Sports,3,14.64,5.0,2.99,PayPal,Mobile,8.0,Delivered,4.0
ORD101166,2024-11-23,C1478,34.0,Male,Cambodia,Siem Reap,2023-01-30,VIP,Paid Ads,Home & Kitchen,1,94.64,15.0,6.99,Bank Transfer,Mobile,8.0,Delivered,
ORD100470,2024-06-07,C1628,23.0,Male,Cambodia,Battambang,2023-02-12,New,Social Media,Toys,2,36.14,15.0,4.99,Cash on Delivery,Mobile,3.0,Delivered,2.0
ORD100971,2024-10-13,C1225,37.0,Male,Vietnam,Ho Chi Minh City,2022-02-27,Regular,Social Media,Home & Kitchen,1,139.4,0.0,0.0,Credit Card,Desktop,5.0,Delivered,4.0
ORD100653,2024-07-26,C1515,38.0,Female,Cambodia,Phnom Penh,2024-07-25,New,Social Media,Toys,2,41.26,0.0,6.99,Cash on Delivery,Mobile,10.0,Delivered,3.0
ORD100399,2024-05-19,C1724,24.0,Female,Vietnam,Ho Chi Minh City,2022-11-15,New,Social Media,Fashion,1,6.47,15.0,9.99,Credit Card,Mobile,10.0,Delivered,3.0
ORD100511,2024-06-15,C1361,38.0,Male,Malaysia,Johor Bahru,2022-06-12,Regular,Social Media,Sports,1,45.88,0.0,6.99,Credit Card,Tablet,11.0,Delivered,2.0
ORD100320,2024-04-30,C1042,27.0,Male,Thailand,Chiang Mai,2024-04-29,Regular,Referral,Toys,2,17.25,5.0,2.99,Cash on Delivery,Mobile,4.0,Delivered,3.0
ORD100019,2024-01-10,C1618,27.0,Female,Vietnam,Ho Chi Minh City,2022-11-20,New,Paid Ads,Home & Kitchen,1,,0.0,4.99,Credit Card,Mobile,7.0,Delivered,4.0
ORD100684,2024-08-02,C1538,18.0,Male,Vietnam,Ho Chi Minh City,2023-06-04,Regular,Organic Search,Electronics,2,237.93,5.0,0.0,E-Wallet,Desktop,9.0,Delivered,
ORD100035,2024-01-16,C1134,18.0,Male,Thailand,Bangkok,2022-02-04,Regular,Organic Search,Electronics,1,243.97,0.0,0.0,Credit Card,Mobile,8.0,Delivered,
ORD100902,2024-09-22,C1354,46.0,Female,Vietnam,Hanoi,2024-07-05,Regular,Referral,Books,1,16.07,0.0,2.99,Credit Card,Desktop,6.0,Delivered,
ORD101818,2025-05-15,C1669,18.0,Female,Cambodia,Battambang,2023-02-03,VIP,Email,Electronics,1,20.06,5.0,2.99,Cash on Delivery,Desktop,3.0,Delivered,3.0
ORD100827,2024-09-04,C1533,39.0,Female,Cambodia,Sihanoukville,2023-06-06,Regular,Email,Fashion,2,20.45,0.0,9.99,E-Wallet,Desktop,2.0,Delivered,
ORD101838,2025-05-22,C1518,44.0,Male,Thailand,Bangkok,2023-10-25,VIP,Paid Ads,Sports,2,78.07,0.0,0.0,E-Wallet,Mobile,10.0,Delivered,4.0
ORD100407,2024-05-22,C1010,44.0,Male,Singapore,Singapore,2024-05-14,New,Paid Ads,Fashion,1,45.97,25.0,2.99,Credit Card,Mobile,5.0,Delivered,4.0
ORD100920,2024-09-26,C1701,31.0,Male,Vietnam,Ho Chi Minh City,2023-03-09,Regular,Email,Books,4,34.62,0.0,0.0,Cash on Delivery,Mobile,,Cancelled,
ORD100537,2024-06-22,C1084,21.0,Male,Vietnam,Ho Chi Minh City,2022-08-04,New,Social Media,Fashion,2,80.57,0.0,0.0,Bank Transfer,Mobile,4.0,Delivered,
ORD100758,2024-08-20,C1697,23.0,Female,Philippines,Manila,2023-09-19,VIP,Referral,Sports,2,48.3,5.0,4.99,Credit Card,Tablet,5.0,Delivered,4.0
ORD101948,2025-06-16,C1003,44.0,Male,Malaysia,Johor Bahru,2024-06-13,Regular,Email,Home & Kitchen,2,105.0,0.0,0.0,Bank Transfer,Mobile,9.0,Delivered,3.0
ORD101062,2024-11-05,C1325,42.0,Male,Cambodia,Phnom Penh,2024-01-08,Regular,Paid Ads,Home & Kitchen,2,29.92,0.0,4.99,E-Wallet,Mobile,11.0,Delivered,4.0
ORD101199,2024-11-27,C1517,26.0,Female,Singapore,Singapore,2024-05-09,Regular,Organic Search,Fashion,2,20.98,20.0,6.99,PayPal,Mobile,10.0,Delivered,
ORD100245,2024-04-09,C1315,31.0,Male,Thailand,Phuket,2024-04-08,Regular,Organic Search,Home & Kitchen,4,103.73,5.0,0.0,Cash on Delivery,Desktop,11.0,Delivered,
ORD101416,2025-01-06,C1584,42.0,Female,Singapore,Singapore,2023-05-22,VIP,Organic Search,Electronics,1,160.77,0.0,0.0,Cash on Delivery,Mobile,5.0,Delivered,
ORD101127,2024-11-15,C1020,32.0,Female,Singapore,Singapore,2022-10-14,New,Referral,Home & Kitchen,2,21.21,30.0,6.99,E-Wallet,Desktop,1.0,Delivered,5.0
ORD100784,2024-08-25,C1724,24.0,Female,Vietnam,Ho Chi Minh City,2022-11-15,New,Social Media,Toys,2,35.76,0.0,9.99,Credit Card,Mobile,4.0,Delivered,4.0
ORD101781,2025-05-06,C1187,21.0,Male,Cambodia,Battambang,2024-06-07,Regular,Paid Ads,Electronics,2,3.0,25.0,2.99,E-Wallet,Mobile,8.0,Delivered,4.0
ORD100489,2024-06-09,C1095,18.0,Female,Thailand,Phuket,2023-11-13,Regular,Organic Search,Toys,1,29.56,0.0,4.99,E-Wallet,Mobile,7.0,Delivered,4.0
ORD100154,2024-03-06,C1284,22.0,Female,Cambodia,Siem Reap,2023-09-10,Regular,Referral,Fashion,1,51.95,5.0,4.99,E-Wallet,Desktop,1.0,Delivered,3.0
ORD100961,2024-10-09,C1516,41.0,Male,Cambodia,Siem Reap,2024-02-15,New,Email,Books,3,10.75,0.0,2.99,Credit Card,Tablet,1.0,Delivered,
ORD100853,2024-09-08,C1668,28.0,Male,Malaysia,Penang,2022-07-07,New,Email,Books,1,12.16,0.0,6.99,Credit Card,Mobile,,Cancelled,
ORD101311,2024-12-17,C1314,43.0,Female,Malaysia,Kuala Lumpur,2024-07-10,VIP,Social Media,Sports,2,16.92,10.0,2.99,E-Wallet,Desktop,9.0,Delivered,4.0
ORD100625,2024-07-17,C1603,27.0,Female,Cambodia,Siem Reap,2023-05-28,Regular,Social Media,home & kitchen,1,91.29,0.0,2.99,PayPal,Mobile,6.0,Delivered,3.0
ORD100685,2024-08-03,C1150,32.0,Male,Indonesia,Surabaya,2024-08-02,New,Social Media,Electronics,1,155.74,10.0,0.0,Credit Card,Mobile,7.0,Delivered,
ORD101594,2025-03-07,C1697,23.0,Female,Philippines,Manila,2023-09-19,VIP,Referral,Fashion,1,52.38,10.0,2.99,Cash on Delivery,Mobile,7.0,Returned,
ORD100569,2024-07-03,C1394,42.0,Female,Singapore,Singapore,2022-02-16,New,Social Media,Beauty,1,13.03,5.0,4.99,Credit Card,Desktop,4.0,Delivered,3.0
ORD101952,2025-06-17,C1509,39.0,Female,Thailand,Bangkok,2024-03-18,Regular,Organic Search,Home & Kitchen,2,66.34,10.0,0.0,E-Wallet,Mobile,,Cancelled,
ORD100017,2024-01-08,C1721,46.0,Female,Thailand,Phuket,2022-01-12,Regular,Organic Search,Toys,1,64.72,0.0,2.99,Credit Card,Mobile,3.0,Delivered,3.0
ORD100127,2024-02-22,C1436,28.0,Female,Malaysia,Kuala Lumpur,2023-12-06,Regular,Organic Search,Fashion,2,44.11,0.0,2.99,E-Wallet,Mobile,4.0,Delivered,3.0
ORD101346,2024-12-24,C1178,33.0,Male,Cambodia,Phnom Penh,2023-02-04,Regular,Organic Search,Fashion,2,44.18,20.0,4.99,Bank Transfer,Mobile,6.0,Delivered,3.0
ORD101279,2024-12-13,C1515,38.0,Female,Cambodia,Phnom Penh,2024-07-25,New,Social Media,Fashion,2,14.48,0.0,6.99,E-Wallet,Mobile,11.0,Delivered,4.0
ORD100584,2024-07-07,C1636,32.0,Female,Cambodia,Siem Reap,2024-05-29,VIP,Organic Search,Sports,3,134.73,15.0,0.0,Credit Card,Tablet,9.0,Delivered,
ORD100927,2024-09-27,C1399,26.0,Female,Vietnam,Hanoi,2024-08-25,VIP,Organic Search,Fashion,1,47.92,10.0,4.99,Credit Card,Mobile,11.0,Delivered,3.0
ORD100980,2024-10-16,C1263,,Female,Cambodia,Battambang,2022-07-06,New,Referral,Electronics,5,148.99,5.0,0.0,E-Wallet,Mobile,2.0,Delivered,
ORD101323,2024-12-19,C1797,46.0,Male,Vietnam,Hanoi,2024-07-27,Regular,Paid Ads,Fashion,1,40.88,0.0,2.99,Bank Transfer,Desktop,,Cancelled,
ORD100190,2024-03-21,C1455,36.0,Male,Thailand,Chiang Mai,2023-08-31,VIP,Organic Search,Electronics,2,4.73,0.0,9.99,E-Wallet,Mobile,5.0,Delivered,4.0
ORD101139,2024-11-17,C1047,36.0,Male,Philippines,Davao,2022-06-28,VIP,Organic Search,Electronics,1,67.09,5.0,4.99,Bank Transfer,Mobile,5.0,Delivered,
ORD100992,2024-10-18,C1368,36.0,Male,Thailand,Chiang Mai,2023-11-16,Regular,Social Media,Toys,1,8.13,0.0,6.99,Credit Card,Mobile,2.0,Delivered,
ORD101860,2025-05-28,C1595,29.0,Female,Thailand,Bangkok,2024-06-03,VIP,Social Media,Fashion,3,4.42,20.0,4.99,Cash on Delivery,Mobile,5.0,Delivered,3.0
ORD101692,2025-04-08,C1774,34.0,Female,Malaysia,Penang,2023-12-05,VIP,Organic Search,Fashion,1,8.61,110.0,9.99,Cash on Delivery,Mobile,9.0,Delivered,2.0
ORD100606,2024-07-12,C1050,37.0,Male,Cambodia,Siem Reap,2022-09-30,Regular,Social Media,Toys,4,49.87,0.0,0.0,E-Wallet,Mobile,1.0,Delivered,4.0
ORD100180,2024-03-18,C1164,43.0,Female,Cambodia,Sihanoukville,2023-03-30,VIP,Social Media,Home & Kitchen,1,115.44,5.0,2.99,Cash on Delivery,Mobile,6.0,Delivered,3.0
ORD100301,2024-04-24,C1531,24.0,Female,Cambodia,Siem Reap,2023-06-14,VIP,Email,Home & Kitchen,1,90.76,5.0,4.99,Credit Card,Desktop,8.0,Delivered,3.0
ORD100496,2024-06-11,C1072,24.0,Female,Cambodia,Phnom Penh,2022-01-01,VIP,Paid Ads,Home & Kitchen,1,3.0,5.0,2.99,E-Wallet,Mobile,2.0,Returned,3.0
ORD101732,2025-04-22,C1198,34.0,Male,Cambodia,Phnom Penh,2022-05-14,New,Social Media,Books,2,14.56,0.0,9.99,E-Wallet,Desktop,10.0,Returned,3.0
ORD101746,2025-04-26,C1114,35.0,Female,Vietnam,Da Nang,2023-03-31,Regular,Paid Ads,Home & Kitchen,3,3.0,10.0,9.99,Cash on Delivery,Mobile,10.0,Returned,2.0
ORD101697,2025-04-10,C1279,37.0,Male,Singapore,Singapore,2022-08-14,Regular,Organic Search,Sports,1,108.1,0.0,4.99,Bank Transfer,Desktop,4.0,Delivered,
ORD101672,2025-04-02,C1115,28.0,Female,Vietnam,Da Nang,2022-06-13,VIP,Referral,Toys,2,58.99,0.0,4.99,Credit Card,Mobile,10.0,Delivered,3.0
ORD100517,2024-06-17,C1250,30.0,Male,Vietnam,Hanoi,2022-11-13,VIP,Organic Search,Sports,1,57.58,5.0,9.99,Bank Transfer,Mobile,5.0,Delivered,
ORD100029,2024-01-14,C1492,31.0,Female,Thailand,Phuket,2024-01-02,New,Referral,Electronics,1,212.09,0.0,0.0,Bank Transfer,Tablet,1.0,Delivered,
ORD101069,2024-11-06,C1047,36.0,Male,Philippines,Davao,2022-06-28,VIP,Organic Search,Beauty,3,21.54,15.0,6.99,PayPal,Mobile,4.0,Delivered,
ORD100476,2024-06-08,C1586,21.0,Male,Cambodia,Siem Reap,2024-06-07,VIP,Email,Beauty,1,21.49,0.0,4.99,Cash on Delivery,Desktop,11.0,Delivered,3.0
ORD100157,2024-03-10,C1753,57.0,Male,Singapore,Singapore,2023-10-13,New,Organic Search,Books,2,16.35,15.0,4.99,E-Wallet,Mobile,11.0,Delivered,2.0
ORD101243,2024-12-08,C1788,22.0,Female,Cambodia,Siem Reap,2023-09-08,VIP,Organic Search,Electronics,1,83.04,10.0,6.99,Credit Card,Mobile,3.0,Delivered,4.0
ORD101195,2024-11-26,C1317,26.0,Male,Vietnam,Hanoi,2022-06-11,New,Social Media,Books,3,12.56,20.0,4.99,Cash on Delivery,Mobile,10.0,Delivered,
ORD100016,2024-01-08,C1749,24.0,Female,Singapore,Singapore,2022-04-18,VIP,Social Media,Electronics,1,103.64,15.0,2.99,Bank Transfer,Desktop,8.0,Delivered,4.0
ORD101535,2025-02-18,C1301,18.0,Male,Thailand,Chiang Mai,2023-04-20,New,Email,Fashion,1,36.25,10.0,9.99,Credit Card,Mobile,9.0,Delivered,
ORD101072,2024-11-06,C1135,23.0,Female,Vietnam,Da Nang,2024-05-06,Regular,Paid Ads,Beauty,2,16.14,20.0,4.99,Credit Card,Tablet,8.0,Returned,
ORD100746,2024-08-18,C1269,34.0,Male,Thailand,Chiang Mai,2023-08-12,Regular,Social Media,Home & Kitchen,1,90.37,0.0,2.99,E-Wallet,Mobile,3.0,Delivered,4.0
ORD100546,2024-06-27,C1382,18.0,Female,Philippines,Manila,2022-07-07,Regular,Social Media,Electronics,1,3.0,15.0,6.99,Cash on Delivery,Desktop,2.0,Delivered,
ORD101539,2025-02-20,C1052,18.0,Female,Cambodia,Phnom Penh,2023-03-24,Regular,Email,fashion,3,3.0,10.0,4.99,E-Wallet,Desktop,2.0,Delivered,
ORD100658,2024-07-27,C1126,50.0,Male,Singapore,Singapore,2024-05-24,Regular,Social Media,Home & Kitchen,4,166.64,10.0,0.0,Bank Transfer,Mobile,10.0,Delivered,3.0
ORD101659,2025-03-29,C1455,36.0,Male,Thailand,Chiang Mai,2023-08-31,VIP,Organic Search,Home & Kitchen,1,69.42,0.0,2.99,E-Wallet,Mobile,2.0,Delivered,3.0
ORD101019,2024-10-27,C1453,57.0,Male,Cambodia,Battambang,2022-02-10,VIP,Email,Beauty,2,37.01,5.0,6.99,Bank Transfer,Mobile,5.0,Delivered,
ORD101900,2025-06-05,C1505,28.0,Male,Philippines,Manila,2023-09-06,Regular,Social Media,electronics,1,160.55,10.0,0.0,PayPal,Mobile,4.0,Delivered,5.0
ORD101504,2025-02-04,C1053,30.0,Female,Cambodia,Battambang,2023-09-16,VIP,Paid Ads,Books,4,14.53,10.0,6.99,E-Wallet,Desktop,11.0,Delivered,4.0
ORD100959,2024-10-09,C1385,25.0,Male,Vietnam,Hanoi,2023-11-11,VIP,Social Media,Fashion,1,13.46,5.0,4.99,Credit Card,Desktop,9.0,Delivered,
ORD101925,2025-06-10,C1092,29.0,Male,Singapore,Singapore,2024-03-13,New,Paid Ads,Beauty,1,25.21,0.0,9.99,E-Wallet,Desktop,5.0,Delivered,4.0
ORD100283,2024-04-20,C1146,27.0,Female,Cambodia,Phnom Penh,2022-03-19,VIP,Paid Ads,Books,1,13.49,15.0,6.99,Credit Card,Desktop,7.0,Delivered,5.0
ORD101632,2025-03-21,C1223,22.0,Female,Cambodia,Phnom Penh,2023-02-26,New,Referral,Fashion,2,104.23,10.0,0.0,E-Wallet,Mobile,5.0,Delivered,4.0
ORD100797,2024-08-28,C1137,43.0,Female,Singapore,Singapore,2022-02-06,VIP,Social Media,Books,1,17.81,0.0,2.99,Credit Card,Mobile,7.0,Returned,
ORD101660,2025-03-29,C1839,30.0,Female,Vietnam,Ho Chi Minh City,2022-11-23,Regular,Social Media,Fashion,1,78.43,20.0,9.99,Bank Transfer,Mobile,3.0,Delivered,5.0
ORD100225,2024-04-02,C1475,30.0,Female,Vietnam,Hanoi,2023-11-22,VIP,Paid Ads,Toys,3,35.53,5.0,9.99,E-Wallet,Mobile,1.0,Delivered,3.0
ORD100026,2024-01-13,C1773,49.0,Female,Thailand,Chiang Mai,2022-09-25,Regular,Social Media,Fashion,1,22.32,5.0,9.99,E-Wallet,Mobile,2.0,Delivered,4.0
ORD101810,2025-05-13,C1514,43.0,Male,Singapore,Singapore,2022-09-29,New,Organic Search,Home & Kitchen,3,40.07,5.0,0.0,Credit Card,Mobile,11.0,Delivered,
ORD100437,2024-05-29,C1040,42.0,Male,Philippines,Manila,2023-09-15,New,Email,Electronics,1,264.15,0.0,0.0,Credit Card,Desktop,8.0,Delivered,5.0
ORD101993,2025-06-29,C1727,42.0,Female,Singapore,Singapore,2023-09-10,New,Organic Search,Home & Kitchen,3,11.02,30.0,9.99,E-Wallet,Desktop,3.0,Delivered,4.0
ORD101388,2024-12-29,C1753,57.0,Male,Singapore,Singapore,2023-10-13,New,Organic Search,Beauty,3,53.64,0.0,0.0,E-Wallet,Desktop,8.0,Delivered,
ORD100229,2024-04-03,C1117,34.0,Male,Vietnam,Hanoi,2023-03-14,Regular,Social Media,toys,1,56.57,30.0,4.99,Credit Card,Mobile,10.0,Delivered,4.0
ORD100037,2024-01-17,C1365,50.0,Female,Cambodia,Sihanoukville,2022-12-17,Regular,Email,Electronics,2,268.71,10.0,0.0,Cash on Delivery,Mobile,5.0,Delivered,5.0
ORD100749,2024-08-19,C1059,45.0,Female,Malaysia,Kuala Lumpur,2024-08-18,New,Social Media,Home & Kitchen,1,21.78,0.0,9.99,Credit Card,Mobile,2.0,Delivered,5.0
ORD101045,2024-11-02,C1060,18.0,Female,Vietnam,Ho Chi Minh City,2022-02-23,New,Organic Search,Home & Kitchen,1,126.95,0.0,0.0,Cash on Delivery,Desktop,10.0,Delivered,
ORD101398,2025-01-01,C1433,18.0,Male,Philippines,Cebu,2023-04-19,Regular,Organic Search,Electronics,1,208.15,5.0,0.0,Credit Card,Mobile,4.0,Delivered,4.0
ORD100469,2024-06-07,C1744,35.0,Female,Vietnam,Ho Chi Minh City,2022-07-28,Regular,Email,Books,2,11.06,10.0,4.99,Credit Card,Tablet,11.0,Delivered,3.0
ORD101729,2025-04-21,C1475,30.0,Female,Vietnam,Hanoi,2023-11-22,VIP,Paid Ads,Beauty,1,31.82,10.0,2.99,Bank Transfer,Mobile,10.0,Delivered,
ORD101118,2024-11-14,C1814,27.0,Female,Philippines,Manila,2022-07-24,New,Email,beauty,1,60.42,10.0,9.99,,Mobile,5.0,Delivered,4.0
ORD100687,2024-08-03,C1497,30.0,Female,Cambodia,Sihanoukville,2024-05-13,Regular,Paid Ads,Books,4,18.17,5.0,4.99,Bank Transfer,Mobile,,Cancelled,
ORD101885,2025-06-02,C1622,37.0,Female,Thailand,Phuket,2024-01-19,New,Paid Ads,Electronics,5,42.16,0.0,0.0,Bank Transfer,Mobile,6.0,Delivered,
ORD100639,2024-07-21,C1085,39.0,Female,Cambodia,Siem Reap,2024-01-21,VIP,Organic Search,Electronics,1,185.94,10.0,0.0,Bank Transfer,Mobile,,Cancelled,
ORD101749,2025-04-26,C1744,130.0,Female,Vietnam,Ho Chi Minh City,2022-07-28,Regular,Email,Toys,1,21.95,20.0,4.99,E-Wallet,Mobile,5.0,Delivered,
ORD101218,2024-12-02,C1492,31.0,Female,Thailand,Phuket,2024-01-02,New,Referral,Home & Kitchen,1,125.94,0.0,0.0,E-Wallet,Tablet,7.0,Delivered,3.0
ORD101158,2024-11-21,C1716,18.0,Female,Vietnam,Ho Chi Minh City,2022-09-01,VIP,Paid Ads,Fashion,1,53.49,15.0,2.99,Bank Transfer,Mobile,10.0,Delivered,
ORD101415,2025-01-05,C1511,31.0,Male,Cambodia,Phnom Penh,2022-05-04,New,Paid Ads,Toys,1,65.25,20.0,6.99,Cash on Delivery,Desktop,45.0,Delivered,3.0
ORD101527,2025-02-15,C1041,,Male,Malaysia,Johor Bahru,2022-10-05,New,Email,Toys,1,56.61,15.0,2.99,Bank Transfer,Desktop,8.0,Delivered,4.0
ORD101690,2025-04-08,C1119,31.0,Male,Indonesia,Bandung,2022-04-15,VIP,Organic Search,Electronics,1,66.81,5.0,6.99,Credit Card,Tablet,,Cancelled,
ORD101300,2024-12-16,C1604,27.0,Female,Cambodia,Battambang,2022-05-02,New,Social Media,Electronics,4,339.57,0.0,0.0,E-Wallet,Desktop,6.0,Delivered,4.0
ORD101864,2025-05-29,C1218,32.0,Female,Vietnam,Ho Chi Minh City,2023-07-21,VIP,Social Media,Electronics,2,94.75,5.0,0.0,,Desktop,1.0,Delivered,5.0
ORD100800,2024-08-29,C1634,31.0,Male,Malaysia,Johor Bahru,2022-10-03,Regular,Paid Ads,Home & Kitchen,4,141.49,5.0,0.0,Credit Card,Mobile,10.0,Returned,2.0
ORD101603,2025-03-10,C1341,37.0,Female,Malaysia,Johor Bahru,2023-05-04,Regular,Paid Ads,Electronics,1,507.13,0.0,0.0,E-Wallet,Tablet,5.0,Delivered,
ORD100160,2024-03-12,C1261,31.0,Male,Thailand,Chiang Mai,2024-01-26,VIP,Email,Toys,1,35.48,20.0,6.99,Bank Transfer,Mobile,3.0,Delivered,4.0
ORD100956,2024-10-08,C1723,18.0,Male,Indonesia,Surabaya,2022-01-20,VIP,Social Media,Electronics,2,221.85,15.0,0.0,Bank Transfer,Desktop,4.0,Delivered,3.0
ORD101186,2024-11-26,C1235,27.0,Female,Philippines,Manila,2024-08-24,VIP,Social Media,Fashion,1,52.5,25.0,2.99,E-Wallet,Mobile,8.0,Delivered,4.0
ORD100821,2024-09-03,C1212,34.0,Male,Cambodia,Sihanoukville,2022-09-03,Regular,Social Media,Electronics,4,146.41,0.0,0.0,E-Wallet,Desktop,4.0,Delivered,4.0
ORD101718,2025-04-17,C1650,54.0,Male,Thailand,Chiang Mai,2024-01-28,VIP,Social Media,Home & Kitchen,1,176.04,5.0,0.0,E-Wallet,Mobile,5.0,Delivered,
ORD100877,2024-09-17,C1304,33.0,Female,Cambodia,Battambang,2024-09-16,Regular,Social Media,Home & Kitchen,2,125.87,0.0,0.0,Cash on Delivery,Mobile,1.0,Delivered,4.0
ORD100913,2024-09-24,C1158,29.0,Male,Thailand,Phuket,2024-09-23,Regular,Organic Search,Fashion,2,48.84,0.0,2.99,Credit Card,Mobile,10.0,Delivered,4.0
ORD100152,2024-03-05,C1786,34.0,Female,Malaysia,Penang,2022-12-20,VIP,Organic Search,Beauty,1,22.32,5.0,4.99,Bank Transfer,Mobile,11.0,Delivered,4.0
ORD101878,2025-06-01,C1505,28.0,Male,Philippines,Manila,2023-09-06,Regular,Social Media,Electronics,3,80.12,5.0,0.0,Credit Card,Mobile,7.0,Delivered,
ORD101816,2025-05-15,C1136,37.0,Male,Thailand,Phuket,2022-10-09,New,Paid Ads,Electronics,1,224.6,0.0,0.0,E-Wallet,Desktop,6.0,Returned,3.0
ORD100509,2024-06-15,C1343,39.0,Female,Thailand,Chiang Mai,2023-04-14,New,Social Media,Fashion,3,87.58,30.0,0.0,Credit Card,Desktop,,Cancelled,
ORD101135,2024-11-17,C1556,26.0,Male,Singapore,Singapore,2022-12-07,VIP,Email,Beauty,1,36.02,0.0,9.99,Credit Card,Desktop,9.0,Delivered,3.0
ORD101250,2024-12-09,C1027,38.0,Female,Malaysia,Penang,2023-10-06,VIP,Organic Search,Fashion,1,64.0,0.0,4.99,PayPal,Desktop,7.0,Delivered,4.0
ORD101798,2025-05-10,C1165,24.0,Female,Thailand,Chiang Mai,2023-02-26,VIP,Email,Electronics,5,245.14,5.0,0.0,Cash on Delivery,Mobile,3.0,Delivered,5.0
ORD100103,2024-02-11,C1428,19.0,Female,Philippines,Manila,2023-07-07,Regular,Organic Search,Electronics,1,157.99,25.0,0.0,Cash on Delivery,Mobile,9.0,Delivered,4.0
ORD101445,2025-01-15,C1603,27.0,Female,Cambodia,Siem Reap,2023-05-28,Regular,Social Media,Sports,2,65.98,25.0,0.0,Credit Card,Mobile,10.0,Delivered,
ORD101443,2025-01-15,C1087,34.0,Female,Vietnam,Da Nang,2024-04-28,Regular,Social Media,Fashion,2,113.18,0.0,0.0,Bank Transfer,Desktop,1.0,Delivered,5.0
ORD101777,2025-05-05,C1495,44.0,Female,Thailand,Bangkok,2022-11-16,New,Paid Ads,Electronics,1,201.74,15.0,0.0,,Desktop,3.0,Returned,2.0
ORD100586,2024-07-08,C1494,31.0,Female,Singapore,Singapore,2024-03-16,VIP,Referral,Fashion,3,34.77,5.0,4.99,PayPal,Mobile,11.0,Delivered,
ORD101808,2025-05-12,C1368,36.0,Male,Thailand,Chiang Mai,2023-11-16,Regular,Social Media,Electronics,1,103.14,15.0,6.99,Credit Card,Mobile,10.0,Delivered,4.0
ORD101143,2024-11-18,C1315,31.0,Male,Thailand,Phuket,2024-04-08,Regular,Organic Search,Electronics,3,,15.0,0.0,E-Wallet,Mobile,1.0,Delivered,5.0
ORD100053,2024-01-22,C1798,45.0,Female,Thailand,Phuket,2022-02-13,VIP,Organic Search,Home & Kitchen,1,74.85,0.0,9.99,Cash on Delivery,Tablet,8.0,Delivered,5.0
ORD100151,2024-03-04,C1621,34.0,Male,Cambodia,Battambang,2023-01-09,VIP,Organic Search,Beauty,4,51.93,0.0,0.0,,Desktop,7.0,Delivered,
ORD100403,2024-05-20,C1786,34.0,Female,Malaysia,Penang,2022-12-20,VIP,Organic Search,Electronics,1,134.83,30.0,0.0,E-Wallet,Mobile,60.0,Delivered,3.0
ORD101987,2025-06-26,C1119,,Male,Indonesia,Bandung,2022-04-15,VIP,Organic Search,Toys,2,33.04,5.0,9.99,Cash on Delivery,Mobile,1.0,Delivered,5.0
ORD100207,2024-03-27,C1173,21.0,Female,Thailand,Bangkok,2023-03-01,New,Organic Search,Electronics,2,177.2,25.0,0.0,Credit Card,Mobile,5.0,Delivered,3.0
ORD101938,2025-06-14,C1602,48.0,Female,Thailand,Phuket,2024-05-29,VIP,Organic Search,Electronics,1,174.0,10.0,0.0,E-Wallet,Desktop,2.0,Returned,3.0
ORD101682,2025-04-05,C1486,25.0,Male,Cambodia,Siem Reap,2022-05-17,Regular,Organic Search, Toys ,2,31.38,15.0,9.99,Bank Transfer,Mobile,,Cancelled,
ORD101122,2024-11-14,C1499,,Male,Thailand,Chiang Mai,2022-05-10,Regular,Social Media,Electronics,1,102.8,0.0,9.99,PayPal,Desktop,2.0,Delivered,
ORD101789,2025-05-08,C1550,38.0,Female,Thailand,Phuket,2022-05-30,VIP,Referral,Electronics,1,289.87,20.0,0.0,E-Wallet,Desktop,4.0,Returned,
ORD100008,2024-01-05,C1503,,Female,Cambodia,Battambang,2023-11-19,VIP,Paid Ads,Sports,1,64.93,0.0,6.99,E-Wallet,Desktop,5.0,Delivered,4.0
ORD101014,2024-10-25,C1114,35.0,Female,Vietnam,Da Nang,2023-03-31,Regular,Paid Ads,Toys,1,16.51,10.0,4.99,E-Wallet,Desktop,5.0,Delivered,5.0
ORD101837,2025-05-22,C1616,42.0,Male,Vietnam,Hanoi,2024-07-30,VIP,Organic Search,Electronics,1,134.31,30.0,0.0,E-Wallet,Desktop,7.0,Delivered,4.0
ORD101060,2024-11-04,C1158,29.0,Male,Thailand,Phuket,2024-09-23,Regular,Organic Search,Beauty,2,41.05,10.0,9.99,E-Wallet,Mobile,2.0,Delivered,5.0
ORD100452,2024-06-02,C1633,18.0,Female,Cambodia,Sihanoukville,2023-12-30,Regular,Paid Ads,Home & Kitchen,2,66.26,10.0,0.0,Credit Card,Desktop,11.0,Delivered,4.0
ORD101675,2025-04-02,C1655,38.0,Female,Thailand,Bangkok,2022-09-27,Regular,Organic Search, Beauty ,2,37.9,30.0,2.99,PayPal,Mobile,3.0,Delivered,4.0
ORD100253,2024-04-12,C1731,35.0,Male,Vietnam,Ho Chi Minh City,2024-03-20,Regular,Social Media,Books,1,23.32,0.0,9.99,E-Wallet,Mobile,2.0,Delivered,5.0
ORD101327,2024-12-20,C1702,23.0,Female,Vietnam,Hanoi,2024-05-08,Regular,Referral,Toys,1,24.24,25.0,6.99,PayPal,Desktop,10.0,Returned,2.0
ORD100896,2024-09-20,C1548,42.0,Male,Singapore,Singapore,2022-12-30,Regular,Organic Search,Electronics,4,313.88,0.0,0.0,E-Wallet,Desktop,1.0,Delivered,
ORD101927,2025-06-11,C1821,50.0,Male,Cambodia,Sihanoukville,2024-05-06,VIP,Referral,Home & Kitchen,1,56.35,10.0,9.99,E-Wallet,Mobile,6.0,Delivered,
ORD100880,2024-09-17,C1304,33.0,Female,Cambodia,Battambang,2024-09-16,Regular,Social Media,Home & Kitchen,1,78.01,0.0,2.99,Credit Card,Tablet,2.0,Delivered,4.0
ORD101595,2025-03-07,C1659,30.0,Female,Thailand,,2023-10-08,VIP,Social Media,Books,1,29.83,0.0,4.99,E-Wallet,Mobile,4.0,Delivered,3.0
ORD101932,2025-06-12,C1639,40.0,Female,Malaysia,Penang,2022-07-10,VIP,Email,Beauty,1,15.73,5.0,9.99,Credit Card,Desktop,10.0,Delivered,3.0
ORD100623,2024-07-16,C1659,30.0,Female,Thailand,Chiang Mai,2023-10-08,VIP,Social Media,Beauty,2,13.2,5.0,6.99,Cash on Delivery,Desktop,9.0,Delivered,
ORD100345,2024-05-06,C1481,50.0,Female,Cambodia,Battambang,2023-08-15,New,Organic Search,Fashion,1,95.58,0.0,9.99,Bank Transfer,Mobile,10.0,Returned,3.0
ORD101739,2025-04-24,C1444,30.0,Male,Cambodia,Phnom Penh,2023-02-18,VIP,Email,Home & Kitchen,1,27.86,0.0,9.99,Credit Card,Mobile,5.0,Delivered,
ORD100262,2024-04-14,C1587,25.0,Female,Singapore,Singapore,2023-12-15,VIP,Organic Search,Electronics,4,105.48,5.0,0.0,Credit Card,Desktop,11.0,Delivered,
ORD101634,2025-03-21,C1502,,Male,Philippines,Cebu,2023-04-09,VIP,Paid Ads,Books,2,4.86,0.0,2.99,PayPal,Mobile,,Cancelled,
ORD101321,2024-12-19,C1530,30.0,Male,Thailand,Chiang Mai,2023-03-10,VIP,Social Media,Home & Kitchen,1,36.26,15.0,2.99,Credit Card,Mobile,11.0,Delivered,4.0
ORD101438,2025-01-12,C1802,38.0,Male,Cambodia,Battambang,2024-02-14,Regular,Email,Toys,1,73.5,0.0,6.99,Cash on Delivery,Mobile,2.0,Delivered,5.0
ORD100150,2024-03-04,C1735,36.0,Female,Thailand,Bangkok,2023-11-20,VIP,Social Media,Sports,5,61.04,15.0,0.0,E-Wallet,Mobile,9.0,Delivered,4.0
ORD100472,2024-06-08,C1282,44.0,Female,Thailand,Bangkok,2023-03-20,New,Social Media,Home & Kitchen,1,8.04,0.0,4.99,Credit Card,Desktop,3.0,Delivered,
ORD100640,2024-07-21,C1056,31.0,Male,Cambodia,Sihanoukville,2022-09-29,New,Social Media,Beauty,2,30.19,25.0,9.99,PayPal,Mobile,6.0,Delivered,4.0
ORD100964,2024-10-10,C1803,38.0,Male,Malaysia,Kuala Lumpur,2023-11-19,Regular,Email,Sports,1,114.59,0.0,2.99,Bank Transfer,Mobile,6.0,Delivered,
ORD101926,2025-06-11,C1701,31.0,Male,Vietnam,Ho Chi Minh City,2023-03-09,Regular,Email,Fashion,4,29.05,0.0,4.99,Cash on Delivery,Desktop,5.0,Delivered,4.0
ORD100550,2024-06-28,C1787,32.0,Female,Vietnam,Ho Chi Minh City,2023-07-20,Regular,Email,Beauty,2,21.94,0.0,9.99,Credit Card,Desktop,9.0,Delivered,3.0
ORD101833,2025-05-20,C1420,35.0,Male,Indonesia,Jakarta,2022-01-16,Regular,Organic Search,Home & Kitchen,3,51.17,20.0,0.0,Credit Card,Desktop,3.0,Delivered,
ORD100928,2024-09-27,C1285,29.0,Female,Thailand,Phuket,2023-01-31,Regular,Email,Fashion,5,65.33,25.0,0.0,E-Wallet,Desktop,5.0,Delivered,5.0
ORD100488,2024-06-09,C1108,43.0,Male,Philippines,Davao,2022-06-05,VIP,Referral,Toys,4,30.37,20.0,0.0,PayPal,Mobile,8.0,Delivered,
ORD101853,2025-05-26,C1115,28.0,Female,Vietnam,Da Nang,2022-06-13,VIP,Referral,Sports,5,3.0,5.0,2.99,E-Wallet,Mobile,10.0,Delivered,2.0
ORD101171,2024-11-23,C1119,31.0,Male,Indonesia,Bandung,2022-04-15,VIP,Organic Search,Home & Kitchen,1,71.72,10.0,9.99,PayPal,Mobile,4.0,Delivered,
ORD100146,2024-03-01,C1532,29.0,Female,Thailand,Chiang Mai,2022-09-02,New,Social Media,Electronics,1,10.08,10.0,9.99,Cash on Delivery,Desktop,8.0,Delivered,
ORD101741,2025-04-25,C1022,47.0,Male,Malaysia,Johor Bahru,2022-05-17,VIP,Social Media,Electronics,2,142.48,35.0,0.0,Credit Card,Mobile,9.0,Delivered,3.0
ORD101973,2025-06-22,C1057,50.0,Male,Malaysia,Johor Bahru,2023-12-05,Regular,Organic Search,Electronics,2,229.48,10.0,0.0,Credit Card,Desktop,4.0,Returned,
ORD100402,2024-05-19,C1385,25.0,Male,Vietnam,Hanoi,2023-11-11,VIP,Social Media,Sports,3,74.02,20.0,0.0,Cash on Delivery,Mobile,7.0,Delivered,4.0
ORD100954,2024-10-08,C1731,35.0,Male,Vietnam,Ho Chi Minh City,2024-03-20,Regular,Social Media,Electronics,1,90.79,10.0,9.99,Credit Card,Mobile,2.0,Delivered,4.0
ORD101921,2025-06-10,C1782,54.0,Male,Philippines,,2022-06-18,Regular,Paid Ads,Books,1,26.44,0.0,2.99,Credit Card,Tablet,8.0,Delivered,3.0
ORD100659,2024-07-27,C1287,35.0,Male,Vietnam,Da Nang,2024-07-07,Regular,Social Media,Home & Kitchen,3,105.87,20.0,0.0,E-Wallet,Mobile,,Cancelled,
ORD101372,2024-12-28,C1323,42.0,Female,Malaysia,Johor Bahru,2022-03-27,Regular,Organic Search,Toys,1,36.39,0.0,6.99,,Tablet,1.0,Delivered,4.0
ORD100463,2024-06-05,C1182,29.0,Female,Thailand,Phuket,2023-02-05,New,Paid Ads,Beauty,1,6.09,20.0,6.99,E-Wallet,Desktop,6.0,Delivered,
ORD101349,2024-12-24,C1401,36.0,Male,Vietnam,Da Nang,2022-03-21,VIP,Social Media,Fashion,2,72.35,30.0,0.0,E-Wallet,Mobile,5.0,Delivered,5.0
ORD100186,2024-03-20,C1076,29.0,Male,Malaysia,Johor Bahru,2022-02-08,New,Email,Home & Kitchen,4,116.52,10.0,0.0,Credit Card,Desktop,2.0,Delivered,4.0
ORD101147,2024-11-19,C1333,23.0,Female,Cambodia,Sihanoukville,2023-10-11,New,Referral,Toys,1,39.1,0.0,6.99,E-Wallet,Mobile,2.0,Delivered,
ORD101224,2024-12-03,C1546,36.0,Male,Cambodia,Sihanoukville,2023-01-23,Regular,Organic Search,Home & Kitchen,2,56.04,20.0,2.99,Cash on Delivery,Desktop,6.0,Delivered,3.0
ORD100608,2024-07-12,C1286,37.0,Female,Malaysia,Johor Bahru,2024-05-18,Regular,Social Media,Beauty,1,46.38,0.0,4.99,E-Wallet,Mobile,11.0,Delivered,3.0
ORD100143,2024-02-29,C1260,31.0,Female,Singapore,Singapore,2024-01-16,Regular,Email,Toys,1,52.13,15.0,6.99,Credit Card,Desktop,7.0,Delivered,3.0
ORD100751,2024-08-19,C1359,32.0,Male,Thailand,Bangkok,2024-08-08,Regular,Organic Search,Books,1,18.46,0.0,9.99,E-Wallet,Mobile,5.0,Delivered,5.0
ORD101534,2025-02-17,C1067,29.0,Female,Thailand,Chiang Mai,2024-09-06,Regular,Social Media,Fashion,3,65.57,25.0,0.0,Credit Card,Mobile,10.0,Delivered,
ORD100981,2024-10-16,C1147,32.0,Female,Cambodia,Siem Reap,2024-02-28,Regular,Social Media,Beauty,1,26.69,10.0,9.99,PayPal,Desktop,,Cancelled,
ORD100197,2024-03-24,C1635,31.0,Female,Malaysia,Johor Bahru,2023-07-27,Regular,Paid Ads,Sports,1,113.53,5.0,6.99,E-Wallet,Desktop,4.0,Delivered,4.0
ORD101633,2025-03-21,C1260,31.0,Female,Singapore,Singapore,2024-01-16,Regular,Email,Toys,1,36.98,0.0,4.99,Credit Card,Desktop,11.0,Delivered,
ORD100883,2024-09-18,C1275,38.0,Male,Singapore,Singapore,2023-01-01,VIP,Paid Ads,Home & Kitchen,2,36.43,25.0,4.99,E-Wallet,Mobile,1.0,Delivered,
ORD100279,2024-04-19,C1441,38.0,Female,Malaysia,Johor Bahru,2024-04-18,Regular,Organic Search,Home & Kitchen,1,87.1,30.0,6.99,Credit Card,Desktop,,Cancelled,
ORD100293,2024-04-21,C1805,46.0,Female,Cambodia,Sihanoukville,2024-04-20,VIP,Paid Ads, Fashion ,1,43.64,5.0,9.99,E-Wallet,Mobile,5.0,Delivered,
ORD101865,2025-05-29,C1266,36.0,Female,Singapore,Singapore,2022-05-12,Regular,Email,Fashion,4,15.0,5.0,4.99,E-Wallet,Desktop,3.0,Delivered,
ORD100400,2024-05-19,C1286,37.0,Female,Malaysia,,2024-05-18,Regular,Social Media,Beauty,1,35.66,5.0,6.99,Credit Card,Tablet,2.0,Returned,2.0
ORD100122,2024-02-18,C1098,38.0,Female,Cambodia,Siem Reap,2023-02-21,New,Referral,Electronics,2,203.62,0.0,0.0,E-Wallet,Desktop,5.0,Delivered,
ORD101207,2024-11-29,C1745,44.0,Male,Cambodia,Phnom Penh,2024-02-07,Regular,Social Media,Sports,2,72.2,0.0,0.0,E-Wallet,Mobile,9.0,Delivered,3.0
ORD100202,2024-03-26,C1145,29.0,Male,Cambodia,Siem Reap,2023-12-05,VIP,Social Media,Toys,3,9.57,5.0,2.99,Cash on Delivery,Desktop,1.0,Delivered,5.0
ORD101462,2025-01-20,C1103,42.0,Male,Vietnam,Ho Chi Minh City,2022-04-21,Regular,Social Media,Electronics,1,158.54,0.0,0.0,E-Wallet,Desktop,5.0,Delivered,4.0
ORD100835,2024-09-06,C1494,31.0,Female,Singapore,Singapore,2024-03-16,VIP,Referral,Fashion,1,84.73,15.0,6.99,Credit Card,Desktop,7.0,Delivered,4.0
ORD100246,2024-04-09,C1255,43.0,Male,Malaysia,Penang,2023-10-01,New,Organic Search,Toys,1,29.66,5.0,9.99,E-Wallet,Mobile,5.0,Delivered,
ORD101439,2025-01-13,C1594,20.0,Female,Vietnam,Hanoi,2022-06-29,Regular,Organic Search,Home & Kitchen,1,112.44,5.0,4.99,Cash on Delivery,Mobile,7.0,Delivered,4.0
ORD101733,2025-04-23,C1479,63.0,Male,Vietnam,Ho Chi Minh City,2022-01-07,VIP,Organic Search,Beauty,1,36.6,15.0,4.99,Credit Card,Mobile,8.0,Delivered,2.0
ORD101869,2025-05-31,C1121,36.0,Female,Cambodia,Phnom Penh,2023-10-04,Regular,Paid Ads,Beauty,2,40.75,0.0,4.99,Cash on Delivery,Desktop,6.0,Delivered,3.0
ORD101945,2025-06-16,C1320,43.0,Male,Thailand,Bangkok,2022-09-30,New,Social Media, Fashion ,1,93.88,20.0,2.99,PayPal,Mobile,11.0,Delivered,
ORD101707,2025-04-13,C1495,44.0,Female,Thailand,Bangkok,2022-11-16,New,Paid Ads,Sports,1,97.9,0.0,6.99,Bank Transfer,Mobile,5.0,Delivered,4.0
ORD101924,2025-06-10,C1839,30.0,Female,Vietnam,Ho Chi Minh City,2022-11-23,Regular,Social Media,Electronics,1,145.6,5.0,0.0,Credit Card,Desktop,7.0,Delivered,
ORD101153,2024-11-20,C1250,30.0,Male,Vietnam,Hanoi,2022-11-13,VIP,Organic Search,Fashion,2,71.63,0.0,0.0,Credit Card,Tablet,4.0,Delivered,
ORD101661,2025-03-29,C1014,39.0,Female,Thailand,Bangkok,2023-11-07,VIP,Organic Search,Electronics,3,123.33,15.0,0.0,Credit Card,Tablet,4.0,Delivered,3.0
ORD101426,2025-01-08,C1176,51.0,Male,Malaysia,Kuala Lumpur,2024-05-04,VIP,Organic Search,Beauty,1,21.98,15.0,4.99,Bank Transfer,Mobile,11.0,Delivered,4.0
ORD100384,2024-05-15,C1087,34.0,Female,Vietnam,Da Nang,2024-04-28,Regular,Social Media,Fashion,1,79.11,0.0,9.99,E-Wallet,Mobile,4.0,Returned,2.0
ORD101797,2025-05-09,C1502,26.0,Male,Philippines,Cebu,2023-04-09,VIP,Paid Ads,Electronics,2,16.39,15.0,4.99,Cash on Delivery,Desktop,1.0,Returned,
ORD101759,2025-04-29,C1365,50.0,Female,Cambodia,Sihanoukville,2022-12-17,Regular,Email,Electronics,1,3.0,0.0,9.99,Bank Transfer,Mobile,3.0,Delivered,
ORD100854,2024-09-08,C1696,18.0,Female,Thailand,Chiang Mai,2024-09-07,Regular,Social Media,Electronics,4,360.03,15.0,0.0,Credit Card,Mobile,11.0,Delivered,4.0
ORD101589,2025-03-06,C1737,43.0,Female,Vietnam,Hanoi,2024-07-07,Regular,Social Media,Home & Kitchen,1,49.09,25.0,2.99,E-Wallet,Mobile,5.0,Delivered,2.0
ORD100219,2024-03-31,C1379,29.0,Female,Malaysia,Penang,2022-08-22,New,Organic Search,Beauty,1,25.56,10.0,4.99,Credit Card,Mobile,,Cancelled,
ORD100641,2024-07-22,C1484,33.0,Female,Cambodia,Sihanoukville,2023-10-18,Regular,Social Media,Fashion,1,23.33,25.0,4.99,Cash on Delivery,Desktop,5.0,Delivered,3.0
ORD100001,2024-01-01,C1006,35.0,Male,Singapore,Singapore,2022-04-17,Regular,Email,Fashion,5,46.98,0.0,0.0,Credit Card,Desktop,8.0,Returned,3.0
ORD100112,2024-02-14,C1429,38.0,Male,Thailand,Bangkok,2022-12-25,Regular,Social Media,Sports,2,16.94,10.0,6.99,Bank Transfer,Tablet,10.0,Delivered,
ORD100698,2024-08-06,C1749,24.0,Female,Singapore,Singapore,2022-04-18,VIP,Social Media,Toys,2,3.0,0.0,2.99,E-Wallet,Desktop,9.0,Delivered,3.0
ORD101960,2025-06-19,C1192,30.0,Female,Vietnam,Hanoi,2023-03-21,New,Organic Search,Electronics,1,192.71,0.0,0.0,E-Wallet,Mobile,,Cancelled,
ORD100951,2024-10-06,C1485,32.0,Female,Vietnam,Da Nang,2023-03-05,New,Organic Search,Beauty,1,41.72,15.0,4.99,Bank Transfer,Mobile,4.0,Delivered,5.0
ORD101648,2025-03-25,C1370,34.0,Female,Singapore,Singapore,2023-05-07,Regular,Social Media,Home & Kitchen,2,145.08,0.0,0.0,Credit Card,Mobile,7.0,Delivered,2.0
ORD101636,2025-03-22,C1146,27.0,Female,Cambodia,Phnom Penh,2022-03-19,VIP,Paid Ads,Fashion,1,108.91,15.0,6.99,PayPal,Tablet,3.0,Delivered,4.0
ORD101787,2025-05-07,C1652,52.0,Male,Singapore,Singapore,2023-09-22,Regular,Organic Search,Sports,2,78.73,0.0,0.0,E-Wallet,Tablet,10.0,Delivered,3.0
ORD101410,2025-01-04,C1276,26.0,Female,Indonesia,Surabaya,2022-10-13,VIP,Organic Search,Fashion,2,59.57,20.0,2.99,E-Wallet,Desktop,1.0,Delivered,4.0
ORD101409,2025-01-04,C1075,42.0,Male,Singapore,Singapore,2023-03-11,Regular,Email,Sports,1,96.57,10.0,4.99,E-Wallet,Mobile,10.0,Delivered,4.0
ORD101533,2025-02-17,C1167,38.0,Female,Vietnam,Hanoi,2024-02-13,VIP,Organic Search,Electronics,1,265.84,30.0,0.0,Credit Card,Mobile,6.0,Delivered,4.0
ORD101291,2024-12-15,C1237,32.0,Female,Philippines,Cebu,2024-02-13,Regular,Organic Search,Fashion,-1,42.97,0.0,9.99,Bank Transfer,Desktop,7.0,Delivered,
ORD101850,2025-05-25,C1065,43.0,Female,Thailand,Bangkok,2022-06-21,VIP,Email,Home & Kitchen,1,123.74,30.0,0.0,Bank Transfer,Mobile,11.0,Delivered,3.0
ORD100441,2024-05-30,C1310,47.0,Female,Cambodia,Phnom Penh,2023-05-17,VIP,Email,Electronics,1,128.17,20.0,0.0,Bank Transfer,Mobile,3.0,Delivered,
ORD101520,2025-02-12,C1430,23.0,Male,Singapore,Singapore,2023-12-16,Regular,Organic Search,Fashion,1,39.45,0.0,6.99,Cash on Delivery,Mobile,3.0,Delivered,4.0
ORD101136,2024-11-17,C1142,18.0,Female,Malaysia,Kuala Lumpur,2022-04-22,Regular,Social Media,Electronics,1,75.96,15.0,6.99,Cash on Delivery,Mobile,2.0,Delivered,
ORD101715,2025-04-17,C1104,24.0,Female,Singapore,Singapore,2022-04-18,Regular,Social Media,Sports,1,132.77,0.0,0.0,Credit Card,Mobile,1.0,Delivered,5.0
ORD101256,2024-12-10,C1235,27.0,Female,Philippines,Manila,2024-08-24,VIP,Social Media,Electronics,1,409.26,0.0,0.0,E-Wallet,Mobile,1.0,Delivered,
ORD101906,2025-06-07,C1280,39.0,Female,Thailand,Bangkok,2022-02-06,New,Organic Search,Beauty,2,62.92,5.0,0.0,Credit Card,Desktop,2.0,Delivered,4.0
ORD101631,2025-03-20,C1678,38.0,Female,Vietnam,Ho Chi Minh City,2023-06-16,VIP,Organic Search,Toys,1,29.52,10.0,9.99,Credit Card,Desktop,4.0,Delivered,
ORD101695,2025-04-09,C1221,37.0,Female,Malaysia,Johor Bahru,2024-04-30,Regular,Social Media,Beauty,3,,0.0,0.0,Bank Transfer,Mobile,3.0,Delivered,
ORD101397,2024-12-31,C1708,32.0,Male,Cambodia,Battambang,2023-12-16,Regular,Social Media,Electronics,1,442.27,15.0,0.0,Bank Transfer,Mobile,2.0,Delivered,5.0
ORD100663,2024-07-28,C1215,45.0,Male,Singapore,Singapore,2023-03-12,New,Social Media,Beauty,1,29.59,0.0,4.99,E-Wallet,Mobile,9.0,Delivered,
ORD101877,2025-06-01,C1223,22.0,Female,Cambodia,Phnom Penh,2023-02-26,New,Referral,Fashion,2,48.26,0.0,4.99,E-Wallet,Mobile,1.0,Delivered,5.0
ORD101257,2024-12-10,C1424,24.0,Female,Thailand,Bangkok,2023-05-16,New,Organic Search,Electronics,4,149.53,10.0,0.0,Cash on Delivery,Desktop,8.0,Delivered,5.0
ORD101813,2025-05-14,C1408,18.0,Female,Cambodia,Siem Reap,2023-08-03,Regular,Paid Ads,Beauty,1,21.26,0.0,6.99,Cash on Delivery,Mobile,10.0,Delivered,2.0
ORD101700,2025-04-11,C1375,60.0,Female,Thailand,Chiang Mai,2024-07-20,New,Social Media,Sports,3,53.7,0.0,0.0,E-Wallet,Desktop,3.0,Delivered,4.0
ORD100317,2024-04-29,C1552,37.0,Female,Vietnam,Da Nang,2023-08-20,VIP,Paid Ads,Sports,1,67.24,5.0,6.99,Cash on Delivery,Desktop,11.0,Delivered,3.0
ORD100648,2024-07-24,C1444,30.0,Male,Cambodia,Phnom Penh,2023-02-18,VIP,Email,Fashion,1,32.66,25.0,4.99,Credit Card,Desktop,7.0,Delivered,3.0
ORD101434,2025-01-11,C1659,30.0,Female,Thailand,Chiang Mai,2023-10-08,VIP,Social Media,Home & Kitchen,1,21.21,5.0,4.99,Credit Card,Desktop,3.0,Delivered,4.0
ORD101479,2025-01-26,C1528,37.0,Female,Cambodia,Battambang,2023-09-28,VIP,Paid Ads,Electronics,2,516.98,5.0,0.0,E-Wallet,Desktop,3.0,Delivered,3.0
ORD100709,2024-08-08,C1616,42.0,Male,Vietnam,Hanoi,2024-07-30,VIP,Organic Search,Electronics,1,178.57,0.0,0.0,E-Wallet,Mobile,8.0,Delivered,
ORD101382,2024-12-29,C1001,23.0,Female,Philippines,Cebu,2024-07-26,Regular,Social Media,Fashion,3,69.11,20.0,0.0,Cash on Delivery,Mobile,6.0,Delivered,3.0
ORD101282,2024-12-14,C1441,38.0,Female,Malaysia,Johor Bahru,2024-04-18,Regular,Organic Search,Books,1,12.53,0.0,6.99,E-Wallet,Tablet,4.0,Delivered,
ORD101768,2025-05-03,C1137,43.0,Female,Singapore,Singapore,2022-02-06,VIP,Social Media,Electronics,1,382.52,25.0,0.0,Credit Card,Mobile,3.0,Delivered,4.0
ORD100972,2024-10-15,C1586,21.0,Male,Cambodia,Siem Reap,2024-06-07,VIP,Email,Electronics,1,77.93,10.0,6.99,E-Wallet,Mobile,6.0,Delivered,3.0
ORD100627,2024-07-18,C1806,33.0,Male,Vietnam,Hanoi,2023-12-03,Regular,Organic Search,Electronics,3,202.37,0.0,0.0,E-Wallet,Desktop,10.0,Delivered,3.0
ORD100632,2024-07-19,C1579,38.0,Male,Singapore,Singapore,2022-07-20,Regular,Referral,Toys,5,30.25,5.0,0.0,,Mobile,10.0,Delivered,2.0
ORD101306,2024-12-17,C1609,40.0,Female,Cambodia,Sihanoukville,2024-03-10,Regular,Organic Search,Electronics,2,353.95,5.0,0.0,E-Wallet,Mobile,5.0,Delivered,4.0
ORD101400,2025-01-01,C1659,30.0,Female,Thailand,Chiang Mai,2023-10-08,VIP,Social Media,Electronics,1,248.0,0.0,0.0,E-Wallet,Mobile,3.0,Delivered,5.0
ORD101408,2025-01-03,C1705,23.0,Male,Vietnam,Ho Chi Minh City,2022-03-22,VIP,Organic Search,Electronics,1,142.23,5.0,0.0,PayPal,Mobile,7.0,Delivered,
ORD101248,2024-12-08,C1344,52.0,Female,Indonesia,Bandung,2022-03-23,VIP,Social Media,Sports,1,68.6,0.0,2.99,E-Wallet,Mobile,4.0,Delivered,
ORD101997,2025-06-30,C1410,,Female,Cambodia,Siem Reap,2023-06-02,Regular,Email,Home & Kitchen,1,121.23,0.0,0.0,Credit Card,Tablet,3.0,Delivered,4.0
ORD101254,2024-12-09,C1332,26.0,Female,Indonesia,Surabaya,2023-02-02,Regular,Email,Beauty,3,33.28,30.0,6.99,Credit Card,Mobile,10.0,Delivered,3.0
ORD101496,2025-02-01,C1664,33.0,Male,Philippines,Manila,2023-12-26,VIP,Social Media,Beauty,2,26.84,15.0,2.99,,Tablet,4.0,Delivered,4.0
ORD101371,2024-12-28,C1432,33.0,Male,Thailand,Phuket,2022-10-02,Regular,Organic Search,Electronics,1,3.0,5.0,6.99,Cash on Delivery,Mobile,11.0,Delivered,2.0
ORD101529,2025-02-16,C1035,46.0,Female,Vietnam,Ho Chi Minh City,2024-07-10,VIP,Organic Search,Beauty,3,39.73,20.0,9.99,Cash on Delivery,Mobile,1.0,Delivered,
ORD101663,2025-03-30,C1404,40.0,Female,Cambodia,Siem Reap,2023-08-18,VIP,Referral,Home & Kitchen,2,171.5,15.0,0.0,Credit Card,Mobile,5.0,Delivered,4.0
ORD101354,2024-12-25,C1189,52.0,Male,Cambodia,Phnom Penh,2023-04-24,Regular,Email,Sports,3,88.04,10.0,0.0,E-Wallet,Tablet,7.0,Delivered,3.0
ORD101821,2025-05-17,C1191,32.0,Male,Cambodia,Phnom Penh,2024-09-07,Regular,Referral,Toys,4,3.0,0.0,6.99,Cash on Delivery,Desktop,9.0,Delivered,
ORD101970,2025-06-22,C1411,18.0,Male,Cambodia,Battambang,2022-07-25,VIP,Referral,Fashion,2,99.46,20.0,0.0,Credit Card,Desktop,8.0,Delivered,4.0
ORD101944,2025-06-16,C1633,18.0,Female,Cambodia,Sihanoukville,2023-12-30,Regular,Paid Ads,Fashion,1,64.97,0.0,6.99,E-Wallet,Desktop,7.0,Delivered,0.0
ORD101643,2025-03-24,C1776,22.0,Male,Cambodia,Sihanoukville,2022-12-22,Regular,Referral,Fashion,1,34.35,0.0,9.99,Cash on Delivery,Mobile,10.0,Delivered,2.0
ORD101891,2025-06-03,C1393,39.0,Male,Singapore,Singapore,2023-03-09,New,Organic Search,Electronics,1,225.37,25.0,0.0,Credit Card,Desktop,,Cancelled,
ORD100795,2024-08-27,C1048,41.0,Female,Thailand,Chiang Mai,2022-09-23,Regular,Social Media,Sports,3,44.29,5.0,0.0,Bank Transfer,Desktop,10.0,Delivered,3.0
ORD100645,2024-07-23,C1010,44.0,Male,Singapore,Singapore,2024-05-14,New,Paid Ads,Home & Kitchen,1,57.79,0.0,2.99,Credit Card,Tablet,6.0,Returned,
ORD101012,2024-10-24,C1361,38.0,Male,Malaysia,Johor Bahru,2022-06-12,Regular,Social Media,Books,1,19.58,0.0,4.99,E-Wallet,Mobile,7.0,Delivered,3.0
ORD101881,2025-06-01,C1270,26.0,Male,Malaysia,Penang,2022-07-29,Regular,Social Media,Fashion,3,38.92,25.0,2.99,Credit Card,Tablet,11.0,Delivered,2.0
ORD100556,2024-06-30,C1774,34.0,Female,Malaysia,Penang,2023-12-05,VIP,Organic Search,Electronics,2,218.41,5.0,0.0,Credit Card,Tablet,10.0,Returned,
ORD100681,2024-08-02,C1518,44.0,Male,Thailand,Bangkok,2023-10-25,VIP,Paid Ads,Fashion,1,64.73,5.0,2.99,Credit Card,Mobile,3.0,Delivered,
ORD100577,2024-07-04,C1748,30.0,Female,Philippines,Manila,2024-07-03,Regular,Organic Search,Electronics,1,64.71,0.0,4.99,E-Wallet,Mobile,11.0,Delivered,
ORD101819,2025-05-15,C1809,36.0,Male,Vietnam,Da Nang,2022-07-22,VIP,Organic Search,Books,1,25.21,0.0,2.99,E-Wallet,Desktop,6.0,Delivered,4.0
ORD101109,2024-11-12,C1110,39.0,Male,Vietnam,Da Nang,2023-11-18,Regular,Organic Search,Beauty,1,11.52,10.0,6.99,Bank Transfer,Mobile,7.0,Delivered,2.0
ORD101266,2024-12-11,C1444,,Male,Cambodia,Phnom Penh,2023-02-18,VIP,Email,Books,1,19.48,35.0,2.99,PayPal,Desktop,5.0,Delivered,
ORD101722,2025-04-18,C1242,18.0,Male,Philippines,Davao,2024-03-15,New,Organic Search,Sports,1,71.53,0.0,9.99,Credit Card,Mobile,8.0,Delivered,4.0
ORD101183,2024-11-25,C1227,55.0,Female,Cambodia,Phnom Penh,2022-12-13,New,Social Media,Books,1,22.8,15.0,6.99,Credit Card,Desktop,2.0,Delivered,
ORD100524,2024-06-19,C1036,33.0,Female,Thailand,Phuket,2024-06-18,New,Social Media,Sports,2,108.59,25.0,0.0,Credit Card,Mobile,2.0,Delivered,4.0
ORD101059,2024-11-04,C1145,,Male,Cambodia,Siem Reap,2023-12-05,VIP,Social Media,Electronics,5,220.46,10.0,0.0,E-Wallet,Desktop,1.0,Delivered,4.0
ORD100540,2024-06-24,C1660,18.0,Male,Thailand,Phuket,2022-06-03,Regular,Organic Search,Home & Kitchen,1,87.82,0.0,4.99,E-Wallet,Mobile,4.0,Delivered,4.0
ORD101194,2024-11-26,C1238,22.0,Female,Indonesia,Surabaya,2022-03-12,Regular,Social Media,Electronics,1,201.86,0.0,0.0,E-Wallet,Mobile,4.0,Delivered,4.0
ORD101678,2025-04-03,C1478,34.0,Male,Cambodia,Siem Reap,2023-01-30,VIP,Paid Ads,Home & Kitchen,1,71.31,0.0,4.99,Cash on Delivery,Mobile,6.0,Delivered,
ORD100748,2024-08-18,C1215,45.0,Male,Singapore,Singapore,2023-03-12,New,Social Media,Fashion,2,20.02,10.0,9.99,E-Wallet,Mobile,6.0,Delivered,
ORD101894,2025-06-03,C1374,40.0,Male,Thailand,Bangkok,2022-10-02,VIP,Social Media,sports,2,57.57,10.0,6.99,Cash on Delivery,Mobile,10.0,Delivered,5.0
ORD101430,2025-01-10,C1561,38.0,Female,Malaysia,Kuala Lumpur,2024-04-10,Regular,Paid Ads,Home & Kitchen,1,38.32,0.0,4.99,Credit Card,Mobile,10.0,Delivered,4.0
ORD100484,2024-06-09,C1733,32.0,Female,Vietnam,Ho Chi Minh City,2022-06-18,New,Paid Ads,Electronics,2,184.48,10.0,0.0,Credit Card,Mobile,8.0,Delivered,4.0
ORD101757,2025-04-28,C1627,49.0,Male,Cambodia,Siem Reap,2022-04-12,Regular,Email,Electronics,1,221.79,0.0,0.0,E-Wallet,Mobile,7.0,Delivered,5.0
ORD100095,2024-02-08,C1239,28.0,Female,Cambodia,Battambang,2024-02-07,Regular,Organic Search,Home & Kitchen,3,97.75,15.0,0.0,Cash on Delivery,Tablet,3.0,Returned,4.0
ORD101020,2024-10-27,C1462,18.0,Male,Thailand,Phuket,2022-03-15,Regular,Email,Toys,1,24.19,10.0,6.99,PayPal,Mobile,7.0,Delivered,3.0
ORD100563,2024-07-01,C1735,36.0,Female,Thailand,,2023-11-20,VIP,Social Media,Sports,1,152.68,0.0,0.0,Cash on Delivery,Mobile,11.0,Returned,
ORD101264,2024-12-11,C1235,27.0,Female,Philippines,Manila,2024-08-24,VIP,Social Media, Beauty ,1,54.91,0.0,9.99,Credit Card,Mobile,,Cancelled,
ORD100742,2024-08-17,C1763,,Female,Cambodia,Siem Reap,2023-07-08,Regular,Email,Sports,1,,5.0,9.99,Bank Transfer,Tablet,2.0,Delivered,3.0
ORD100863,2024-09-13,C1744,35.0,Female,Vietnam,Ho Chi Minh City,2022-07-28,Regular,Email,Fashion,1,63.28,0.0,6.99,Bank Transfer,Mobile,1.0,Delivered,5.0
ORD101598,2025-03-08,C1702,23.0,Female,Vietnam,Hanoi,2024-05-08,Regular,Referral,Books,3,4.27,0.0,4.99,E-Wallet,Desktop,2.0,Delivered,5.0
ORD101714,2025-04-16,C1592,54.0,Male,Thailand,Chiang Mai,2022-10-16,Regular,Social Media,Home & Kitchen,1,96.04,20.0,9.99,Credit Card,Mobile,9.0,Delivered,
ORD101484,2025-01-28,C1217,49.0,Female,Thailand,,2023-03-16,New,Organic Search,Home & Kitchen,1,21.34,0.0,4.99,Credit Card,Mobile,5.0,Delivered,
ORD100891,2024-09-19,C1157,45.0,Female,Malaysia,Johor Bahru,2024-02-14,Regular,Referral,Sports,1,25.52,0.0,9.99,E-Wallet,Mobile,,Cancelled,
ORD101577,2025-03-02,C1584,42.0,Female,Singapore,Singapore,2023-05-22,VIP,Organic Search,Books,1,24.07,15.0,2.99,E-Wallet,Desktop,,Cancelled,
ORD101038,2024-11-01,C1301,18.0,Male,Thailand,Chiang Mai,2023-04-20,New,Email,Fashion,2,40.46,10.0,6.99,Credit Card,Desktop,,Cancelled,
ORD100206,2024-03-26,C1164,43.0,Female,Cambodia,Sihanoukville,2023-03-30,VIP,Social Media,Sports,1,3.0,0.0,9.99,Cash on Delivery,Mobile,7.0,Returned,3.0
ORD100392,2024-05-17,C1453,57.0,Male,Cambodia,Battambang,2022-02-10,VIP,Email,Home & Kitchen,2,69.44,5.0,0.0,E-Wallet,Mobile,7.0,Delivered,
ORD100794,2024-08-27,C1036,33.0,Female,Thailand,Phuket,2024-06-18,New,Social Media,Electronics,2,196.93,0.0,0.0,E-Wallet,Mobile,5.0,Delivered,
ORD100870,2024-09-14,C1685,29.0,F,Cambodia,Battambang,2024-03-11,New,Referral,Electronics,1,156.86,5.0,0.0,Credit Card,Mobile,1.0,Delivered,3.0
ORD100397,2024-05-19,C1774,34.0,Female,Malaysia,Penang,2023-12-05,VIP,Organic Search,Sports,1,131.37,20.0,0.0,Credit Card,Desktop,6.0,Delivered,3.0
ORD100766,2024-08-20,C1590,21.0,Female,Thailand,Chiang Mai,2023-05-14,Regular,Referral,Electronics,2,3.0,10.0,2.99,Bank Transfer,Tablet,2.0,Delivered,5.0
ORD101883,2025-06-02,C1437,22.0,Male,Cambodia,Phnom Penh,2024-09-07,Regular,Email,Electronics,1,197.56,0.0,0.0,Credit Card,Desktop,10.0,Delivered,3.0
ORD101241,2024-12-06,C1730,150.0,Male,Cambodia,Sihanoukville,2023-09-19,New,Social Media,Books,1,21.34,10.0,2.99,Cash on Delivery,Desktop,7.0,Delivered,4.0
ORD101028,2024-10-29,C1761,41.0,Male,Vietnam,Hanoi,2023-08-26,VIP,Email,Electronics,3,199.42,30.0,0.0,E-Wallet,Tablet,8.0,Delivered,3.0
ORD101792,2025-05-08,C1650,54.0,Male,Thailand,Chiang Mai,2024-01-28,VIP,Social Media,Fashion,2,33.98,5.0,6.99,Credit Card,Mobile,5.0,Delivered,
ORD100642,2024-07-22,C1614,25.0,Male,Cambodia,Battambang,2023-01-23,VIP,Social Media,Fashion,4,34.28,20.0,0.0,PayPal,Mobile,10.0,Delivered,
ORD101935,2025-06-13,C1518,44.0,Male,Thailand,Bangkok,2023-10-25,VIP,Paid Ads,Home & Kitchen,3,120.01,0.0,0.0,Credit Card,Desktop,2.0,Delivered,4.0
ORD100612,2024-07-13,C1385,25.0,Male,Vietnam,Hanoi,2023-11-11,VIP,Social Media,Electronics,2,323.19,25.0,0.0,E-Wallet,Mobile,,Cancelled,
ORD101762,2025-04-30,C1544,,Male,Philippines,Cebu,2023-11-12,Regular,Social Media,Home & Kitchen,1,62.61,15.0,2.99,Bank Transfer,Mobile,5.0,Delivered,3.0
ORD100960,2024-10-09,C1568,40.0,Female,Thailand,Chiang Mai,2024-09-26,New,Paid Ads,Home & Kitchen,1,92.94,0.0,9.99,PayPal,Mobile,9.0,Delivered,3.0
ORD101570,2025-02-28,C1252,53.0,Female,Singapore,Singapore,2024-07-05,New,Organic Search,Books,1,6.78,0.0,2.99,Credit Card,Desktop,7.0,Returned,3.0
ORD100725,2024-08-12,C1210,44.0,Male,Thailand,Bangkok,2024-03-04,VIP,Organic Search,Home & Kitchen,3,88.95,15.0,0.0,E-Wallet,Mobile,3.0,Returned,3.0
ORD100683,2024-08-02,C1212,,Male,Cambodia,Sihanoukville,2022-09-03,Regular,Social Media,Fashion,1,3.0,0.0,4.99,Bank Transfer,Mobile,3.0,Delivered,3.0
ORD100098,2024-02-09,C1174,20.0,Female,Cambodia,Siem Reap,2023-12-29,VIP,Organic Search,Sports,1,89.0,15.0,2.99,E-Wallet,Desktop,4.0,Delivered,3.0
ORD100804,2024-08-30,C1678,38.0,Female,Vietnam,Ho Chi Minh City,2023-06-16,VIP,Organic Search,Home & Kitchen,3,85.48,10.0,0.0,Cash on Delivery,Mobile,4.0,Returned,1.0
ORD101751,2025-04-27,C1556,,Male,Singapore,Singapore,2022-12-07,VIP,Email,Toys,1,48.43,0.0,6.99,Credit Card,Desktop,7.0,Delivered,
ORD101597,2025-03-08,C1017,-1.0,Male,Thailand,Bangkok,2024-03-20,New,Organic Search,Toys,5,54.85,20.0,0.0,E-Wallet,Mobile,10.0,Delivered,
ORD100406,2024-05-21,C1100,30.0,Female,Singapore,Singapore,2024-05-20,New,Email,Beauty,2,3.0,0.0,9.99,E-Wallet,Desktop,3.0,Delivered,3.0
ORD100502,2024-06-13,C1030,58.0,Female,Cambodia,Siem Reap,2022-08-04,New,Email,Electronics,1,3.0,10.0,2.99,Credit Card,Desktop,2.0,Delivered,4.0
ORD101071,2024-11-06,C1045,36.0,Female,Indonesia,Surabaya,2023-04-22,Regular,Organic Search,Electronics,4,219.07,30.0,0.0,PayPal,Mobile,3.0,Delivered,
ORD101056,2024-11-03,C1321,32.0,Male,Thailand,Phuket,2023-06-22,VIP,Email,Fashion,1,20.99,20.0,4.99,Credit Card,Mobile,10.0,Delivered,3.0
ORD100929,2024-09-27,C1338,47.0,Male,Indonesia,Surabaya,2022-01-07,New,Referral,Sports,1,3.0,0.0,6.99,Credit Card,Tablet,9.0,Delivered,
ORD100779,2024-08-24,C1130,,Female,Cambodia,Sihanoukville,2022-06-07,Regular,Social Media,Fashion,1,28.26,0.0,6.99,Bank Transfer,Mobile,1.0,Delivered,5.0
ORD101863,2025-05-29,C1253,23.0,Male,Cambodia,Phnom Penh,2022-05-05,Regular,Paid Ads,Home & Kitchen,4,108.21,0.0,0.0,E-Wallet,Desktop,1.0,Delivered,5.0
ORD100200,2024-03-25,C1581,21.0,Male,Thailand,Bangkok,2022-02-27,VIP,Paid Ads,Toys,2,63.97,0.0,0.0,PayPal,Mobile,4.0,Delivered,
ORD100134,2024-02-25,C1444,30.0,Male,Cambodia,Phnom Penh,2023-02-18,VIP,Email,Home & Kitchen,1,174.44,5.0,0.0,E-Wallet,Desktop,4.0,Delivered,4.0
ORD101051,2024-11-02,C1025,30.0,Female,Cambodia,Battambang,2023-07-11,Regular,Social Media,Beauty,2,36.63,0.0,6.99,E-Wallet,Mobile,2.0,Returned,3.0
ORD100040,2024-01-18,C1384,18.0,Male,Cambodia,Battambang,2023-04-25,VIP,Organic Search,Beauty,2,13.05,15.0,4.99,Bank Transfer,Mobile,1.0,Delivered,
ORD101017,2024-10-27,C1536,28.0,Male,Thailand,Chiang Mai,2023-08-08,New,Referral,Beauty,5,14.74,0.0,6.99,Cash on Delivery,Mobile,11.0,Delivered,
ORD100230,2024-04-03,C1361,38.0,Male,Malaysia,Johor Bahru,2022-06-12,Regular,Social Media,Beauty,1,48.46,0.0,9.99,E-Wallet,Desktop,6.0,Delivered,4.0
ORD101513,2025-02-09,C1417,49.0,Male,Cambodia,Siem Reap,2023-10-22,New,Social Media,Fashion,5,49.81,5.0,0.0,Credit Card,Desktop,8.0,Returned,2.0
ORD101796,2025-05-09,C1556,26.0,Male,Singapore,Singapore,2022-12-07,VIP,Email,Home & Kitchen,1,122.63,10.0,0.0,Cash on Delivery,Mobile,10.0,Delivered,
ORD100378,2024-05-14,C1183,46.0,Male,Cambodia,Sihanoukville,2022-06-18,VIP,Social Media,Fashion,2,71.97,10.0,0.0,Credit Card,Desktop,4.0,Returned,
ORD100288,2024-04-21,C1342,,Female,Thailand,Phuket,2023-03-07,VIP,Referral,Toys,1,,10.0,4.99,Credit Card,Desktop,4.0,Delivered,4.0
ORD100418,2024-05-24,C1720,33.0,Male,Vietnam,Hanoi,2022-01-10,Regular,Paid Ads,Fashion,4,71.77,0.0,0.0,E-Wallet,Mobile,6.0,Delivered,
ORD101698,2025-04-10,C1571,33.0,Female,Singapore,Singapore,2024-09-18,Regular,Organic Search,Home & Kitchen,4,132.86,5.0,0.0,Credit Card,Tablet,8.0,Delivered,
ORD100391,2024-05-17,C1137,43.0,Female,Singapore,Singapore,2022-02-06,VIP,Social Media,Sports,3,38.18,25.0,2.99,Credit Card,Mobile,7.0,Delivered,
ORD100592,2024-07-10,C1666,18.0,Male,Cambodia,Battambang,2023-09-24,VIP,Paid Ads,Electronics,1,187.21,10.0,0.0,Credit Card,Mobile,9.0,Delivered,3.0
ORD101522,2025-02-13,C1513,33.0,Female,Cambodia,Battambang,2022-10-12,Regular,Paid Ads,Fashion,1,70.08,10.0,4.99,Bank Transfer,Desktop,1.0,Returned,2.0
ORD101162,2024-11-22,C1193,50.0,Male,Thailand,Chiang Mai,2024-02-03,New,Social Media,Beauty,2,51.33,0.0,9.99,Bank Transfer,Mobile,6.0,Delivered,3.0
ORD101086,2024-11-07,C1631,62.0,Female,Cambodia,Phnom Penh,2023-10-21,VIP,Paid Ads,Fashion,4,44.56,0.0,0.0,Cash on Delivery,Mobile,7.0,Delivered,3.0
ORD101495,2025-02-01,C1510,18.0,Female,Thailand,Phuket,2023-05-21,New,Social Media,Electronics,2,151.96,0.0,0.0,E-Wallet,Desktop,3.0,Delivered,4.0
ORD100647,2024-07-24,C1148,46.0,Male,Vietnam,Ho Chi Minh City,2024-05-24,VIP,Social Media,Toys,2,6.7,15.0,9.99,E-Wallet,Mobile,11.0,Delivered,
ORD101152,2024-11-20,C1506,61.0,Male,Philippines,Cebu,2022-01-24,VIP,Paid Ads,Electronics,3,248.79,5.0,0.0,Bank Transfer,Mobile,9.0,Returned,
ORD101367,2024-12-27,C1369,43.0,Female,Cambodia,Battambang,2023-03-31,VIP,Organic Search,Fashion,1,55.31,0.0,6.99,Credit Card,Mobile,6.0,Returned,
ORD100520,2024-06-18,C1378,52.0,Female,Thailand,Chiang Mai,2022-11-12,Regular,Social Media,Electronics,2,137.98,0.0,0.0,Bank Transfer,Desktop,6.0,Delivered,
ORD101862,2025-05-28,C1285,29.0,Female,Thailand,Phuket,2023-01-31,Regular,Email,Home & Kitchen,1,3.38,20.0,4.99,,Mobile,9.0,Delivered,
ORD101880,2025-06-01,C1805,,Female,Cambodia,,2024-04-20,VIP,Paid Ads,Toys,1,15.43,20.0,6.99,Credit Card,Mobile,2.0,Delivered,5.0
ORD100064,2024-01-26,C1771,49.0,Female,Thailand,Chiang Mai,2022-12-09,New,Paid Ads,Sports,1,3.0,0.0,6.99,E-Wallet,Mobile,9.0,Delivered,
ORD101836,2025-05-22,C1620,29.0,Male,Malaysia,Johor Bahru,2024-03-25,Regular,Social Media,Electronics,1,140.52,10.0,0.0,E-Wallet,Mobile,11.0,Delivered,
ORD100014,2024-01-07,C1538,18.0,Male,Vietnam,Ho Chi Minh City,2023-06-04,Regular,Organic Search,Home & Kitchen,4,91.22,15.0,0.0,Cash on Delivery,Mobile,5.0,Delivered,
ORD101180,2024-11-25,C1736,43.0,Female,Vietnam,Ho Chi Minh City,2024-05-22,VIP,Email,Home & Kitchen,1,52.87,20.0,6.99,PayPal,Mobile,6.0,Delivered,3.0
ORD101064,2024-11-05,C1538,18.0,Male,Vietnam,Ho Chi Minh City,2023-06-04,Regular,Organic Search,Beauty,2,52.27,0.0,6.99,Credit Card,Mobile,2.0,Delivered,
ORD100492,2024-06-11,C1478,34.0,Male,Cambodia,Siem Reap,2023-01-30,VIP,Paid Ads,Home & Kitchen,1,91.03,0.0,2.99,Credit Card,Tablet,10.0,Returned,2.0
ORD100379,2024-05-14,C1247,54.0,Male,Vietnam,Hanoi,2024-02-14,VIP,Organic Search,Books,1,14.08,20.0,4.99,E-Wallet,Desktop,8.0,Delivered,
ORD100187,2024-03-20,C1678,38.0,Female,Vietnam,Ho Chi Minh City,2023-06-16,VIP,Organic Search,Sports,3,3.0,0.0,4.99,Credit Card,Mobile,5.0,Delivered,
ORD100763,2024-08-20,C1434,,Male,Cambodia,Siem Reap,2023-10-27,New,Organic Search,Home & Kitchen,1,24.35,0.0,2.99,Credit Card,Desktop,2.0,Delivered,4.0
ORD100216,2024-03-30,C1564,44.0,Female,Vietnam,Hanoi,2023-11-27,Regular,Organic Search,Home & Kitchen,1,42.08,15.0,4.99,E-Wallet,Mobile,7.0,Returned,3.0
ORD100791,2024-08-26,C1710,34.0,Female,Singapore,Singapore,2022-06-08,VIP,Social Media,Toys,5,25.15,5.0,0.0,Credit Card,Mobile,9.0,Delivered,
ORD101076,2024-11-06,C1294,31.0,Male,Vietnam,Hanoi,2022-12-31,New,Referral,Electronics,5,37.42,0.0,0.0,E-Wallet,Desktop,11.0,Delivered,
ORD100878,2024-09-17,C1629,18.0,Male,Cambodia,Siem Reap,2024-09-16,Regular,Social Media,Fashion,2,24.08,15.0,9.99,Credit Card,Mobile,7.0,Delivered,3.0
ORD100337,2024-05-05,C1176,51.0,Male,Malaysia,Kuala Lumpur,2024-05-04,VIP,Organic Search,Electronics,2,17.19,20.0,9.99,Credit Card,Desktop,4.0,Delivered,4.0
ORD101772,2025-05-04,C1599,18.0,Female,Cambodia,Siem Reap,2024-09-16,Regular,Organic Search,Fashion,2,19.47,10.0,2.99,Credit Card,Mobile,11.0,Delivered,3.0
ORD100719,2024-08-10,C1049,35.0,Male,Cambodia,Sihanoukville,2023-01-01,VIP,Social Media,Electronics,2,292.15,25.0,0.0,E-Wallet,Desktop,4.0,Delivered,4.0
ORD101748,2025-04-26,C1096,19.0,Male,Thailand,Bangkok,2022-05-05,Regular,Email,Fashion,2,55.83,15.0,4.99,Bank Transfer,Desktop,5.0,Delivered,
ORD100295,2024-04-22,C1822,21.0,Male,Indonesia,Jakarta,2023-05-22,New,Email,Electronics,3,322.81,20.0,0.0,E-Wallet,Mobile,5.0,Delivered,4.0
ORD101725,2025-04-19,C1034,41.0,Female,Singapore,Singapore,2023-10-01,Regular,Organic Search,Books,1,21.44,20.0,4.99,Cash on Delivery,Mobile,9.0,Delivered,
ORD101016,2024-10-26,C1799,34.0,Male,Thailand,Chiang Mai,2023-10-16,Regular,Email,Home & Kitchen,1,43.69,5.0,2.99,Bank Transfer,Mobile,2.0,Returned,
ORD101275,2024-12-13,C1049,35.0,Male,Cambodia,Sihanoukville,2023-01-01,VIP,Social Media,Fashion,2,74.34,0.0,0.0,Credit Card,Mobile,3.0,Delivered,5.0
ORD101750,2025-04-27,C1212,34.0,Male,Cambodia,Sihanoukville,2022-09-03,Regular,Social Media,Home & Kitchen,3,22.35,10.0,6.99,Credit Card,Desktop,4.0,Returned,
ORD101485,2025-01-29,C1609,40.0,Female,Cambodia,Sihanoukville,2024-03-10,Regular,Organic Search,Fashion,1,68.26,0.0,6.99,Credit Card,Desktop,9.0,Returned,2.0
ORD100455,2024-06-03,C1749,24.0,Female,Singapore,Singapore,2022-04-18,VIP,Social Media,Electronics,1,243.49,5.0,0.0,Cash on Delivery,Desktop,,Cancelled,
ORD101927,2025-06-11,C1821,50.0,Male,Cambodia,Sihanoukville,2024-05-06,VIP,Referral,Home & Kitchen,1,56.35,10.0,9.99,E-Wallet,Mobile,6.0,Delivered,
ORD100815,2024-09-01,C1186,36.0,Male,Cambodia,Battambang,2023-06-09,Regular,Referral,Home & Kitchen,1,59.01,10.0,4.99,Bank Transfer,Desktop,4.0,Delivered,4.0
ORD101886,2025-06-02,C1785,37.0,Male,Cambodia,Battambang,2024-09-23,Regular,Email,Sports,2,3.0,5.0,2.99,Cash on Delivery,Desktop,6.0,Delivered,
ORD100269,2024-04-17,C1259,19.0,Female,Indonesia,Bandung,2023-01-16,New,Referral,Fashion,1,23.99,0.0,6.99,Credit Card,Mobile,9.0,Delivered,4.0
ORD100995,2024-10-19,C1250,30.0,Male,Vietnam,Hanoi,2022-11-13,VIP,Organic Search,Fashion,1,,10.0,4.99,E-Wallet,Mobile,8.0,Delivered,
ORD100201,2024-03-25,C1552,37.0,Female,Vietnam,Da Nang,2023-08-20,VIP,Paid Ads,Electronics,1,16.37,10.0,4.99,Bank Transfer,Mobile,1.0,Delivered,4.0
ORD100161,2024-03-12,C1701,31.0,Male,Vietnam,Ho Chi Minh City,2023-03-09,Regular,Email,electronics,1,523.77,15.0,0.0,Cash on Delivery,Mobile,8.0,Delivered,3.0
ORD101579,2025-03-03,C1139,66.0,Male,Philippines,Cebu,2023-11-10,Regular,Email,Sports,4,101.28,0.0,0.0,E-Wallet,Mobile,2.0,Delivered,5.0
ORD100729,2024-08-13,C1198,34.0,Male,Cambodia,,2022-05-14,New,Social Media,Fashion,1,50.7,25.0,9.99,Credit Card,Mobile,,Cancelled,
ORD100401,2024-05-19,C1444,30.0,Male,Cambodia,Phnom Penh,2023-02-18,VIP,Email,Electronics,1,273.32,10.0,0.0,Bank Transfer,Mobile,7.0,Delivered,4.0
ORD100702,2024-08-06,C1285,29.0,Female,Thailand,Phuket,2023-01-31,Regular,Email,Fashion,1,126.45,5.0,0.0,Credit Card,Mobile,10.0,Delivered,2.0
ORD101500,2025-02-02,C1706,24.0,Male,Cambodia,Sihanoukville,2022-12-27,Regular,Email,Toys,1,26.41,0.0,4.99,,Tablet,5.0,Delivered,4.0
ORD101845,2025-05-24,C1122,36.0,Male,Cambodia,Phnom Penh,2024-03-21,VIP,Referral,Electronics,2,86.65,0.0,0.0,E-Wallet,Desktop,3.0,Returned,3.0
ORD101795,2025-05-09,C1664,33.0,Male,Philippines,Manila,2023-12-26,VIP,Social Media,Electronics,1,159.23,0.0,0.0,Cash on Delivery,Desktop,3.0,Delivered,4.0
ORD101129,2024-11-16,C1588,37.0,Male,Philippines,Manila,2024-03-03,VIP,Paid Ads,Electronics,3,113.43,10.0,0.0,Bank Transfer,Mobile,10.0,Returned,3.0
ORD100565,2024-07-02,C1826,34.0,Male,Cambodia,Phnom Penh,2023-08-24,Regular,Paid Ads,Fashion,1,47.83,0.0,9.99,Credit Card,Desktop,9.0,Delivered,3.0
ORD101413,2025-01-05,C1438,27.0,Female,Singapore,Singapore,2023-02-16,New,Paid Ads,Fashion,1,43.68,5.0,6.99,E-Wallet,Desktop,5.0,Delivered,
ORD101021,2024-10-27,C1086,29.0,Female,Vietnam,Da Nang,2022-11-07,Regular,Social Media,Fashion,2,73.56,15.0,0.0,Bank Transfer,Mobile,8.0,Delivered,
ORD101025,2024-10-29,C1085,39.0,Female,Cambodia,Siem Reap,2024-01-21,VIP,Organic Search,Electronics,2,34.29,0.0,2.99,E-Wallet,Desktop,9.0,Delivered,4.0
ORD101411,2025-01-04,C1496,18.0,Female,Cambodia,Phnom Penh,2022-05-06,Regular,Social Media,Toys,1,67.49,0.0,9.99,E-Wallet,Mobile,7.0,Delivered,3.0
ORD101895,2025-06-04,C1408,18.0,Female,Cambodia,Siem Reap,2023-08-03,Regular,Paid Ads,Home & Kitchen,2,4.17,15.0,4.99,Credit Card,Desktop,1.0,Delivered,
ORD101585,2025-03-05,C1361,38.0,Male,Malaysia,Johor Bahru,2022-06-12,Regular,Social Media,Electronics,2,114.41,0.0,0.0,Bank Transfer,Mobile,11.0,Delivered,
ORD101955,2025-06-18,C1085,39.0,Female,Cambodia,Siem Reap,2024-01-21,VIP,Organic Search,Fashion,2,30.44,5.0,4.99,PayPal,Desktop,2.0,Delivered,3.0
ORD101104,2024-11-10,C1561,38.0,Female,Malaysia,Kuala Lumpur,2024-04-10,Regular,Paid Ads,Fashion,1,114.54,5.0,9.99,Bank Transfer,Desktop,4.0,Delivered,4.0
ORD100205,2024-03-26,C1319,21.0,Female,Vietnam,Da Nang,2023-11-08,Regular,Referral,Beauty,2,24.96,0.0,6.99,E-Wallet,Mobile,3.0,Delivered,4.0
ORD100034,2024-01-16,C1285,29.0,Female,Thailand,Phuket,2023-01-31,Regular,Email,Fashion,2,100.36,0.0,0.0,Cash on Delivery,Mobile,2.0,Delivered,4.0
ORD100775,2024-08-23,C1747,40.0,Female,Vietnam,Ho Chi Minh City,2022-10-30,New,Organic Search,fashion,2,10.82,10.0,6.99,Cash on Delivery,Mobile,4.0,Delivered,3.0
ORD100508,2024-06-14,C1692,44.0,Male,Malaysia,Penang,2024-01-12,New,Organic Search,Beauty,2,37.53,0.0,4.99,Cash on Delivery,Desktop,6.0,Delivered,
ORD101451,2025-01-17,C1022,47.0,Male,Malaysia,Johor Bahru,2022-05-17,VIP,Social Media,Fashion,3,58.94,0.0,0.0,Bank Transfer,Mobile,7.0,Delivered,
ORD101478,2025-01-26,C1401,36.0,Male,Vietnam,Da Nang,2022-03-21,VIP,Social Media,Electronics,1,19.57,10.0,6.99,E-Wallet,Desktop,8.0,Delivered,4.0
ORD100275,2024-04-18,C1079,31.0,Female,Thailand,Bangkok,2023-07-26,Regular,Social Media,Sports,1,20.71,5.0,9.99,E-Wallet,Mobile,7.0,Delivered,
ORD101390,2024-12-30,C1279,37.0,Male,Singapore,Singapore,2022-08-14,Regular,Organic Search,Sports,2,3.0,10.0,6.99,E-Wallet,Mobile,8.0,Delivered,3.0
ORD100091,2024-02-07,C1044,35.0,Female,Cambodia,Battambang,2022-11-27,Regular,Email,Beauty,1,16.84,0.0,6.99,Cash on Delivery,Mobile,6.0,Delivered,
ORD101363,2024-12-27,C1643,36.0,Female,Malaysia,Penang,2023-10-19,New,Organic Search,Home & Kitchen,1,81.23,0.0,9.99,Credit Card,Desktop,1.0,Returned,3.0
ORD100897,2024-09-20,C1588,37.0,Male,Philippines,Manila,2024-03-03,VIP,Paid Ads,Sports,2,107.31,10.0,0.0,Bank Transfer,Desktop,2.0,Delivered,3.0
ORD100564,2024-07-01,C1127,21.0,Female,Singapore,Singapore,2023-11-25,Regular,Social Media,Beauty,1,32.05,0.0,4.99,E-Wallet,Desktop,2.0,Delivered,
ORD101369,2024-12-27,C1518,44.0,Male,Thailand,Bangkok,2023-10-25,VIP,Paid Ads,Books,1,15.95,10.0,2.99,Bank Transfer,Desktop,2.0,Delivered,4.0
ORD100776,2024-08-23,C1789,32.0,Male,Singapore,Singapore,2022-12-05,VIP,Paid Ads,Electronics,2,41.58,25.0,4.99,Bank Transfer,Mobile,5.0,Returned,4.0
ORD100241,2024-04-08,C1040,42.0,Male,Philippines,Manila,2023-09-15,New,Email,Electronics,2,244.88,0.0,0.0,Bank Transfer,Desktop,,Cancelled,
ORD100013,2024-01-06,C1212,34.0,Male,Cambodia,Sihanoukville,2022-09-03,Regular,Social Media,Home & Kitchen,4,3.0,20.0,9.99,E-Wallet,Desktop,2.0,Delivered,
ORD100315,2024-04-28,C1742,23.0,Male,Vietnam,Hanoi,2023-04-11,Regular,Paid Ads,Sports,1,60.15,10.0,9.99,Cash on Delivery,Desktop,7.0,Delivered,
ORD100600,2024-07-11,C1035,46.0,Female,Vietnam,Ho Chi Minh City,2024-07-10,VIP,Organic Search,Sports,2,39.99,15.0,2.99,Credit Card,Desktop,5.0,Delivered,3.0
ORD100387,2024-05-15,C1206,25.0,Male,Vietnam,Hanoi,2022-06-17,New,Social Media,Fashion,1,76.1,0.0,6.99,Bank Transfer,Desktop,3.0,Delivered,
ORD101297,2024-12-16,C1570,18.0,Female,Thailand,Chiang Mai,2022-08-14,Regular,Organic Search,Fashion,1,29.39,15.0,6.99,Bank Transfer,Mobile,10.0,Returned,3.0
ORD100166,2024-03-13,C1400,32.0,Female,Cambodia,Sihanoukville,2023-12-31,Regular,Organic Search,Electronics,1,89.9,10.0,9.99,Cash on Delivery,Desktop,,Cancelled,
ORD100840,2024-09-07,C1822,21.0,Male,Indonesia,Jakarta,2023-05-22,New,Email,Books,1,16.06,30.0,4.99,Cash on Delivery,Tablet,2.0,Returned,3.0
ORD100020,2024-01-10,C1332,26.0,Female,Indonesia,Surabaya,2023-02-02,Regular,Email,Fashion,2,53.03,5.0,6.99,Cash on Delivery,Tablet,5.0,Delivered,6.0
ORD100646,2024-07-24,C1273,57.0,Female,Philippines,Cebu,2023-03-31,VIP,Paid Ads,Home & Kitchen,1,87.98,30.0,6.99,Cash on Delivery,Mobile,1.0,Delivered,
ORD101842,2025-05-24,C1049,35.0,Male,Cambodia,Sihanoukville,2023-01-01,VIP,Social Media,Sports,1,87.88,10.0,9.99,Bank Transfer,Mobile,10.0,Delivered,4.0
ORD101508,2025-02-07,C1174,20.0,Female,Cambodia,,2023-12-29,VIP,Organic Search,Fashion,3,86.4,10.0,0.0,Bank Transfer,Mobile,6.0,Delivered,2.0
ORD101154,2024-11-20,C1103,42.0,Male,Vietnam,Ho Chi Minh City,2022-04-21,Regular,Social Media,Beauty,2,34.64,0.0,6.99,E-Wallet,Mobile,1.0,Delivered,5.0
ORD101528,2025-02-16,C1086,29.0,Female,Vietnam,Da Nang,2022-11-07,Regular,Social Media,Books,1,27.27,20.0,9.99,Credit Card,Tablet,10.0,Returned,
ORD100831,2024-09-05,C1413,,Male,Thailand,Phuket,2024-05-14,Regular,Paid Ads,Home & Kitchen,1,48.9,15.0,6.99,Cash on Delivery,Desktop,4.0,Delivered,4.0
ORD101267,2024-12-12,C1774,34.0,Female,Malaysia,Penang,2023-12-05,VIP,Organic Search,Home & Kitchen,3,47.46,5.0,0.0,Credit Card,Tablet,2.0,Returned,3.0
ORD101590,2025-03-06,C1824,18.0,Female,Malaysia,Johor Bahru,2023-05-02,New,Organic Search, Sports ,4,22.62,15.0,2.99,Bank Transfer,Mobile,9.0,Returned,
ORD101899,2025-06-05,C1561,38.0,Female,Malaysia,Kuala Lumpur,2024-04-10,Regular,Paid Ads,Fashion,1,54.91,0.0,2.99,E-Wallet,Mobile,11.0,Delivered,3.0
ORD100562,2024-06-30,C1234,26.0,Female,Cambodia,Sihanoukville,2022-09-25,VIP,Paid Ads,Books,1,25.27,15.0,9.99,,Desktop,5.0,Delivered,
ORD101996,2025-06-29,C1460,37.0,Female,Vietnam,Da Nang,2024-04-06,Regular,Email,Home & Kitchen,1,76.49,0.0,9.99,Credit Card,Mobile,5.0,Returned,4.0
ORD100686,2024-08-03,C1509,39.0,Female,Thailand,Bangkok,2024-03-18,Regular,Organic Search,Electronics,2,3.0,0.0,2.99,Credit Card,Mobile,11.0,Returned,1.0
ORD100957,2024-10-09,C1455,36.0,Male,Thailand,Chiang Mai,2023-08-31,VIP,Organic Search,Sports,2,18.64,10.0,2.99,Cash on Delivery,Desktop,2.0,Delivered,5.0
ORD100189,2024-03-21,C1374,40.0,Male,Thailand,Bangkok,2022-10-02,VIP,Social Media,Sports,2,148.1,10.0,0.0,E-Wallet,Mobile,8.0,Delivered,2.0
ORD101806,2025-05-12,C1754,54.0,Female,Malaysia,Penang,2022-11-07,Regular,Organic Search,Beauty,1,12.06,25.0,4.99,Cash on Delivery,Mobile,10.0,Returned,3.0
ORD100975,2024-10-15,C1519,52.0,Male,Singapore,Singapore,2024-06-29,New,Organic Search,Home & Kitchen,1,97.75,20.0,4.99,,Mobile,7.0,Delivered,
ORD100699,2024-08-06,C1084,21.0,Male,Vietnam,Ho Chi Minh City,2022-08-04,New,Social Media,Home & Kitchen,2,79.42,10.0,0.0,Credit Card,Mobile,5.0,Returned,2.0
ORD101499,2025-02-02,C1446,46.0,Male,Thailand,Bangkok,2024-02-26,VIP,Social Media,Electronics,1,345.81,5.0,0.0,Bank Transfer,Mobile,7.0,Delivered,
ORD101705,2025-04-11,C1032,28.0,Male,Singapore,Singapore,2024-07-27,New,Social Media,Toys,2,24.93,20.0,6.99,Credit Card,Mobile,11.0,Delivered,3.0
ORD100510,2024-06-15,C1580,18.0,Male,Vietnam,Ho Chi Minh City,2023-04-26,Regular,Paid Ads,Fashion,1,50.53,10.0,6.99,Cash on Delivery,Mobile,4.0,Delivered,3.0
ORD101082,2024-11-07,C1475,,Female,Vietnam,Hanoi,2023-11-22,VIP,Paid Ads,Home & Kitchen,1,96.47,5.0,4.99,PayPal,Desktop,,Cancelled,
ORD100474,2024-06-08,C1136,37.0,Male,Thailand,Phuket,2022-10-09,New,Paid Ads,Fashion,3,63.73,0.0,0.0,E-Wallet,Mobile,9.0,Delivered,5.0
ORD101584,2025-03-04,C1769,52.0,Female,Cambodia,Sihanoukville,2023-03-30,Regular,Organic Search,Fashion,2,53.48,-10.0,4.99,Cash on Delivery,Tablet,2.0,Delivered,4.0
ORD100856,2024-09-09,C1633,18.0,Female,Cambodia,Sihanoukville,2023-12-30,Regular,Paid Ads,Toys,5,15.4,20.0,6.99,Credit Card,Desktop,2.0,Delivered,5.0
ORD100747,2024-08-18,C1314,43.0,Female,Malaysia,Kuala Lumpur,2024-07-10,VIP,Social Media,Books,3,15.75,10.0,9.99,Credit Card,Tablet,1.0,Delivered,4.0
ORD100252,2024-04-11,C1705,,Male,Vietnam,Ho Chi Minh City,2022-03-22,VIP,Organic Search,Electronics,1,270.72,5.0,0.0,Bank Transfer,Mobile,,Cancelled,
ORD100021,2024-01-10,C1334,34.0,Male,Thailand,Phuket,2022-01-05,New,Social Media,Books,2,15.22,0.0,4.99,Cash on Delivery,Mobile,11.0,Delivered,4.0
ORD101337,2024-12-22,C1672,26.0,Female,Cambodia,Siem Reap,2022-02-23,VIP,Social Media,Beauty,1,36.62,5.0,9.99,E-Wallet,Desktop,7.0,Delivered,4.0
ORD100459,2024-06-04,C1606,42.0,Female,Vietnam,Da Nang,2023-11-14,Regular,Social Media,Electronics,1,322.73,0.0,0.0,Credit Card,Desktop,4.0,Delivered,
ORD101184,2024-11-25,C1085,39.0,Female,Cambodia,Siem Reap,2024-01-21,VIP,Organic Search,Electronics,1,447.2,0.0,0.0,PayPal,Mobile,11.0,Delivered,
ORD100276,2024-04-18,C1587,25.0,Female,Singapore,Singapore,2023-12-15,VIP,Organic Search,Books,1,18.5,5.0,9.99,Credit Card,Mobile,6.0,Delivered,
ORD100955,2024-10-08,C1399,26.0,Female,Vietnam,Hanoi,2024-08-25,VIP,Organic Search,Beauty,1,3.0,5.0,6.99,Cash on Delivery,Mobile,5.0,Delivered,
ORD101215,2024-12-01,C1518,44.0,Male,Thailand,Bangkok,2023-10-25,VIP,Paid Ads,Electronics,1,104.51,5.0,9.99,Bank Transfer,Mobile,4.0,Delivered,3.0
ORD100385,2024-05-15,C1559,24.0,Male,Vietnam,Hanoi,2022-05-08,Regular,Email,Sports,5,63.21,5.0,0.0,Credit Card,Mobile,10.0,Delivered,
ORD100805,2024-08-30,C1101,48.0,Male,Cambodia,Sihanoukville,2023-02-12,VIP,Organic Search,Electronics,2,196.69,5.0,0.0,Credit Card,Desktop,8.0,Delivered,4.0
ORD101437,2025-01-12,C1446,46.0,Male,Thailand,Bangkok,2024-02-26,VIP,Social Media,Home & Kitchen,5,30.87,25.0,0.0,E-Wallet,Mobile,4.0,Delivered,4.0
ORD101515,2025-02-11,C1204,18.0,Male,Singapore,Singapore,2023-03-04,Regular,Referral,Books,5,15.58,5.0,2.99,E-Wallet,Desktop,8.0,Delivered,
ORD100343,2024-05-05,C1501,44.0,Male,Vietnam,Hanoi,2023-06-04,VIP,Paid Ads,Beauty,4,30.97,5.0,0.0,Credit Card,Mobile,10.0,Delivered,
ORD100769,2024-08-22,C1722,18.0,Male,Singapore,Singapore,2023-01-06,New,Social Media,Fashion,2,59.76,15.0,6.99,Cash on Delivery,Desktop,11.0,Delivered,3.0
ORD101332,2024-12-21,C1749,24.0,Female,Singapore,Singapore,2022-04-18,VIP,Social Media,Sports,1,3.0,20.0,9.99,Cash on Delivery,Desktop,3.0,Delivered,3.0
ORD101685,2025-04-06,C1330,51.0,Male,Vietnam,Ho Chi Minh City,2023-10-07,New,Email,Electronics,1,209.26,10.0,0.0,Credit Card,Mobile,3.0,Delivered,
ORD100130,2024-02-23,C1054,29.0,Female,Indonesia,Jakarta,2022-11-22,Regular,Paid Ads,Electronics,3,150.7,0.0,0.0,Credit Card,Mobile,10.0,Delivered,
ORD101687,2025-04-07,C1246,22.0,Female,Malaysia,Johor Bahru,2023-08-29,Regular,Referral,Beauty,1,30.46,0.0,9.99,E-Wallet,Mobile,1.0,Delivered,4.0
ORD100871,2024-09-14,C1528,37.0,Female,Cambodia,Battambang,2023-09-28,VIP,Paid Ads,Electronics,3,291.8,5.0,0.0,Credit Card,Mobile,,Cancelled,
ORD101123,2024-11-15,C1042,27.0,Male,Thailand,Chiang Mai,2024-04-29,Regular,Referral,Home & Kitchen,1,94.65,0.0,2.99,Credit Card,Tablet,7.0,Delivered,3.0
ORD101396,2024-12-31,C1372,43.0,Female,Singapore,Singapore,2022-01-17,Regular,Paid Ads,Beauty,1,6.01,5.0,4.99,Credit Card,Desktop,4.0,Delivered,3.0
ORD100087,2024-02-05,C1585,56.0,Female,Cambodia,Battambang,2023-09-15,Regular,Organic Search,Sports,1,42.83,5.0,9.99,Cash on Delivery,Mobile,8.0,Delivered,
ORD101482,2025-01-28,C1601,28.0,Female,Cambodia,Sihanoukville,2022-12-07,New,Email,Beauty,2,11.22,25.0,4.99,Credit Card,Desktop,5.0,Delivered,
ORD100330,2024-05-03,C1146,27.0,Female,Cambodia,Phnom Penh,2022-03-19,VIP,Paid Ads,Toys,1,56.48,5.0,9.99,PayPal,Tablet,5.0,Delivered,3.0
ORD101238,2024-12-05,C1534,18.0,Male,Cambodia,Battambang,2023-11-27,Regular,Social Media,Fashion,2,27.41,5.0,6.99,E-Wallet,Desktop,1.0,Returned,
ORD100466,2024-06-06,C1169,34.0,Male,Vietnam,Hanoi,2022-01-06,New,Organic Search,Beauty,1,22.44,0.0,9.99,Cash on Delivery,Mobile,,Cancelled,
ORD100121,2024-02-18,C1234,26.0,Female,Cambodia,Sihanoukville,2022-09-25,VIP,Paid Ads,Electronics,3,261.69,10.0,0.0,Credit Card,Mobile,7.0,Delivered,3.0
ORD101638,2025-03-23,C1758,41.0,Female,Thailand,Chiang Mai,2022-11-04,New,Paid Ads,Home & Kitchen,2,100.04,15.0,0.0,,Desktop,3.0,Delivered,5.0
ORD101044,2024-11-01,C1109,18.0,Male,Vietnam,Hanoi,2022-10-16,Regular,Social Media,Electronics,2,229.59,15.0,0.0,Bank Transfer,Mobile,9.0,Delivered,2.0
ORD101724,2025-04-19,C1597,43.0,Female,Philippines,Cebu,2022-05-23,Regular,Referral,Home & Kitchen,3,-20.0,0.0,0.0,Credit Card,Tablet,4.0,Returned,2.0
ORD101095,2024-11-08,C1455,36.0,Male,Thailand,Chiang Mai,2023-08-31,VIP,Organic Search,Toys,1,25.98,30.0,6.99,Credit Card,Mobile,5.0,Delivered,4.0
ORD101130,2024-11-16,C1264,39.0,Female,Thailand,Chiang Mai,2022-02-19,New,Social Media,Fashion,3,65.45,0.0,0.0,Credit Card,Mobile,5.0,Delivered,4.0
ORD101294,2024-12-15,C1375,60.0,Female,Thailand,Chiang Mai,2024-07-20,New,Social Media,Fashion,2,60.75,10.0,0.0,E-Wallet,Desktop,,Cancelled,
ORD100860,2024-09-11,C1676,60.0,Female,Singapore,Singapore,2024-09-10,Regular,Paid Ads,Electronics,1,276.69,0.0,0.0,Cash on Delivery,Mobile,6.0,Delivered,4.0
ORD101459,2025-01-19,C1751,31.0,Female,Vietnam,Ho Chi Minh City,2024-02-08,Regular,Social Media,Fashion,3,44.9,0.0,0.0,Credit Card,Mobile,,Cancelled,
ORD101126,2024-11-15,C1356,37.0,Male,Cambodia,Sihanoukville,2023-08-09,New,Paid Ads,Fashion,1,37.68,0.0,6.99,Credit Card,Mobile,1.0,Delivered,4.0
